:020000040800F2
:1000000048A90220D1750008876E0108BD75000857
:10001000BD750008BD750008BD750008BD750008F8
:10002000000000000000000000000000D176000881
:10003000BD750008000000003D760008E1EE0008F4
:10004000E5780008E5780008E5780008E57800081C
:10005000E5780008E5780008E5780008E57800080C
:10006000E5780008E5780008E5780008E5780008FC
:10007000E5780008E5780008E5780008E5780008EC
:10008000E5780008E5780008E5780008E5780008DC
:10009000E5780008E5780008E5780008E5780008CC
:1000A000E5780008E5780008E5780008E5780008BC
:1000B000E5780008E5780008E5780008E5780008AC
:1000C000E5780008E5780008E5780008E57800089C
:1000D000E5780008E5780008E5780008E57800088C
:1000E000E5780008E5780008E5780008E57800087C
:1000F000E5780008E5780008E5780008E57800086C
:10010000E5780008E5780008E5780008E57800085B
:10011000E5780008E5780008E5780008E57800084B
:10012000E5780008E5780008E5780008E57800083B
:10013000E5780008E5780008E5780008E57800082B
:10014000E5780008E5780008E5780008E57800081B
:10015000E5780008E5780008E5780008E57800080B
:10016000E5780008E5780008E5780008E5780008FB
:10017000E5780008E5780008E5780008E5780008EB
:10018000E5780008E5780008E5780008E5780008DB
:10019000E5780008E5780008E5780008E5780008CB
:1001A000E5780008E5780008E5780008E5780008BB
:1001B000E5780008E5780008E5780008E5780008AB
:1001C000E5780008E5780008E5780008E57800089B
:1001D000E5780008E5780008E5780008E57800088B
:1001E000E5780008E5780008E5780008E57800087B
:1001F000E5780008E5780008E5780008E57800086B
:10020000E5780008E5780008E5780008E57800085A
:10021000E5780008E5780008E5780008E57800084A
:10022000E5780008E5780008E5780008E57800083A
:04023000E578000865
:10023800002902D0B0FBF1F0704708B14FF0FF3051
:1002480000F01EB80029F8D00246B0FBF1F000FB20
:1002580011217047002902D090FBF1F07047002867
:10026800C8BF6FF00040B8BF4FF0004000F008B8BA
:100278000029F4D0024690FBF1F000FB11217047F1
:10028800704700BF81F0004102E000BF83F00043E7
:1002980030B54FEA41044FEA430594EA050F08BF19
:1002A80090EA020F1FBF54EA000C55EA020C7FEADD
:1002B800645C7FEA655C00F0E2804FEA5454D4EB5A
:1002C8005555B8BF6D420CDD2C4480EA020281EA24
:1002D800030382EA000083EA010180EA020281EA5C
:1002E8000303362D88BF30BD11F0004F4FEA0131AE
:1002F8004FF4801C4CEA113102D0404261EB4101BD
:1003080013F0004F4FEA03334CEA133302D0524242
:1003180063EB430394EA050F00F0A780A4F10104FE
:10032800D5F1200E0DDB02FA0EFC22FA05F2801838
:1003380041F1000103FA0EF2801843FA05F359411E
:100348000EE0A5F120050EF1200E012A03FA0EFC9D
:1003580028BF4CF0020C43FA05F3C01851EBE371C7
:1003680001F0004507D54FF0000EDCF1000C7EEBE4
:1003780000006EEB0101B1F5801F1BD3B1F5001F22
:100388000CD349085FEA30004FEA3C0C04F1010441
:100398004FEA445212F5800F80F09A80BCF1004F6A
:1003A80008BF5FEA500C50F1000041EB045141EAEC
:1003B800050130BD5FEA4C0C404141EB0101013CB5
:1003C80028BFB1F5801FE9D291F0000F04BF0146A4
:1003D8000020B1FA81F308BF2033A3F10B03B3F176
:1003E80020020CDA0C3208DD02F1140CC2F10C0206
:1003F80001FA0CF021FA02F10CE002F11402D8BF64
:10040800C2F1200C01FA02F120FA0CFCDCBF41EA2F
:100418000C019040E41AA2BF01EB0451294330BDFE
:100428006FEA04041F3C1CDA0C340EDC04F11404DB
:10043800C4F1200220FA04F001FA02F340EA0300B2
:1004480021FA04F345EA030130BDC4F10C04C4F1F8
:10045800200220FA02F001FA04F340EA03002946D8
:1004680030BD21FA04F0294630BD94F0000F83F422
:10047800801306BF81F480110134013D4EE77FEA05
:10048800645C18BF7FEA655C29D094EA050F08BF51
:1004980090EA020F05D054EA000C04BF1946104632
:1004A80030BD91EA030F1EBF0021002030BD5FEA76
:1004B800545C05D14000494128BF41F0004130BD9E
:1004C80014F580043CBF01F5801130BD01F00045F2
:1004D80045F0FE4141F470014FF0000030BD7FEA65
:1004E800645C1ABF194610467FEA655C1CBF0B4660
:1004F800024650EA013406BF52EA033591EA030F77
:1005080041F4002130BD00BF90F0000F04BF00216E
:10051800704730B54FF4806404F132044FF00005A1
:100528004FF0000150E700BF90F0000F04BF00211A
:10053800704730B54FF4806404F1320410F0004580
:1005480048BF40424FF000013EE700BF42004FEA7B
:10055800E2014FEA31014FEA02701FBF12F07F43F8
:1005680093F07F4F81F06051704732F07F4208BFAF
:10057800704793F07F4F04BF41F40021704730B5B6
:100588004FF4607401F0004521F000411CE700BF02
:1005980050EA010208BF704730B54FF000050AE085
:1005A80050EA010208BF704730B511F0004502D586
:1005B800404261EB41014FF4806404F132045FEA88
:1005C800915C3FF4D8AE4FF003025FEADC0C18BF31
:1005D80003325FEADC0C18BF033202EBDC02C2F123
:1005E800200300FA03FC20FA02F001FA03FE40EAB5
:1005F8000E0021FA02F11444BDE600BF70B54FF0B9
:10060800FF0C4CF4E06C1CEA11541DBF1CEA135596
:1006180094EA0C0F95EA0C0F00F0DEF82C4481EAFE
:10062800030621EA4C5123EA4C5350EA013518BF1E
:1006380052EA033541F4801143F4801338D0A0FB0B
:1006480002CE4FF00005E1FB02E506F00042E0FBB8
:1006580003E54FF00006E1FB03569CF0000F18BFBE
:100668004EF0010EA4F1FF04B6F5007F64F5407466
:1006780004D25FEA4E0E6D4146EB060642EAC621F9
:1006880041EA55514FEAC52040EA5E504FEACE2E66
:10069800B4F1FD0C88BFBCF5E06F1ED8BEF1004F69
:1006A80008BF5FEA500E50F1000041EB045170BDE5
:1006B80006F0004646EA010140EA020081EA030129
:1006C800B4EB5C04C2BFD4EB0C0541EA045170BD25
:1006D80041F480114FF0000E013C00F3AB8014F19F
:1006E800360FDEBF002001F0004170BDC4F10004E8
:1006F800203C35DA0C341BDC04F11404C4F1200569
:1007080000FA05F320FA04F001FA05F240EA0200C3
:1007180001F0004221F0004110EBD37021FA04F6F9
:1007280042EB06015EEA430E08BF20EAD37070BDB3
:10073800C4F10C04C4F1200500FA04F320FA05F012
:1007480001FA04F240EA020001F0004110EBD37014
:1007580041F100015EEA430E08BF20EAD37070BD84
:10076800C4F1200500FA05F24EEA020E20FA04F35D
:1007780001FA05F243EA020321FA04F001F000410C
:1007880021FA04F220EA020000EBD3705EEA430E7D
:1007980008BF20EAD37070BD94F0000F0FD101F0AC
:1007A8000046400041EB010111F4801F08BF013CE5
:1007B800F7D041EA060195F0000F18BF704703F023
:1007C8000046520043EB030313F4801F08BF013DAA
:1007D800F7D043EA0603704794EA0C0F0CEA135566
:1007E80018BF95EA0C0F0CD050EA410618BF52EA20
:1007F8004306D1D181EA030101F000414FF0000026
:1008080070BD50EA410606BF1046194652EA430633
:1008180019D094EA0C0F02D150EA013613D195EAA7
:100828000C0F05D152EA03361CBF104619460AD1EF
:1008380081EA030101F0004141F0FE4141F47001F9
:100848004FF0000070BD41F0FE4141F4780170BDE9
:1008580070B54FF0FF0C4CF4E06C1CEA11541DBF4E
:100868001CEA135594EA0C0F95EA0C0F00F0A7F850
:10087800A4EB050481EA030E52EA03354FEA01317D
:1008880000F088804FEA03334FF0805545EA131390
:1008980043EA12634FEA022245EA111545EA106558
:1008A8004FEA00260EF000419D4208BF964244F1EF
:1008B800FD0404F5407402D25B084FEA3202B61A0E
:1008C80065EB03055B084FEA32024FF480104FF4E2
:1008D800002CB6EB020E75EB030E22BFB61A754656
:1008E80040EA0C005B084FEA3202B6EB020E75EBE9
:1008F800030E22BFB61A754640EA5C005B084FEA51
:100908003202B6EB020E75EB030E22BFB61A75461D
:1009180040EA9C005B084FEA3202B6EB020E75EB28
:10092800030E22BFB61A754640EADC0055EA060EE9
:1009380018D04FEA051545EA16754FEA06164FEA2C
:10094800C30343EA52734FEAC2025FEA1C1CC0D1D8
:1009580011F4801F0BD141EA00014FF000004FF065
:10096800004CB6E711F4801F04BF01430020B4F126
:10097800FD0C88BFBCF5E06F3FF6AFAEB5EB030CDE
:1009880004BFB6EB020C5FEA500C50F1000041EBDB
:10099800045170BD0EF0004E4EEA113114EB5C04A8
:1009A800C2BFD4EB0C0541EA045170BD41F480117B
:1009B8004FF0000E013C90E645EA060E8DE60CEA83
:1009C800135594EA0C0F08BF95EA0C0F3FF43BAFA0
:1009D80094EA0C0F0AD150EA01347FF434AF95EA57
:1009E8000C0F7FF425AF104619462CE795EA0C0F3B
:1009F80006D152EA03353FF4FDAE1046194622E708
:100A080050EA410618BF52EA43067FF4C5AE50EAE1
:100A180041047FF40DAF52EA43057FF4EBAE12E7D1
:100A28004FF0FF3C06E000BF4FF0010C02E000BFB2
:100A38004FF0010C4DF804CD4FEA410C7FEA6C5C95
:100A48004FEA430C18BF7FEA6C5C1BD001B050EA38
:100A5800410C0CBF52EA430C91EA030F02BF90EA23
:100A6800020F0020704710F1000F91EA030F58BFE2
:100A7800994208BF90422CBFD8176FEAE37040F044
:100A8800010070474FEA410C7FEA6C5C02D150EAE2
:100A9800013C07D14FEA430C7FEA6C5CD6D152EA9D
:100AA800033CD3D05DF8040B704700BF8446104662
:100AB80062468C461946634600E000BF01B5FFF761
:100AC800B7FF002848BF10F1000F01BD4DF808ED31
:100AD800FFF7F4FF0CBF012000205DF808FB00BF02
:100AE8004DF808EDFFF7EAFF34BF012000205DF85C
:100AF80008FB00BF4DF808EDFFF7E0FF94BF0120A9
:100B080000205DF808FB00BF4DF808EDFFF7CEFFA9
:100B180094BF012000205DF808FB00BF4DF808EDE8
:100B2800FFF7C4FF34BF012000205DF808FB00BFB9
:100B38004FEA410C7FEA6C5C02D150EA013C0AD1D1
:100B48004FEA430C7FEA6C5C02D152EA033C02D1C3
:100B58004FF0000070474FF0010070474FEA410224
:100B680012F5001215D211D56FF47873B3EB6252F7
:100B780012D94FEAC12343F0004343EA505311F01E
:100B8800004F23FA02F018BF404270474FF00000B0
:100B9800704750EA013005D111F0004008BF6FF0EE
:100BA800004070474FF00000704700BF4A0011D264
:100BB80012F5001211D20DD56FF47873B3EB6252AF
:100BC8000ED44FEAC12343F0004343EA505323FABB
:100BD80002F070474FF00000704750EA013002D130
:100BE8004FF0FF3070474FF0000070474FEA410266
:100BF800B2F1E04324BFB3F5001CDCF1FE5C0DD973
:100C080001F0004C4FEAC0024CEA5070B2F1004FBC
:100C180040EB830008BF20F00100704711F0804FBF
:100C280021D113F13872BCBF01F00040704741F484
:100C380080114FEA5252C2F11802C2F1200C10FA88
:100C48000CF320FA02F018BF40F001004FEAC1236C
:100C58004FEAD32303FA0CFC40EA0C0023FA02F310
:100C68004FEA4303CCE77FEA625307D150EA0133E6
:100C78001EBF4FF0FE4040F44000704701F00040B6
:100C880040F0FE4040F40000704700BF80F0004094
:100C980002E000BF81F0004142001FBF5FEA41034C
:100CA80092EA030F7FEA226C7FEA236C6AD04FEA4C
:100CB8001262D2EB1363C1BFD21841404840414091
:100CC800B8BF5B42192B88BF704710F0004F40F443
:100CD800000020F07F4018BF404211F0004F41F45F
:100CE800000121F07F4118BF494292EA030F3FD02B
:100CF800A2F1010241FA03FC10EB0C00C3F120033E
:100D080001FA03F100F0004302D5494260EB4000CC
:100D1800B0F5000F13D3B0F1807F06D340084FEA37
:100D2800310102F10102FE2A51D2B1F1004F40EB2C
:100D3800C25008BF20F0010040EA03007047490094
:100D480040EB0000013A28BFB0F5000FEDD2B0FA31
:100D580080FCACF1080CB2EB0C0200FA0CF0AABF54
:100D680000EBC25052421843BCBFD04018437047F2
:100D780092F0000F81F4000106BF80F400000132F8
:100D8800013BB5E74FEA41037FEA226C18BF7FEACF
:100D9800236C21D092EA030F04D092F0000F08BF11
:100DA8000846704790EA010F1CBF0020704712F0F8
:100DB8007F4F04D1400028BF40F00040704712F137
:100DC80000723CBF00F50000704700F0004343F09C
:100DD800FE4040F4000070477FEA226216BF0846D2
:100DE8007FEA23630146420206BF5FEA412390EA95
:100DF800010F40F4800070474FF0000304E000BF8B
:100E080010F0004348BF40425FEA000C08BF70473B
:100E180043F0964301464FF000001CE050EA0102FF
:100E280008BF70474FF000030AE000BF50EA010214
:100E380008BF704711F0004302D5404261EB410101
:100E48005FEA010C02BF84460146002043F0B64326
:100E580008BFA3F18053A3F50003BCFA8CF2083A4B
:100E6800A3EBC25310DB01FA02FC634400FA02FC54
:100E7800C2F12002BCF1004F20FA02F243EB02005B
:100E880008BF20F00100704702F1200201FA02FCBD
:100E9800C2F1200250EA4C0021FA02F243EB0200B0
:100EA80008BF20EADC7070474FF0FF3C06E000BF47
:100EB8004FF0010C02E000BF4FF0010C4DF804CDDB
:100EC8004FEA40024FEA41037FEA226C18BF7FEAEB
:100ED800236C11D001B052EA530C18BF90EA010FED
:100EE80058BFB2EB030088BFC81738BF6FEAE1707C
:100EF80018BF40F0010070477FEA226C02D15FEA18
:100F0800402C05D17FEA236CE4D15FEA412CE1D083
:100F18005DF8040B704700BF844608466146FFE74A
:100F28000FB5FFF7C9FF002848BF10F1000F0FBD2C
:100F38004DF808EDFFF7F4FF0CBF012000205DF825
:100F480008FB00BF4DF808EDFFF7EAFF34BF0120AA
:100F580000205DF808FB00BF4DF808EDFFF7E0FF43
:100F680094BF012000205DF808FB00BF4DF808ED94
:100F7800FFF7D2FF94BF012000205DF808FB00BFF7
:100F88004DF808EDFFF7C8FF34BF012000205DF8D9
:100F980008FB00BF4FEA40024FEA41037FEA226C98
:100FA80002D15FEA402C08D17FEA236C02D15FEAC4
:100FB800412C02D14FF0000070474FF001007047FC
:100FC8007BB972B90029BEBF00204FF0004106E08E
:100FD80008BF00281CBF6FF000414FF0FF30FFF73B
:100FE8004FB9ADF1080C6DE904CE002909DB002BDF
:100FF8001ADB00F0AFF8DDF804E0DDE9022304B005
:101008007047404261EB4101002B1BDB00F0A2F866
:10101800DDF804E0DDE9022304B0404261EB410160
:10102800524263EB43037047524263EB430300F0C1
:1010380091F8DDF804E0DDE9022304B0404261EBF9
:1010480041017047524263EB430300F083F8DDF837
:1010580004E0DDE9022304B0524263EB4303704726
:1010680053B94AB9002908BF00281CBF4FF0FF3107
:101078004FF0FF30FFF704B9ADF1080C6DE904CE6D
:1010880000F068F8DDF804E0DDE9022304B07047F9
:10109800D0B500220B4B06460F46FFF7AFFAFFF715
:1010A80085FD0446FFF730FA0022074BFFF7A6FA42
:1010B80002460B4630463946FFF7E8F8FFF776FD5B
:1010C8002146D0BD0000F03D0000F04110F8012B92
:1010D80011F8013B012A28BF9A42F7D0D01A70476D
:1010E800034611F8012B03F8012B002AF9D17047A8
:1010F800034613F8012B002AFBD1181A0138704750
:10110800430803F05533C01A00F03333800800F069
:10111800333018444FF0013300EB101000F00F305B
:101128005843000E704738B50022002304460D4688
:10113800FFF7D6FC28B920462946BDE83840FFF716
:10114800A7BF204605F10041FFF7A2FF404261EB2F
:10115800410138BD2DE9F04786468C460846089E71
:10116800154674461946002B40F0C1808542B2FAF4
:1011780082F245D94AB1C2F1200300FA02FC954037
:1011880094402EFA03F343EA0C0C4FEA154EA8B22A
:10119800230CBCFBFEF80EFB18CC08FB00F943EA55
:1011A8000C43994528D9EB1808F1FF3704D2994523
:1011B80002D9A8F102072B44A3EB0903A4B2B3FB9D
:1011C800FEFC0EFB1C330CFB00F044EA0344A04277
:1011D80014D92C190CF1FF3304D2A04202D9ACF176
:1011E80002032C44241A43EA07401EB1D4400023CA
:1011F80034607360BDE8F0874746DDE76346F1E792
:1012080092BB431B01214FEA154EAFB2200CB3FB32
:10121800FEFC0EFB1C330CFB07F840EA0343984521
:1012280061D9EB180CF1FF3004D2984502D9ACF122
:1012380002002B44A3EB0803A4B2B3FBFEFC0EFB95
:101248001C330CFB07F744EA0344A7424DD92C1979
:101258000CF1FF3304D2A74202D9ACF102032C44AB
:10126800E41B43EA0040C0E7C2F1200395409440E4
:1012780020FA03F12EFA03F34FEA154E9040AFB26D
:101288000343B1FBFEFC0EFB1C10190C0CFB07F80A
:1012980041EA0041884522D969180CF1FF3004D28F
:1012A800884502D9ACF102002944A1EB08019BB2A0
:1012B800B1FBFEFC0EFB1C110CFB07F743EA0143D4
:1012C8009F420ED9EB180CF1FF3104D29F4202D98C
:1012D800ACF102012B44DB1B41EA004193E7604675
:1012E800E3E76146F7E76046A4E76346B8E7834269
:1012F80006D916B9002108467CE7C6E900E0F9E7F7
:10130800B3FA83F78FB9834201D3724508D8BEEB8D
:10131800020460EB030301209C461EB9002169E723
:101328003846FAE7C6E9004CF8E7C7F1200CBB409D
:101338000EFA07F522FA0CF42EFA0CF1BA401C4307
:1013480020FA0CF3B8404FEA144901431FFA84FE0F
:10135800B3FBF9F809FB18300B0C08FB0EFA43EA4B
:1013680000439A4540D9E31808F1FF3004D29A4562
:1013780002D9A8F102002344A3EB0A0389B2B3FB04
:10138800F9F809FB183308FB0EFE41EA03418E45C4
:101398002CD9611808F1FF3304D28E4502D9A8F17F
:1013A8000203214443EA0040A1EB0E01A0FB02988E
:1013B8004145CE46434602D306D14D4504D20138B5
:1013C800B9EB020E68EB0403002EA7D0B5EB0E02B2
:1013D80061EB030101FA0CFC22FA07F3F9404CEA2D
:1013E8000303C6E9003199E74046C5E74346D9E714
:1013F8002DE9F04D012814461E468AB001F004017B
:1014080002D0042840F0B3806368002BC0F2AF809C
:101418005B4FA368BB4200F2AA8002AD002976D0D8
:10142800294604F0C7FCDDE90232B2F1004F08BFDB
:10143800002B0AD05B4262EB4202CDE90232049BE8
:1014480028465B42049304F055FC2146284615F0D3
:101458004EF8D4E900324B4999424FF004039341C6
:101468002BDADDE90203022873F1000254DB42F2B1
:1014780010720138A0FB020143F1FF3302FB031194
:1014880018F0B3FD3CA3D3E900233F4C80FB04488C
:1014980020464146FFF7E4FD0023CDE906013A4A1C
:1014A80020464146FFF7DCFD00230892012228462A
:1014B80006A9CDE9022315F01AF8DDE90248B8F1CA
:1014C800000F4FDB54EA0803049828D188BB224652
:1014D8004346684618F0A3FFDDE900AB41462046C5
:1014E80018F083FD5B465246684618F0BDFFDDE9FB
:1014F800004854EA0803F1D12EB100230022C6E9BE
:1015080000230023B36000200AB0BDE8F08D94E802
:101518000F0085E80F009CE700200146B0E74FF078
:10152800FF336FF00042904508BF9C4201D1B8429A
:101538001BD042F21073A4FB0345144A03FB08585E
:10154800C1170023FFF78CFD4FF0FF326FF0004307
:10155800241848EB0108A24273EB0801B7D21446DD
:101568009846B4E70024A046B1E71C46FBE76FF0B5
:101578001500C9E7AFF3008000CA9A3B00000000DD
:10158800FFC99A3B08FA824B40420F00A08601002F
:101598002DE9F84F8146884600232DED028B19F876
:1015A80003605A1C202E00F07A81A6F10901042953
:1015B80040F275812B2E154632D02D2E35D00424BD
:1015C80046F02003692B4DD06E2B5DD000224FF0E2
:1015D8000A0A944613461046114614F4006E59D070
:1015E80046F02007A7F1610BBBF1050F52D8573F12
:1015F800FFB2BA4553DC46F0200604F08007782E87
:1016080040F0DC80002F00F0D98050EA010A40F059
:10161800D58044F4006E4FF0100A1FFA8EFE4DE09C
:10162800042419F802609D1CCAE74424F9E719F854
:101638000520681C42F020028A4229D0A24A93421F
:1016480017D000259FED9A8BB8F1000F02D04D44BA
:10165800C8F80050B0EE480AF0EE680ABDEC028BFC
:10166800BDE8F88F9FED948B984B13F8011B002968
:10167800DDD16306E8D518EE901A18EE102A01F1AC
:10168800004343EC182BDFE79FED8D8B904BECE785
:101698000546EAE7A6F13007FFB257452DDA44F0D0
:1016A800800E14F4807F04F400761FFA8EFE0AD0B0
:1016B800002F18BF43F0010306B9013219F805607D
:1016C8007446013589E706B1013AAAFB00060AFB10
:1016D8000161381841F1000150EA0106EED0BAF173
:1016E8000A0F0CF1010C0CBF10260F26B445E5DDDE
:1016F80044F4C07E1FFA8EFEE0E7FE2F7FF47BAF36
:10170800A70558D514F080069BD050EA010605F1CC
:10171800FF3500F0C180260540F1A9803632B1F5C9
:10172800800FC0F088806B4FB1F5000F80F0888083
:10173800BA42C0F285800343084603F00306032E2D
:1017480004D003F00606062E40F08380043341F1EE
:101758000000B0F5000F7CD30132B2F5806F80F243
:10176800988000234FF4801102F2FF3221F4801197
:101778001E4641EA025747EC186BB0EE480AF0EEF5
:10178800680A13F031FD0138022804D8524B22228E
:1017980019F0D6FD1A50B0EE480AF0EE680A13F0B8
:1017A80023FD013802283FF664AF4B4B222219F083
:1017B800C7FD1A505DE744F4007E9BE71FFA87FADD
:1017C800002F6ED0BEF1000F0CBF65277027BE42F8
:1017D8009BD119F805606F1C2B2E04D02D2E24D117
:1017E80044F48064A4B219F80760A6F13007092F01
:1017F8008BD8AF1C3D4640F2D34A00274FF00A0B66
:101808005745DCBF303E0BFB076719F8056001350B
:10181800A6F1300EBEF1090FF2D9660548BF7F4226
:10182800260548BF92003A446FE7A6F1300EBEF194
:10183800090FDFD969E7001802F1FF3249416EE765
:10184800460800F00100013246EAC17649083043F3
:101858006AE7B2F5806F1CDA9B08B0F5800F4FEA93
:10186800900143EA8073BFF47FAF002280E70CEB5E
:10187800020313F5A27F09DDB3F59B7F09DA00F0B7
:101888002FF8B0EE408AF0EE608A84E79FED088B6F
:1018980081E79FED098B7EE79FED058BE9E613460F
:1018A8007DE69FED038B5546CEE600BFAFF3008083
:1018B8000000000000000000000000000000F07FB1
:1018C800000000000000F87FE35D0308E05D030806
:1018D800DD5D030802FCFFFF1400000000000000AB
:1018E8002DE9FF47804616460F46002900F0A280E2
:1018F800B1FA81F4341B002E04F10A04C0F2A2806C
:10190800304612F0A3FB0444304612F0A5FBA4EBCA
:10191800060905466946304612F0C6FBA9EB0503E1
:101928006A4640467D33394619F0A9F9A6428246EF
:101938000D4600F38380B9F13F0F00F381804FF02B
:10194800FF33A9F12000C9F1200103FA00F003FADE
:1019580009F223FA01F103FA09F3024328EA03031F
:101968000A4327EA020213430CBF01200020002D7E
:1019780000F08A80B5FA85F3E31A40F2FE7203F2AA
:101988003E43934200F38980002B23EAE376D4BFD9
:1019980001223246121BA2F23341A2F23447A2F2CC
:1019A8005344C1F1200C2AFA01F325FA04F4C7F1D3
:1019B800200E05FA0CFC25FA01F105FA0EFE43EAA1
:1019C8000C03A2F2544CA2F2544223432AFA07F41D
:1019D80025FA0CFC44EA0E0444EA0C04C7F1200C76
:1019E80014F0010F54D0A8B14FF0FF3000FA02F202
:1019F80000FA07F4144320FA0CF2B840144303F039
:101A080001022AEA000A25EA04054AEA020A5AEA11
:101A1800050A3DD0013341F10002C2F3130253EA33
:101A2800020138D0184642EA065141EC100B04B0C6
:101A3800BDE8F087B0FA80F420345BE7012096E730
:101A4800002094E7C6F10009484612F005FB241A65
:101A5800484612F001FBA61B0546694648462E4437
:101A680012F094FB6A46404606F17C03394619F0A9
:101A780006F982460D464046394612F0FDFA814580
:101A88008CBF0020012072E7BAFA8AF3203373E78B
:101A9800C1F31302C6E70136C4E79FED010BC6E7A1
:101AA800000000000000F07F2DE9F84F55EC104BC6
:101AB80025F00043B8498B4215D903F1404303F59B
:101AC800801323430BD1002D00F3128296A3D3E990
:101AD800002397A1D1E90001FEF7DAFB91E0BDE808
:101AE800F84F02F039BCAD498B4200F28E80AC4A07
:101AF800934206D890A3D3E9002391A1D1E900012C
:101B0800EAE722462B4620462946FEF777FD064699
:101B18000F468DA3D3E90023FEF770FD8CA3D3E90C
:101B28000023FEF7B5FB32463B46FEF767FD8AA366
:101B3800D3E90023FEF7AAFB32463B46FEF75EFDDB
:101B480087A3D3E90023FEF7A3FB32463B46FEF703
:101B580055FD85A3D3E90023FEF798FB32463B46A3
:101B6800FEF74CFD82A3D3E90023FEF791FB324632
:101B78003B46FEF743FD80468946304639467EA3FC
:101B8800D3E90023FEF73AFD7DA3D3E90023FEF74E
:101B98007DFB32463B46FEF731FD7BA3D3E90023AC
:101BA800FEF776FB32463B46FEF728FD78A3D3E9DD
:101BB8000023FEF76BFB32463B46FEF71FFD002273
:101BC800784BFEF765FB02460B4640464946FEF752
:101BD8003FFE22462B46FEF711FD02460B4656A154
:101BE800D1E90001FEF752FB02460B462046294682
:101BF800FEF74CFB02460B4651A1D1E90001FEF766
:101C080045FB41EC100BBDE8F88F002D80F2CE802B
:101C18000022644B20462946FEF73AFB0022624B1D
:101C2800FEF7ECFC04460D4645EC104B12F02AFB7F
:101C38002046294644A3D3E9002357EC106BFEF74E
:101C4800DDFC43A3D3E90023FEF722FB22462B4603
:101C5800FEF7D4FC40A3D3E90023FEF717FB224686
:101C68002B46FEF7CBFC3EA3D3E90023FEF710FB7F
:101C780022462B46FEF7C2FC3BA3D3E90023FEF71E
:101C880005FB22462B46FEF7B9FC39A3D3E900230E
:101C9800FEF7FEFA22462B46FEF7B0FC8046894640
:101CA8002046294634A3D3E90023FEF7A7FC34A332
:101CB800D3E90023FEF7EAFA22462B46FEF79EFCFC
:101CC80031A3D3E90023FEF7E3FA22462B46FEF7B9
:101CD80095FC2FA3D3E90023FEF7D8FA22462B461A
:101CE800FEF78CFC00222F4BFEF7D2FA02460B4679
:101CF80040464946FEF7ACFD32463B46FEF77EFCC1
:101D08000DA3D3E90023FEF7C1FA32463B46FEF79E
:101D1800BFFA02460B46FEF7BBFA02460B4604A181
:101D2800D1E900016BE700BF075C143326A6A13C8C
:101D3800182D4454FB210940075C143326A6913C16
:101D4800182D4454FB21F93F09F7FD0DE13D023FF1
:101D580088B20175E0EF493F3B8F68B52882A43F00
:101D68005544880E55C1C93F7D6FEB0312D6D43F49
:101D7800555555555555C53F82922EB1C5B8B33FF7
:101D880059018D1B6C06E63FC88A599CE52A00401C
:101D98004B2D8A1C273A0340FFFFEF3FFFFFDF3F31
:101DA8000000603C0000F03F0000E03F22462B4668
:101DB80000206749FEF76AFA0022664B0026FEF704
:101DC8001DFC04460D4645EC104B12F05BFA20460C
:101DD800294649A3D3E9002359EC108BFEF70EFCE2
:101DE80047A3D3E90023FEF753FA22462B46FEF712
:101DF80005FC45A3D3E90023FEF748FA22462B4603
:101E0800FEF7FCFB42A3D3E90023FEF741FA224682
:101E18002B46FEF7F3FB40A3D3E90023FEF736FA7F
:101E280022462B46FEF7EAFB3DA3D3E90023FEF743
:101E38002FFA22462B46FEF7E1FB82468B462046C8
:101E4800294639A3D3E90023FEF7D8FB38A3D3E901
:101E58000023FEF71BFA22462B46FEF7CFFB36A3DC
:101E6800D3E90023FEF714FA22462B46FEF7C6FBF9
:101E780033A3D3E90023FEF709FA22462B46FEF7DF
:101E8800BDFB0022324BFEF703FA02460B465046D2
:101E98005946FEF7DDFC42464B46FEF7AFFB32469D
:101EA80082468B464B4630464946FEF7A7FB02461C
:101EB8000B4620462946FEF7E9F904460D46324608
:101EC8004B4640464946FEF7E3F902460B46204694
:101ED8002946FEF7BDFC02460B4650465946FEF71A
:101EE800D7F932464B46FEF7D3F902460B46F3E5DF
:101EF8009FED150B87E600BF09F7FD0DE13D023F99
:101F080088B20175E0EF493F3B8F68B52882A43F4E
:101F18005544880E55C1C93F7D6FEB0312D6D43F97
:101F2800555555555555C53F82922EB1C5B8B33F45
:101F380059018D1B6C06E63FC88A599CE52A00406A
:101F48004B2D8A1C273A03400000000000000000C7
:101F58000000F03F0000E03F2DE9F04F55EC104B3A
:101F680025F00046C04B87B09E42019523D906F163
:101F7800404606F58016264318D120462946A0A3D8
:101F8800D3E90023FEF73AFB06460F4620462946CA
:101F98009DA3D3E90023FEF731FB02460B463046EA
:101FA8003946FEF775F904460D4618E007B0BDE856
:101FB800F04F02F0D1B9AD4B9E4200F28680B6F1E7
:101FC800795F11D22046294691A3D3E90023FEF771
:101FD8005FF90022A64BFEF7A1FD002875D045EC5D
:101FE800104B07B0BDE8F08F22462B462046294605
:101FF800FEF704FB06460F4687A3D3E90023FEF746
:10200800FDFA87A3D3E90023FEF742F932463B469F
:10201800FEF7F4FA84A3D3E90023FEF737F9324632
:102028003B46FEF7EBFA82A3D3E90023FEF730F92B
:1020380032463B46FEF7E2FA7FA3D3E90023FEF7D8
:1020480025F932463B46FEF7D9FA7DA3D3E90023AA
:10205800FEF71EF932463B46FEF7D0FA804689461F
:102068003046394678A3D3E90023FEF7C7FA78A3A8
:10207800D3E90023FEF70AF932463B46FEF7BEFADB
:1020880075A3D3E90023FEF703F932463B46FEF772
:10209800B5FA73A3D3E90023FEF7F8F832463B46B6
:1020A800FEF7ACFA0022724BFEF7F2F802460B4636
:1020B80040464946FEF7CCFB22462B46FEF79EFAE1
:1020C80002460B46204629466BE7224625F0004388
:1020D80000206749FEF7DAF80022664BFEF78EFA11
:1020E80004460D464CA3D3E90023FEF787FA4CA318
:1020F800D3E90023FEF7CCF822462B46FEF77EFAFA
:1021080049A3D3E90023FEF7C1F822462B46FEF780
:1021180075FA47A3D3E90023FEF7BAF822462B46FF
:10212800FEF76CFA44A3D3E90023FEF7AFF8224682
:102138002B46FEF763FA42A3D3E90023FEF7A8F87B
:1021480022462B46FEF75AFA3FA3D3E90023CDE9EE
:10215800020120462946FEF751FA3DA3D3E90023A0
:10216800FEF794F822462B46FEF748FA3AA3D3E93D
:102178000023FEF78DF822462B46FEF73FFA38A3D8
:10218800D3E90023FEF782F822462B46FEF736FAFB
:10219800374B0022FEF77CF845EC104BCDE90401E3
:1021A80012F070F8344B9E425BEC10AB66D9DDE957
:1021B8000423DDE90201FEF74BFB52465B46FEF7BE
:1021C8001DFA52465B46FEF763F802460B46FEF7D9
:1021D8005FF80DA3D3E90023FEF758F802460B4633
:1021E80007A1D1E90001FEF751F8019B04460D460D
:1021F800002BDFBF024601F1004314461D46EEE600
:10220800182D4454FB21F93F075C143326A6913C52
:102218009C7500883CE4377E09F7FD0DE13D023FDF
:1022280088B20175E0EF493F3B8F68B52882A43F2B
:102238005544880E55C1C93F7D6FEB0312D6D43F74
:10224800555555555555C53F82922EB1C5B8B33F22
:1022580059018D1B6C06E63FC88A599CE52A004047
:102268004B2D8A1C273A0340FFFFEF3FFFFFDF3F5C
:102278000000F03F0000E03F3233EF3F52465B463C
:1022880050465946FEF704F806460F464FF0000838
:10229800DDE90423DDE90201FEF7DAFA02460B461E
:1022A80030463946FEF7AAF9424606460F465B46CF
:1022B80040465946FEF7A2F902460B4620462946F3
:1022C800FDF7E4FF04460D4642465B465046594634
:1022D800FDF7DEFF02460B4620462946FEF7B8FA10
:1022E80002460B46FDF7D4FF02460B4612A1D1E980
:1022F8000001FDF7CBFF02460B4630463946FDF795
:10230800C5FF424604460D465B4640465946FDF722
:10231800BFFF02460B460AA1D1E90001FDF7B6FF4F
:1023280002460B4620462946FDF7B0FF02460B46FB
:1023380003A1D1E9000156E7075C143326A6913CB6
:10234800182D4454FB21E93F2DE9F84F55EC104B6B
:1023580025F00043C24AAB46934220D9C14A934272
:1023680001D80CD15CB122462B4620462946FDF700
:102378008FFF04460D4645EC104BBDE8F88FBBF1C6
:10238800000F99A3D3E9002303DD99A1D1E9000146
:10239800EDE799A1D1E90001FDF778FFE9E7B24A35
:1023A800934213D8A2F1DE7293420CD820462946F4
:1023B80093A3D3E90023FDF76BFF0022AB4BFEF795
:1023C800ADFB0028D7D14FF0FF3A28E0A84A2646AF
:1023D80025F00047934200F2BA80A2F550229342BA
:1023E80000F29C8022463B4620463946FDF750FFC6
:1023F80000229E4B4FF0000AFDF748FF04460D46A9
:1024080000224FF0804330463946FDF741FF02462F
:102418000B4620462946FEF71BFA04460D4622467F
:102428002B4620462946FEF7E9F802460B46804629
:102438008946FEF7E3F806460F4673A3D3E900235F
:10244800FEF7DCF872A3D3E90023FDF721FF32463B
:102458003B46FEF7D3F870A3D3E90023FDF718FF36
:1024680032463B46FEF7CAF86DA3D3E90023FDF7D1
:102478000FFF32463B46FEF7C1F86BA3D3E90023B2
:10248800FDF706FF32463B46FEF7B8F868A3D3E9E6
:102498000023FDF7FDFE42464B46FEF7AFF88046A7
:1024A80089463046394664A3D3E90023FEF7A6F8E7
:1024B80063A3D3E90023FDF7E9FE32463B46FEF766
:1024C8009DF861A3D3E90023FDF7E0FE32463B46C1
:1024D800FEF794F85EA3D3E90023FDF7D7FE324652
:1024E8003B46FEF78BF85CA3D3E90023FDF7CEFE4D
:1024F80032463B46FEF782F802460B4640464946BE
:10250800FDF7C6FE22462B46FEF778F8BAF1FF3FE4
:1025180002460B4646D1204629463DE70022534B4A
:1025280020463946FDF7B2FE04460D4600224F4BC1
:10253800304639464FF0010AFDF7AAFE02460B461F
:1025480020462946FEF784F904460D4667E7494ABE
:1025580093421CD20022484B20463946FDF796FE8E
:10256800002204460D46444B304639464FF0020AD5
:10257800FEF744F800223D4BFDF78AFE02460B4663
:1025880020462946FEF764F904460D4647E72246E9
:102598003B4600203949FEF75BF94FF0030A044631
:1025A8000D463CE7364B374E03EBCA0306EBCA062B
:1025B800D3E90023FDF76AFE22462B46FDF766FEA7
:1025C80002460B46D6E90001FDF760FEBBF1000F9D
:1025D80004460D46BFBF024601F1004314461D469E
:1025E800C9E600BFAFF30080075C143326A6913C10
:1025F800182D4454FB21F93F182D4454FB21F9BFF1
:102608009C7500883CE4377E11DA22E33AAD903FAE
:10261800EB0D76244B7BA93F513DD0A0660DB13F11
:102628006E204CC5CD45B73FFF8300922449C23F79
:102638000D5555555555D53F2F6C6A2C44B4A2BF3E
:102648009AFDDE522DDEAD3F6D9A74AFF2B0B33F06
:10265800711623FEC671BC3FC4EB98999999C93F7E
:10266800FFFF0F440000F07FFFFFDB3F0000F03F5B
:10267800FFFFF23F008003400000F83F0000F0BF7A
:1026880080CE0108A0CE01082DE9F84357EC116B64
:10269800734227F00042DFF8D8813546334342EAD7
:1026A800D373434551EC100B09D8444221F0004341
:1026B8008E468146044343EAD474444504D93246DD
:1026C8003B46FDF7E5FD15E007F1404404F58014AD
:1026D800344303D1BDE8F843FFF736BEBC1753EACD
:1026E800090904F0020444EAD17417D1022C05D078
:1026F800032C0AD041EC100BBDE8F88346A3D3E9BC
:10270800002347A1D1E90001DBE743A3D3E9002374
:1027180045A1D1E90001FDF7B9FDEBE715430DD15E
:10272800BEF1000F3CA3D3E9002303DA40A1D1E9AD
:102738000001F0E740A1D1E90001C2E7424524D1F8
:10274800934218D1022C34A3D3E900230BD0032CD5
:102758000DD0012C03D03AA1D1E90001B1E73AA18B
:10276800D1E90001D7E73AA1D1E90001A9E73AA1E7
:10277800D1E90001CFE7022CC0D0032CC5D0012C31
:102788004FF0000044D00021B4E74345C8D09B1A5D
:10279800B3F1747F4FEA235216DB31A3D3E9002348
:1027A80025A1D1E90001FDF773FD012C21D0022CF0
:1027B80023D0002C9ED02CA3D3E90023FDF766FD7F
:1027C80017A3D3E90023A6E7002F01DA3C320DDB7B
:1027D80032463B46FEF73CF8024621F0004343EC04
:1027E800102BFFF7B1FD51EC100BDEE700200021A4
:1027F800DBE701F1004319467CE71BA3D3E900237B
:10280800FDF744FD02460B4605A1D1E9000182E728
:102818004FF000416EE700BF59F3F8C21F6EA501E3
:10282800182D4454FB210940182D4454FB2109C09C
:10283800182D4454FB21F9BF182D4454FB21F93FAE
:10284800182D4454FB21E93F182D4454FB21E9BFBE
:10285800D221337F7CD90240D221337F7CD902C078
:10286800075C143326A6913C075C143326A6A13CCA
:102878000000F07F000000007FB58DED000B019B8C
:10288800254A23F00043934206D89FED211B07B049
:102898005DF804EB01F06CBD204A934204D907B0FF
:1028A8005DF804EB01F058BD02A801F08DF900F0C5
:1028B800030001280BD0022819D0F8B99DED041B9C
:1028C8009DED020B01F054FD53EC102B0AE09DED39
:1028D800041B9DED020B02F067F951EC100B024648
:1028E80001F1004343EC102B07B05DF804FB9DEDAC
:1028F800041B9DED020B01F03BFDEEE79DED041B73
:102908009DED020B012002F04FF9DDE7AFF30080E7
:102918000000000000000000FB21E93FFFFFEF7FFF
:102928002DE9FF4755EC104B25F00042B049EE0F5A
:102938008A4236D9AF498A4218D82046294696A3F2
:10294800D3E90023FEF7EAF8074620BB20462946CC
:1029580093A3D3E90023FEF7C3F8002800F0A28070
:10296800384604B0BDE8F04701F0C6BCC5F3130310
:102978002246234307D02B4620462946FDF788FCEC
:1029880004460D4602E0002E40F0038145EC104B52
:1029980004B0BDE8F087002004B0BDE8F04701F0BE
:1029A800BBBC954B9A4240F2A980944B9A4279D885
:1029B800934B20462946F70003EBC603C6F1010AEC
:1029C800D3E90023FDF762FC8E4B804689463B44E1
:1029D800AAEB060A93ED007B8DED007BDDE9002371
:1029E80040464946FDF752FC04460D4622462B4612
:1029F80020462946FDF702FE06460F466AA3D3E99C
:102A08000023FDF7FBFD6AA3D3E90023FDF73EFC95
:102A180032463B46FDF7F2FD67A3D3E90023FDF7F5
:102A280037FC32463B46FDF7E9FD65A3D3E90023B1
:102A3800FDF72CFC32463B46FDF7E0FD62A3D3E9E7
:102A48000023FDF725FC32463B46FDF7D7FD02463D
:102A58000B4620462946FDF719FC02460B4606465A
:102A68000F4620462946FDF7C9FDCDE90201BAF116
:102A7800000F5CD100224FF0804330463946FDF705
:102A880005FC02460B46DDE90201FDF7E1FE2246A0
:102A98002B46FDF7FBFB02460B4600205A49FDF783
:102AA800F5FB6DE7594B2046294603EBC60648A3BC
:102AB800D3E90023FDF7A2FDD6E90023FDF7E8FBE3
:102AC800FEF74CF88246FDF72FFD06460F4642A357
:102AD800D3E90023FDF792FD02460B46204629461E
:102AE800FDF7D4FB80468946304639463CA3D3E9F6
:102AF8000023FDF783FDCDE900016FE7444B9A42BF
:102B080010D82046294638A3D3E90023FDF7C0FB97
:102B180000223D4BFEF702F838B100223A4B20461E
:102B280029462BE74FF0000A60E782465EE7324607
:102B38003B4600204FF08041FDF7A8FB02460B46BC
:102B4800DDE90201FDF784FE02460B46DDE90001DE
:102B5800FDF79CFB42464B46FDF798FB0B460246A9
:102B680029490020FDF792FB0B466FF47F7106465A
:102B78008A4503DB344603EB0A5507E70AF57A7AF8
:102B88003046002203EB0A514FF0B873FDF736FDCB
:102B9800F6E600240025F9E6EF39FAFE422E8640D3
:102BA80051302DD5104987C0D0A4BE726937663E12
:102BB800F16BD2C541BDBB3E2CDE25AF6A56113F35
:102BC80093BDBE166CC1663F3E5555555555C53F1C
:102BD800FE822B654715F73F0000E0FE422EE63FD8
:102BE800763C7935EF39EA3D9C7500883CE4377EC0
:102BF800412E8640FFFFEF7F422ED63FB1A2F03F25
:102C0800D0CE0108C0CE01080000F03FE0CE010898
:102C1800FFFFEF3D00000000B0EE401AF0EE601A32
:102C28009FED010B00F034BA0000000000000040E6
:102C380051EC100BB1F5801F2DE9F04F0D4687B010
:102C480023DA21F00043034305D1012007B0BDE892
:102C5800F04F01F071BB002904DA07B0BDE8F04F6E
:102C680001F07ABBC64B0022FDF7C8FC6FF03503B4
:102C78000D46C44A95420ADD02460B46FDF708FB9D
:102C880041EC100B07B0BDE8F08F0023F1E72C15DD
:102C9800C5F31305A4F2FF341C4405F5152303F608
:102CA800647303F4801383F07F5204EB1354B64B20
:102CB80082F4401242EA05010022FDF7E7FAAB1C54
:102CC80082468B46C3F313030022022B53DC0023F6
:102CD800FDF7FCFED0B1002C00F020812046FDF766
:102CE80023FC06460F4690A3D3E90023FDF786FC94
:102CF80004460D46304639468DA3D3E90023FDF737
:102D08007DFC02460B4620462946B7E78AA3D3E94D
:102D1800002350465946FDF771FC02460B46002039
:102D28009A49FDF7B3FA06460F4652465B465046A7
:102D38005946FDF763FC02460B4630463946FDF717
:102D48005DFC06460F4614B932463B46A0E02046D5
:102D5800FDF7EAFB8046894673A3D3E90023FDF714
:102D68004DFC04460D464046494671A3D3E900236D
:102D7800FDF744FCA5E04FF08043A5F5C226FDF71A
:102D880087FA02460B4650465946C5F5D725FDF742
:102D98005FFDA6F27A465135CDE90001204635435C
:102DA800FDF7C2FBDDE90023CDE902011046194613
:102DB800FDF724FC02460B46CDE90423FDF71EFC73
:102DC800804689465EA3D3E90023FDF717FC5EA37E
:102DD800D3E90023FDF75CFA42464B46FDF70EFCAB
:102DE8005BA3D3E90023FDF753FA42464B46FDF7B0
:102DF80005FC59A3D3E90023FDF74AFADDE90423CA
:102E0800FDF7FCFB56A3D3E90023CDE904014046B6
:102E18004946FDF7F3FB54A3D3E90023FDF738FA3D
:102E280042464B46FDF7EAFB51A3D3E90023FDF7E1
:102E38002FFA42464B46FDF7E1FB02460B46DDE919
:102E48000401FDF725FA002D8046894648DD002259
:102E58004E4B50465946FDF7D1FB52465B46FDF7AF
:102E6800CDFB02460B4606460F4640464946FDF74F
:102E78000FFADDE90023FDF7C1FB8046894664B9F6
:102E880002460B4630463946FDF700FA02460B4625
:102E980050465946FDF7FAF9F2E623A3D3E9002391
:102EA800DDE90201FDF7AAFB04460D4620A3D3E99C
:102EB8000023DDE90201FDF7A1FB42464B46FDF781
:102EC800E7F902460B4630463946FDF7DFF9524628
:102ED8005B46FDF7DBF902460B4620462946D9E753
:102EE80002460B4650465946FDF7D0F9DDE9002366
:102EF800FDF784FB06460F46002C3FF425AF0AA3D6
:102F0800D3E90023DDE90201FDF778FB04460D460D
:102F180007A3D3E90023DDE9020129E79FED160B9A
:102F2800B0E600BFAFF300800000E0FE422EE63FAF
:102F3800763C7935EF39EA3D555555555555D53FC8
:102F480044523EDF12F1C23FDE03CB966446C73FD0
:102F5800599322942449D23F935555555555E53FE9
:102F68009FC678D0099AC33FAF788E1DC571CC3FF4
:102F780004FA97999999D93F0000000000000000D1
:102F880000005043FFFFEF7F0000F03F0000E03FEC
:102F98002DE9F84355EC104BB5F5801F2B4626DA82
:102FA80025F00042224304D10120BDE8F84301F096
:102FB800C3B9002D03DABDE8F84301F0CDB900220A
:102FC800314B20462946FDF719FB6FF035020446C0
:102FD8000D460B462D498B420BDD22462B462046DB
:102FE8002946FDF755F941EC100BBDE8F88300229E
:102FF800F0E71815C3F31308A0F2FF3010444FEAA6
:10300800D07900EBD070FDF78FFAC9F57F730646CB
:103018000F46033348EA035545EC104BFFF708FE0B
:103028003046394612A3D3E9002359EC108BFDF73B
:10303800E5FA04460D46404649460FA3D3E9002366
:10304800FDF7DCFA02460B4620462946FDF720F933
:1030580004460D463046394609A3D3E90023FDF757
:10306800CDFA02460B4620462946BAE7AFF3008060
:10307800362BF111F3FE593D0EE526157BCBDB3FD0
:1030880000609F501344D33F00005043FFFFEF7F81
:103098002DE9F04F91B08DED001BDDE9007B55EC7B
:1030A800104B2BF0004252EA070111D1231985F485
:1030B800002252419942864B934180F0D1802046AC
:1030C8002946DDE90023FDF7E3F804460D4618E03C
:1030D80025F000487F4BA946A44698451DD815D130
:1030E800002CECD14245EAD826D1002FE7D17A4B03
:1030F800984540F2B880BBF1000FC0F22C85DDE99D
:10310800004545EC104B11B0BDE8F08F9A4204D849
:10311800C64612D1002F00F09C8009F1404909F5FC
:10312800801959EA0C09CAD1FA198BF400235B41BA
:103138009145674A9A41C0E7C646B9F1000F2BDAB4
:10314800664B9A422DD9002F00F0BA8002262046FD
:1031580025F00041BCF1000F00F0AA824FEAD973B4
:1031680003F1FF3A5AEA060C00F0BC82B2F1844F30
:1031780040F2CF805A4CA242574A40F2D78290453B
:1031880000F2CA82BBF1000F80F2CA82002011B09F
:10319800BDE8F04F01F0C0B8002F00F08180002694
:1031A800D5E74D4B9A421AD8002FF8D1BBF1804F82
:1031B8007DD04C4B3E469B45C9D1204625F0004169
:1031C800BCF1000F40F09D80424B984540F0C78409
:1031D800012E04460D4694D101F1004591E71315DF
:1031E800A3F2FF33142B1DDDC3F1340327FA03F6D2
:1031F80006FA03F3BB4228D106F00106C6F102061F
:10320800002FA4D1BBF1804FA1D1374B98459ED850
:10321800364B98456ED922462B4620462946FDF75F
:10322800EDF952E7002F40F03C82C3F1140342FA53
:1032380003F606FA03F393422D4B1DD19A421DD093
:1032480006F00106C6F10206DCE7002FA7D13E46CC
:10325800D8E708F1404303F5801323437FF447AFD1
:103268000024234D4DE7BBF1000F80F27484DDE9A3
:10327800004303F1004544E79A42E8D1BBF1000F4F
:10328800BFF63FAF0022002320462946FDF71EFC6B
:1032980078B14FEAD97011B0BDE8F04F01F04CB8E1
:1032A800134B9A42EAD0BBF1804F40F0F0813E4682
:1032B800ABE722462B4600200D49FDF7C9FA04E783
:1032C800BBF1804F02D0074B022674E702269CE729
:1032D8000000F0FF0000F07FFFFFEF3FFFFF3F43DC
:1032E8000000F0430000E03FFFFFEF5F0000501ECA
:1032F8000000F03F5CEA080C204625F0004100F091
:1033080036844FEAD97303F1FF3A56EA0A0300F00C
:10331800E981CF4B002209EA03032BB9CD4BFDF716
:103328006DF96FF034028E464FEA2E53CEF3130E2A
:10333800A3F2FF334EF07F55134445F440150C9328
:10334800C54B9E4508DDC54B9E4540F3A6820C9BA8
:10335800A5F5801501330C930024E30029466D1070
:103368000D93BF4B45F0005503EBC40305F500254D
:1033780093ED007BCDE90A0153EC172B8DED087B0B
:10338800FCF784FF80468946DDE90A23DDE9080168
:10339800FCF77EFF02460B460020B249FDF758FABB
:1033A80002460B46CDE90E0140464946FDF726F98F
:1033B800CDE90601DDE90623CDE904230023002237
:1033C800049305EB844314461D46204629469DED8B
:1033D800047B53EC172B8DED027BFDF70FF90246AA
:1033E8000B4640464946FCF751FF80468946204631
:1033F8002946DDE90823FCF749FF02460B46DDE9CB
:103408000A01FCF743FFDDE90223FDF7F7F802465E
:103418000B4640464946FCF739FFDDE90E23FDF728
:10342800EDF8DDE90623CDE9080110461946FDF758
:10343800E5F88046894674A3D3E90023FDF7DEF852
:1034480073A3D3E90023FCF723FF42464B46FDF75D
:10345800D5F871A3D3E90023FCF71AFF42464B467F
:10346800FDF7CCF86EA3D3E90023FCF711FF424621
:103478004B46FDF7C3F86CA3D3E90023FCF708FF1C
:1034880042464B46FDF7BAF869A3D3E90023FCF797
:10349800FFFE04460D4642464B4640464946FDF768
:1034A800ADF802460B4620462946FDF7A7F8044624
:1034B8000D46DDE90223DDE90601FCF7E9FEDDE959
:1034C8000823FDF79BF822462B46FCF7E1FE04464D
:1034D8000D46DDE9022310461946FDF78FF802462E
:1034E8000B46CDE90A2300225F4BFCF7D1FE2246AA
:1034F8002B46FCF7CDFE002089468046DDE90223F5
:10350800FDF77CF80022584BCDE9020140464946B8
:10351800FCF7BCFEDDE90A23FCF7B8FE02460B46C1
:1035280020462946FCF7B2FEDDE90623FDF766F8DA
:1035380004460D4640464946DDE90823FDF75EF896
:1035480002460B4620462946FCF7A2FE04460D46D5
:1035580002460B46DDE90201FCF79AFE0020894687
:10356800804635A3D3E90023FDF748F8DDE90223B7
:10357800CDE9060140464946FCF788FE02460B465F
:1035880020462946FCF782FE2DA3D3E90023FDF748
:1035980035F804460D46404649462BA3D3E9002397
:1035A800FDF72CF802460B4620462946FCF770FE2C
:1035B8000D9A2E4B1344D3E90023FCF769FECDE99D
:1035C80008010C98FCF7B0FF0D9A294B04460D46EC
:1035D800134493ED007BDDE90601DDE908238DED59
:1035E800027BFCF755FEDDE90223FCF751FE22467B
:1035F8002B46FCF74DFE002022462B468046894686
:10360800FCF744FE36E000BFEF4E454A287ECA3F2D
:1036180065DBC9934A86CD3F01411DA96074D13F3E
:103628004D268F515555D53FFFAB6FDBB66DDB3F50
:10363800033333333333E33F000000E009C7EE3F81
:10364800FD033ADC09C7EE3FF5015B14E02F3EBEEF
:103658000000F07F000040438E98030079B60B000D
:1036680020CF01080000F03F0000084000CF01080B
:1036780010CF0108DDE90223FCF708FEDDE9062387
:10368800FCF704FE02460B46DDE90801B9E0B44B3D
:103698009B452ED145EC104B11B0BDE8F04F10F012
:1036A800F1BDBCF1000F1DD1204625F00041664652
:1036B80029F0404CAB4B9C451DD1BBF1000F05DAFE
:1036C80002460B460020A749FDF7C2F8B9F1000FE2
:1036D800BFF6FBAC08F1404808F5801858EA060820
:1036E8007FF476AD45EC104B11B0BDE8F04F00F01B
:1036F80033BE3E462BE5B8F1000F7FF42FADBBF18A
:10370800000F80F23482B9F1000F03DA731E5842B9
:103718005841C0E54046BEE5BBF1000F3FF736AD66
:10372800002011B0BDE8F04F00F0E6BD904505D28D
:10373800BBF1000F03EA0600F3DA28E5894A904551
:1037480006D9BBF1000F03EA06003FF720ADE8E712
:103758000022844BFCF79AFD04460D4672A3D3E978
:103768000023FCF74BFF72A3D3E90023CDE9020144
:1037780020462946FCF742FF00227B4BCDE9040195
:1037880020462946FCF73AFF02460B466AA1D1E9D2
:103798000001FCF77BFD22462B46FCF72FFF024673
:1037A8000B4600206E49FCF771FD8046894622468B
:1037B8002B4620462946FCF721FF02460B46404689
:1037C8004946FCF71BFF5EA3D3E90023FCF716FF6D
:1037D80002460B46DDE90401FCF758FD02460B469C
:1037E80004460D46DDE90201FCF752FD002089463A
:1037F8008046DDE90223FCF749FD02460B462046D8
:103808002946013EFCF742FD04460D4656EA0A06E3
:1038180045D09FED4D7B00265B463246B246DDE93A
:1038280000018DED027BFCF731FD42464B46FCF76B
:10383800E5FEDDE90023CDE9040120462946FCF731
:10384800DDFE02460B46DDE90401FCF721FD5B467F
:103858003246CDE9000140464946FCF7CFFE0B460B
:10386800024680468946DDE90001FCF711FD3F4B21
:1038780004460D4699428B4634DD01F13F4303F57A
:10388800E00303430ED000220023DDE90201FDF727
:1038980027F9801B18BF012079E401245DE59FED1D
:1038A8002C7BB8E72CA3D3E90023DDE90001FCF762
:1038B800EFFC06460F4642464B4620462946FCF793
:1038C800E5FC02460B4630463946FDF727F930B38A
:1038D80000220023DDE90201FDF702F9003818BFD4
:1038E800012054E421F00043214CA34244D9214B48
:1038F8000B44034309D000220023DDE90201FDF750
:10390800EFF8003818BF01200BE742464B46FCF79A
:10391800BDFCDDE90023FDF7F7F80028EBD140F204
:1039280009432DE0AFF30080000000604715F73F22
:1039380044DF5DF80BAE543E555555555555D53FAA
:10394800FE822B654715F73F000000000000F03F9E
:10395800000000000000F0BFFE822B654715973C71
:103968000000E03F0000F03F0000D03FFFFF8F4025
:10397800FFCB904000346F3F8F4A934225D91B15E7
:10398800A3F2FE334FF4801A8C48BBF1000F4AFAB9
:1039980003FA4FF00002DA44CAF30A51A1F2FF31E8
:1039A80040FA01F0C1F1140100EA0A03CAF3130A4C
:1039B80040464AF4801A4AFA01FA4946B8BFCAF1A1
:1039C800000AFCF763FC80468946002440464946C5
:1039D800DDE90023FCF75CFC0D46204666A3D3E92D
:1039E8000023FCF70BFE424606460F464B46204690
:1039F8002946FCF74BFC02460B46DDE90001FCF7C3
:103A080045FC5FA3D3E90023FCF7F8FD804689460F
:103A1800204629465CA3D3E90023FCF7EFFD0246C4
:103A28000B4640464946FCF733FC04460D46024621
:103A38000B4630463946FCF72BFC32468046894611
:103A48003B46FCF723FC02460B4620462946FCF77A
:103A58001DFC424606460F464B4640464946FCF783
:103A6800CDFD04460D464AA3D3E90023FCF7C6FD65
:103A780049A3D3E90023FCF709FC22462B46FCF7AF
:103A8800BDFD47A3D3E90023FCF702FC22462B46E1
:103A9800FCF7B4FD44A3D3E90023FCF7F7FB224667
:103AA8002B46FCF7ABFD42A3D3E90023FCF7F0FB60
:103AB80022462B46FCF7A2FD02460B4640464946E5
:103AC800FCF7E4FB04460D4602460B4640464946D1
:103AD800FCF794FD00224FF08043CDE90001204619
:103AE8002946FCF7D3FB02460B46DDE90001FCF74B
:103AF800AFFE324604460D463B4640464946FCF773
:103B08007DFD32463B46FCF7C3FB02460B4620468A
:103B18002946FCF7BBFB42464B46FCF7B7FB0B4676
:103B2800024627490020FCF7B1FB41EC100B10EED0
:103B3800903A03EB0A53B3F5801F08DA504611F0A8
:103B4800F5FA51EC100BDDE90223FFF768BB51ECE5
:103B5800100B1946F7E700240025FFF7D2BA184BD7
:103B680098453FF4B7ADB8F1000F7FF4CAAB012E0A
:103B78007FF4ABAAFFF7C5BA00000000432EE63F6A
:103B8800EF39FAFE422EE63F396CA80C615C20BE84
:103B9800D0A4BE726937663EF16BD2C541BDBB3E4B
:103BA8002CDE25AF6A56113F93BDBE166CC1663F29
:103BB8003E5555555555C53F0000E03F0000F0FF04
:103BC8000000F03F000000002DE9F04F5BEC10AB67
:103BD8002BF00048C44B8DB004469845CDF810B082
:103BE80007D80022002380ED000BC0E9022300253E
:103BF80028E0BE4B984578D8049B5046BC4D5946A2
:103C0800002BABA3D3E9002338DDFCF73FFBA84525
:103C180006460F461AD0A8A3D3E90023FCF736FBC3
:103C280002460B468046894630463946FCF72EFB4D
:103C3800A1A3D3E900230125FCF728FBC4E90089E7
:103C4800C4E9020128460DB0BDE8F08F9CA3D3E972
:103C58000023FCF71BFB06460F469BA3D3E9002372
:103C6800FCF714FB02460B46804689463046394627
:103C7800FCF70CFB94A3D3E90023DCE7FCF708FB73
:103C8800A84506460F4618D08BA3D3E90023FCF7B6
:103C9800FFFA02460B468046894630463946FCF70D
:103CA800F5FA85A3D3E90023FCF7F2FA4FF0FF35C4
:103CB800C4E90089C4E90201C4E781A3D3E9002368
:103CC800FCF7E6FA06460F467FA3D3E90023FCF784
:103CD800DFFA02460B468046894630463946FCF7ED
:103CE800D5FA79A3D3E90023DEE7824B984500F2A1
:103CF800CE802BF00047504675A3D3E90023394600
:103D0800FCF77CFC00227C4BFCF7C2FAFCF726FF90
:103D18000546FCF709FC02460B46CDE9022364A3DD
:103D2800D3E90023FCF76AFC02460B4650463946A5
:103D3800FCF7ACFA82468B465FA3D3E90023DDE9A2
:103D48000201FCF75BFC02460B4606460F4650464E
:103D58005946FCF79BFA1F2D05DC6A1E674B53F882
:103D68002230434508D14FEA28530593C1F30A533B
:103D7800C3EB1853102B02DCC4E9000139E050A34F
:103D8800D3E90023DDE90201FCF738FC06460F46BB
:103D980002460B4650465946FCF778FA02460B464F
:103DA8008046894650465946FCF770FA32463B46EB
:103DB800FCF76CFA06460F4643A3D3E90023DDE976
:103DC8000201FCF71BFC32463B46FCF75FFA024651
:103DD8000B4606460F4640464946FCF757FA059AF1
:103DE800C1F30A53D31A312B20DCC246CB46C4E9AF
:103DF8000001D4E900895046594642464B46FCF733
:103E080045FA3B463246FCF741FA049B002BC4E9CD
:103E18000201BFF617AF09F10043C4F80080A060A3
:103E2800636001F10043E3606D420BE72AA3D3E925
:103E38000023DDE90201FCF7E1FB06460F460246D6
:103E48000B4640464946FCF721FA82468B46024615
:103E58000B4640464946FCF719FA32463B46FCF702
:103E680015FA06460F461EA3D3E90023DDE9020131
:103E7800FCF7C4FB32463B46FCF708FA06460F46F9
:103E880002460B4650465946FCF700FA74E71C4BAD
:103E9800984537D952465B4650465946FCF7F6F9DD
:103EA800C4E90201C4E90001A1E600BFAFF3008044
:103EB80000004054FB21F93F3163621A61B4D03DE0
:103EC8000000601A61B4D03D7370032E8A19A33BB9
:103ED80083C8C96D305FE43F0000002E8A19A33BF8
:103EE800C14920259A837B39FB21E93F7BD90240D0
:103EF800FB21F93FFB2139410000E03F54DA01087A
:103F0800FFFFEF7F4FEA285550460DF13009A5F223
:103F18001645A8EB05514FF003080F46FCF71EFEA7
:103F2800FCF702FB02460B4650463946CDE906230C
:103F3800FCF7ACF90022204BFCF760FB0F46064665
:103F4800FCF70CFEFCF7F0FA02460B463046394601
:103F580000260027CDE90823FCF798F90022164B24
:103F6800FCF74CFBCDE90A0132463B46C24608F154
:103F7800FF3879E90201FCF7A9FD0028F4D10F4BBD
:103F88002A46214606A8019302230093534600F0CF
:103F9800AFFA049B0546002BBFF654AED4E90021C6
:103FA80001F10043C4E90023D4E9022101F10043EF
:103FB800C4E9022338E700BF00007041D4DA0108E1
:103FC8007FB58DED000B019B254A23F000439342FA
:103FD80007D800209FED201B07B05DF804EB00F028
:103FE800E3BD204A934204D907B05DF804EB00F022
:103FF800B3B902A8FFF7E8FD00F00300012810D0CC
:10400800022815D008BB01209DED041B9DED020B75
:1040180000F0CAFD53EC102B43EC102B07B05DF8F1
:1040280004FB9DED041B9DED020B00F0A1F9F1E7E7
:104038009DED041B9DED020B012000F0B5FD51EC38
:10404800100B024601F10043E6E79DED041B9DEDD0
:10405800020B00F08DF9F2E70000000000000000FC
:10406800FB21E93FFFFFEF7F7FB58DED000B019B43
:10407800154A23F00043934207D801209FED101BF7
:1040880007B05DF804EB00F047BE104A934204D92C
:1040980007B05DF804EB00F05FB902A8FFF794FDE4
:1040A800400000F002009DED041BC0F101009DEDF1
:1040B800020B00F031FE07B05DF804FBAFF300809F
:1040C8000000000000000000FB21E93FFFFFEF7F38
:1040D80010EE103A33F0004210B52DED028B06D1E8
:1040E8000120BDEC028BBDE8104011F0A3B8002BF5
:1040F80005DABDEC028BBDE8104011F0A9B8B3F1A8
:10410800FF4F06DB30EE008AB0EE480ABDEC028BAA
:1041180010BDB3F5000F6049BBBFDFED607A6FF0EB
:104128001802002260EE277AB8BF17EE903AF7EE31
:10413800007ADC15C3F316037F3C1944144401F4D8
:10414800000282F07E5204EBD15403F10F011A43AE
:1041580007EE102A524A0A4037EE678AB2BBB5EE1C
:10416800408AF1EE10FA0FD1002C00F08C8007EE97
:10417800904A9FED4C0A9FED4C7AF8EEE77A27EECD
:10418800808A07EE878ABFE741A1D1E90001FCF7E1
:104198002DFDB6EE007A07EE900A07EEC87A68EEB3
:1041A800087A27EE277A14B938EE478AACE707EE83
:1041B800904ADFED3C6AF8EEE77A07EEE67A37EEEA
:1041C800488A9FED397A17EE878A9DE7F0EE007AE4
:1041D8009FED365ADFED364A364A78EE277A1A448A
:1041E800C3F5571388EE276A07EE904A03F5227342
:1041F8001343F8EEE76ADFED307A002B66EE065AD5
:1042080025EEA57A07EE275ADFED2C7A45EE077AD8
:104218009FED2B5A07EE875ADFED2A7A47EE274A99
:10422800DFED297A44EE877A67EE877A45EE257ABC
:104238001ADDB6EE007A28EE077A27EE087A77EECE
:10424800877A67EE867A14B937EE677AACE79FED1E
:10425800156A46EE867A37EE677A37EE488ADFEDDA
:10426800127A16EEA78A4FE778EE677A67EE867AB3
:1042780014B938EE678A47E79FED0A7A46EEC77A9F
:1042880037EEC88AEBE79FED118A3DE7AFF3008070
:10429800555555555555D53F20FB4A000000004C53
:1042A800F0FF7F00D1F717378071313F25333A3E51
:1042B800298E633E305CCFFF9788173E2549923E92
:1042C800ABAA2A3F4FD01C3ECDCCCC3E000000000C
:1042D80008B5FEF7ADFC06A3D3E9002351EC100B9B
:1042E800FCF7B6FA41EC100B08BD00BFAFF3008035
:1042F800EF39FAFE422EE63F10B19FED030B7047EF
:104308009FED030B704700BF000000000000008015
:10431800000000000000000010B19FED030B704783
:104328009FED030B704700BF000000000000F0FF86
:10433800000000000000F07F10B19FED030B7047F4
:104348009FED030B704700BF000000000000F0FF66
:10435800000000000000F07F08B510F045FF9FED59
:10436800020B08BDAFF30080000000000000F87FDA
:104378002DE9F74F59EC108B29F00046B6F1795F1B
:104388008DED001BC0F0888042464B4640464946AA
:10439800FCF734F904460D4600224F4BFCF72EF982
:1043A80082468B46204629463DA3D3E90023FCF7E5
:1043B80025F93DA3D3E90023FBF76AFF22462B46E4
:1043C800FCF71CF93AA3D3E90023FBF75FFF224669
:1043D8002B46FCF713F938A3D3E90023FBF758FF62
:1043E80022462B46FCF70AF935A3D3E90023FBF74D
:1043F8004DFF22462B46FCF701F933A3D3E90023EE
:10440800FBF746FF22462B46FCF7F8F822462B46D8
:10441800FCF7F4F804460D4640464946DDE900231A
:10442800FCF7ECF80B46024629462046FBF72EFF20
:104438002A4B804689469E4210D802460B46504673
:104448005946FBF723FF02460B4600202449FBF799
:104458001DFF41EC100B03B0BDE8F08F214B002489
:1044680000201F499E42224694BFA6F500151E4D06
:104478002B46FBF70BFF224606460F462B465046B7
:104488005946FBF703FF42464B46FBF7FFFE024641
:104498000B4630463946DAE79FED0D0BDBE700BFE8
:1044A800D43888BEE9FAA8BDC4B1B4BD9EEE213E99
:1044B800AD529C804F7E923E9015CB19A001FA3EDA
:1044C8007751C1166CC1563F4C5555555555A53FAA
:1044D800000000000000F03F0000E03F3233D33F0F
:1044E8000000F03F0000E93F0000D23F000000005C
:1044F8002DE9F04F2DED028BADF51B7D12F1140F58
:104508004FF000050993A8BFD41EBD4BB8BF0024C7
:10451800019122AEA6990A9053F821300493099B81
:1045280003F1FF330693A4BF182394FBF3F46FF051
:10453800170304FB033303EB020B049B069A03EBFC
:104548000208A71AA79B9FEDAA8B03EB870945458D
:1045580013DD22AA099B0DF5E47A4FF0000802EB5F
:10456800C305049B984530DCDDF828902F460026CB
:104578009FED9F7B8DED027B1BE0EF4207D459F83E
:104588002500FBF7D1FF0135E6E80201DFE751EC32
:10459800180BF8E7D7E90023F9E802010136FCF720
:1045A8002DF802460B46DDE90201FBF771FECDE965
:1045B8000201069B083F9E42ECDD08F10108083520
:1045C8009DED027BAAEC027BCBE7049B0EAADDF8EB
:1045D800109002EB83030C93A79B03EB84030B93CC
:1045E8004FEAC9030DF1380A4F460D939AABD046EE
:1045F80003EBC90313ED287B72AB03EBC9068DED02
:10460800027B002FA6F1080677DC58469DED020BC9
:1046180010F08CFD00224FF07F5355EC104B2046D4
:104628002946FBF7EBFF41EC100B11F007FB0022CA
:10463800744B51EC100BFBF7E1FF02460B4620468A
:104648002946FBF723FE0D460446FCF787FA089037
:10465800FBF76AFF02460B4620462946FBF716FE83
:10466800BBF1000F06460F466BDD09F1FF310EABBB
:10467800CBF11800089C53F8213043FA00F2144497
:1046880082409B1A0EAA089442F82130CBF11702F7
:1046980013410293029B002B62DD089B00226FF0FE
:1046A8007F40013314460893914500F3B780BBF16E
:1046B800000F07DDBBF1010F00F0C980BBF1020F4D
:1046C80000F0D080029B022B4AD132463B460020A4
:1046D8004D49FBF7DBFD06460F46002C40D05846F7
:1046E8009FED450B10F022FD3046394653EC102B58
:1046F800FBF7CCFD06460F4632E00022434B013F54
:10470800DDE90201FBF77AFFFCF728FAFBF70CFF5B
:1047180000223F4B04460D46FBF770FF02460B464E
:10472800DDE90201FBF7B2FDFCF718FA294648F863
:10473800040B2046D6E90023FBF7AAFDCDE90201C8
:104748005FE706D109F1FF330EAA52F82330DB15D3
:104758009FE700222F4BFCF7D7F9002843D102909E
:104768000022002330463946FCF7B0F9002800F053
:10477800CB8009F1FF33002204998B427ADA002AB0
:1047880000F0958009F1FF390EABABF1180B53F827
:104798002930002BF6D058464E464FF0000ADFF875
:1047A8006CB09FED150B10F0C1FC09F1010372AA62
:1047B8004FEAC30802EBC30755EC104B002E80F2FA
:1047C800DB804C46002CC0F20981134B4FF0000AE5
:1047D8004FF0000B00261F4672ABA9EB040503EB54
:1047E800C4030693EEE00223029356E7AFF300807A
:1047F8000000000000000000000000000000F03F82
:1048080094DF0108000020400000F03F0000703EE7
:10481800000070410000E03F30CF0108514651F8D8
:10482800043B54B96BB10132C3F18073914541F82F
:10483800043C0ADD0B680AF10801C31A41F8043C7C
:10484800012301328A461C462EE701242FE709F18D
:10485800FF320EAB53F82230C3F316030EA941F80A
:1048680022302FE709F1FF320EAB53F82230C3F3A1
:104878001503F3E70EA951F82310013B0A437BE720
:10488800013453F8042D002AFAD00D9B22AA09F10D
:1048980001074C4403F51A730DEB0305099B4B44C0
:1048A800983D02EBC306BC4204DAA14698E60C9B8D
:1048B8000124E6E70B9B4FF0000853F82700FBF7AD
:1048C80033FEDDF828909FEDAC7BE6E80201B246A6
:1048D8008DED027B069B984505DD01379DED027B3A
:1048E800A5EC027BDFE77AE90223F9E80201FBF78E
:1048F80085FE02460B4608F10108DDE90201FBF7D7
:10490800C7FCCDE90201E5E7CBF1000047EC106BED
:1049180010F00CFC00229A4B55EC104B204629460F
:10492800FCF7F2F800B30022964B20462946FBF725
:1049380065FE0BF1180BFCF711F90646FBF7F4FDC1
:1049480000228F4BFBF75AFE0B46024629462046AB
:10495800FBF79CFCFCF702F90EAB43F8290009F1C0
:10496800010943F8296016E720462946FCF7F6F8BE
:104978000EAB43F829000EE70EAB53F82600013EB4
:10498800FBF7D2FD22462B46FBF738FE52465B4624
:1049980067E9020120462946FBF730FE04460D462A
:1049A8000CE706990136F1E802230691F7E80201BF
:1049B800FBF724FE02460B4650465946FBF768FCB7
:1049C80082468B46049B9E4201DCB542E9DA4AAB3B
:1049D800013C03EBC505C5E900ABF3E6A69B022B3A
:1049E8000BDC002B38DC5AD0089B03F007000DF5D0
:1049F8001B7DBDEC028BBDE8F08FA69B032BF3D18A
:104A080008F51A73CA460DEB0304A4F5A4742546E9
:104A1800BAF1000FA5F1080567DC4D46012DA4F198
:104A2800080400F383804AAB0020002103EB08044C
:104A3800B9F1010F00F39880029BDDE94A78DDE9BE
:104A48004C56002B40F0A080019BC3E90078C3E9D5
:104A58000256C3E90401C7E74AAB4C4600200021CF
:104A68009844002C32DA029B002B35D0024601F123
:104A78000043019C4CADC4E90023012402460B46C7
:104A8800DDE94A01FBF702FCA14528DA029B13B1D4
:104A980001F100431946019BC3E90201A4E74AABAF
:104AA800002000219844B9F1000F08DA029B13B1E5
:104AB80001F100431946019BC3E9000194E778E935
:104AC800022309F1FF39FBF7E3FBECE778E902235E
:104AD800013CFBF7DDFBC4E702460B46C9E7F5E8F6
:104AE80002230134FBF7D4FBCEE795ED007B0AF1F6
:104AF800FF3A8DED047B95ED027BDDE9040153EC73
:104B0800172B8DED067BFBF7C3FB02460B460646CB
:104B18000F46DDE90401FBF7B9FBDDE90623FBF7E6
:104B2800B7FBC5E90067C5E9020171E794ED007BB1
:104B3800D4E902AB013D52465B4651EC170B8DEDB3
:104B4800047BFBF7A5FB02460B4606460F46DDE94C
:104B58000401FBF79BFB52465B46FBF799FBC4E954
:104B68000067C4E9020159E774E9022309F1FF3932
:104B7800FBF78EFB5CE700BF0000000000000000B0
:104B8800000070410000703E019B08F10044019A4A
:104B98001F605C609D6006F100431061D36001F105
:104BA8000043536120E700BF2DE9F04F5BEC10ABE9
:104BB8002BF0004385B08046B3F1795F8DED001B83
:104BC80004D205B0BDE8F04F16F0B9BB52465B46BB
:104BD80050465946FBF712FD04460D4602460B4661
:104BE80050465946FBF70AFD06460F462046294619
:104BF8003CA3D3E90023FBF701FD3CA3D3E9002341
:104C0800FBF744FB22462B46FBF7F8FC39A3D3E914
:104C18000023FBF73DFB22462B46FBF7EFFC37A3AF
:104C2800D3E90023FBF732FB22462B46FBF7E6FCD1
:104C380034A3D3E90023FBF72BFBCDE90201B8F13C
:104C4800000F17D102460B4620462946FBF7D6FC33
:104C58002EA3D3E90023FBF719FB32463B46FBF7AB
:104C6800CDFC52465B46FBF713FB41EC100B05B03D
:104C7800BDE8F08F00221A4BDDE90001FBF7BEFC0E
:104C88008046894630463946DDE90223FBF7B6FC03
:104C980002460B4640464946FBF7F8FA22462B46A1
:104CA800FBF7ACFCDDE90023FBF7F0FA04460D4600
:104CB8003046394608A3D3E90023FBF79FFC024698
:104CC8000B4620462946FBF7E1FA02460B465046BA
:104CD8005946FBF7DBFAC8E7495555555555C5BF41
:104CE8000000E03F7CD5CF5A3AD9E53DEB9C2B8AB2
:104CF800E6E55A3E7DFEB157E31DC73ED561C119B1
:104D0800A0012A3FA6F810111111813F49555555A8
:104D18005555C53F000000002DE9F04F5BEC10AB86
:104D28002BF00047D84B89B006469F42CDF808B013
:104D380059EC118B59D850465946FBF70FFF0546D9
:104D4800002878D1731C51460B433B430CD1524683
:104D58003B460020CD49FBF77BFD82468B464BEC5A
:104D680010AB09B0BDE8F08F012EF8D042464B4693
:104D780050465946FBF78CFA02460B460F46002070
:104D8800C349FBF765FD2E462C46CDE90001DDE958
:104D98000023304652461D4639465B46FBF776FAF5
:104DA80002460B4640464946FBF770FA32462B4608
:104DB800FBF724FC324682468B462B463046394662
:104DC800FBF71CFC0022B14BFBF762FA02460B46CC
:104DD80050465946FBF75CFADDE90023FBF70EFC69
:104DE80022462B46FBF754FAB7E7AA4B9F4222D933
:104DF800029B002B05DA0BF100439B4609F10043A7
:104E0800994652465B4682A1D1E90001FBF73EFA7A
:104E180004460D4642464B464FF000084FF0000945
:104E28007DA1D1E90001FBF731FA22462B46FBF7B9
:104E38002FFA82468B4652465B4650465946FBF748
:104E4800DDFB02460B46CDE90023FBF7D7FB044602
:104E58000D4650465946DDE90023FBF7CFFB70A30A
:104E6800D3E90023CDE9040120462946FBF7C6FB18
:104E78006DA3D3E90023FBF70BFA22462B46FBF779
:104E8800BDFB6BA3D3E90023FBF702FA22462B46AE
:104E9800FBF7B4FB68A3D3E90023FBF7F9F9224633
:104EA8002B46FBF7ABFB66A3D3E90023FBF7F0F92E
:104EB80022462B46FBF7A2FB63A3D3E90023FBF7AB
:104EC800E7F9DDE90023FBF799FB61A3D3E90023A8
:104ED800CDE9060120462946FBF790FB5EA3D3E9FE
:104EE8000023FBF7D5F922462B46FBF787FB5CA38B
:104EF800D3E90023FBF7CCF922462B46FBF77EFBD0
:104F080059A3D3E90023FBF7C3F922462B46FBF745
:104F180075FB57A3D3E90023FBF7BAF922462B46C2
:104F2800FBF76CFB54A3D3E90023FBF7B1F9024666
:104F38000B46DDE90601FBF7ABF9DDE90423FBF7D6
:104F48005DFB42464B46FBF7A3F9DDE90023FBF77F
:104F580055FB42464B46FBF79BF904460D4648A3D2
:104F6800D3E90023DDE90401FBF748FB22462B4681
:104F7800FBF78EF90B460246CDE90001504659462B
:104F8800FBF786F9434B04460D469F4240F2848066
:104F98003046FBF7C9FA2246804689462B4620460A
:104FA8002946FBF72BFB06460F4642464B46204652
:104FB8002946FBF76DF902460B4630463946FBF7A2
:104FC80047FCDDE90023FBF761F902460B46504632
:104FD8005946FBF75BF902460B46FBF759F90246BF
:104FE8000B4640464946FBF751F9029B04460D46DD
:104FF8004FEAA37A0AF0020ACAF10100FBF794FA11
:1050080002460B4620462946FBF7F8FAA5E600BFFC
:10501800182D4454FB21E93F075C143326A6813C34
:10502800D47ABF74702AFB3EE9A7F0320FB8123F5A
:1050380068108D1AF726303F1583E0FEC8DB573F0E
:1050480093846EE9E326823FFE41B31BBAA1AB3FCE
:10505800735360DBCB75F3BEA69237A0887E143FEE
:105068000165F2F2D844433F280356C9226D6D3FCB
:1050780037D60684F464963F7AFE10111111C13FA9
:10508800635555555555D53FFFFF2F3E0000F03F5E
:105098000000F0BF2794E53F012E33D04FF0000801
:1050A800894602460B46002018494446CDE9028944
:1050B800FBF7CEFB52460F465B4606460D4640467A
:1050C8004946FBF7E3F802460B46DDE90001FBF72A
:1050D800DDF842463B46FBF791FA424682468B464C
:1050E8003B4640464946FBF789FA0022084BFBF746
:1050F800CFF802460B4650465946FBF7C9F83246E8
:105108003B466BE682468B4629E600BF0000F0BFAF
:105118000000F03F30B5104A136803F07043136085
:10512800C9B10E49956911F8103001EB40014C786E
:10513800012101FA03F0284304F1100501FA05F5ED
:10514800284390618B408C40106801FA03F3A1401A
:105158000B430343136030BD0014024244E00108CE
:1051680038B5304B304C1B78002B4CD02F4A236875
:105178002F4DD35C2F4ADB0012781341072B0BD835
:10518800DFE803F00416232E363E3E3E2A4A236803
:10519800136803F0704313602B6801332B60682297
:1051A8002368013393FBF2F102FB1133236038BD0E
:1051B80017232068296891FBF3F203FB1211B1FA57
:1051C80081F14909FFF7A6FFE6E70F232068296860
:1051D80091FBF3F3C3EB0313CB1A59425941F1E79F
:1051E80005232068296891FBF3F303EB8303F3E7B6
:1051F80003232068296891FBF3F303EB4303EBE7F0
:1052080001212068DEE7206822680C492368D21053
:10521800895C03F00703194101F00101FFF77AFFE8
:10522800BDE700BFDC1F0020F4160020A0110020FD
:10523800F016002034030020001402420812002057
:1052480030B5284B85B002AD044693E8030085E8E5
:105258000300254802698168136823F0040313607A
:105268000B684FF4003202219847204B0220D3F8F4
:10527800A82042F00202C3F8A820D3F8A82002F020
:1052880002020092009AD3F8A82042F48012C3F8D0
:10529800A820D3F8A83003F480130193019B09F0E8
:1052A8001DFF09F03DFF34B92146284610F01BFDCB
:1052B800002005B030BD0121284610F014FD052C52
:1052C800F6D0023CE4B2022C96BF094B3020185DA0
:1052D80009F0FAFE09F00CFF0446002009F0FEFE72
:1052E8002046E6E7C8CB01084CB60108000C024688
:1052F80030E0010803460A4A30B500F108051446B3
:1053080018685968083303C4AB422246F7D1002213
:10531800186820601B792371024B1A7030BD00BFDA
:1053280008120020DC1F00200146682208B5034847
:1053380015F0A7FE0122024B1A7008BDA01100202B
:10534800DC1F0020014B1870704700BF3403002099
:1053580030B585B0154CA56820462B6898472B6B4F
:105368006268D3B1204698470A210023104AA0FB5F
:105378000101FBF775FE0F4B009001930023CDF858
:1053880008D00393A368009962681268914206D90D
:10539800094811F0E0F805B030BD5068E4E7694607
:1053A800DB69024898470028F5D0F1E70CB70108F7
:1053B80040420F00695100080CE001080148836869
:1053C8005B6818470CB7010813B507480469836878
:1053D80001A95B68984720B9236801985840C0F331
:1053E800403002B010BD00BF8CB501082DE9F04176
:1053F800ADF51A7D02A9032001F00CFA014630B17F
:10540800614811F0A8F80DF51A7DBDE8F081102368
:10541800029807AA11F02FFC014608B15B48F0E793
:105428009DF82330012B05D142F24132BDF82810F6
:10543800914203D0564811F08EF800230022554EB1
:105448003260554A1168BA2907BF544CD2E901584D
:105458004AF2503848F698651ABF514F514C2F19E7
:105468001BB19DF82A305A073BD40D2100234E4822
:105478008DF814100490ADF8163002698368019312
:10548800136823F400531360019B484A1B6898472C
:105498004FF4FA60002114F0A8FD04A8FFF794FF68
:1054A800D8B9FFF755FF0820FFF74CFF04A8FFF70E
:1054B8008BFF38B34146384610F02CFC002164229B
:1054C8000CA80B9115F004FE0BA8FFF72DFF002187
:1054D800642014F08AFDFFF771FF9DF82A301B073E
:1054E8001AD49DF82A40099D14F0020418D03048B7
:1054F800304B816898474FF0FF314FF0FF3014F080
:1055080074FDF8E72946204610F004FCCEE74FF476
:105518007A70002114F069FD3368002BF7D0E0E7BA
:1055280021464FF40F720BA815F0D2FD224B4FF015
:1055380001620C93214BCDE904440D93204BCDE936
:1055480097250E9301231F498DF840308DF81030B0
:1055580003AA04AB0BA8069402F096FB044610B10C
:10556800014619484DE7039818498C3002F05EFB54
:10557800014618B9164810F0EEFF44E72246039892
:1055880002F0E4FB3FE700BF0FEA010831EA010837
:105598004FEA01080064034000000D0810000D08E0
:1055A800A2EA0108F28D02088CB50108200001006A
:1055B8005811002011001008C7700108F170010887
:1055C80005710108BAE5010866EA0108201E03080A
:1055D80084EA01087FB50BAB05930393054B0222C0
:1055E800029300231846CDE9003300F087FE07B088
:1055F8005DF804FB8A1C03082DE9F04F91B0009375
:1056080002F004030293C2F3C20301338407054680
:105618000E46DDF868800392059340F0BB81041DB7
:1056280030B1072909D86FF01B0011B0BDE8F08F21
:1056380001F007063444C6F10806009B4FF0000944
:105648004FF0040A591E4FF0FF334F460193CB46E3
:105658005346CDF810900DB10098206005980028A9
:1056680000F3E8809848009A824203D39748824220
:10567800C0F0E080039AA4EB050E92074FEA9E0063
:1056880000F103810F2F00F2B180002D00F0058199
:1056980007F140020DEB020C019A0CF8200C0CF8F3
:1056A800102C049801300490E7E07A285DD84B2844
:1056B8000ED8472859D829282DD8252852D054D86B
:1056C80020287AD02338D0F1000B4BEB000B74E084
:1056D8004C382E2849D8DFE800F070484848484838
:1056E8004848484848484B4848484848484848591E
:1056F800484B4B595959704B6D487048184B1848CE
:1057080048827F4B48484B487F0000204FF0000BF1
:105718004FF0040A38E001222A38C0B202FA00F039
:1057280010EA0E0F49D110F0625C2FD110EA020B7B
:1057380043D06046013C5444B4FBFAF40AFB04F439
:10574800002D61D0A3EB050CA444B4453FF66BAF24
:10575800002868D1042B47D158F8043B2360042360
:1057680004342AE0019A013A01924FF0000B24E038
:1057780011F8010C6C2834D1002011F8023C834642
:105788006C2BC5D14FF0080A5346D3E708F1070838
:1057980028F00708073424F00704F8E802AB35B10D
:1057A80006982044B0423FF63EAFC4E900AB4FF044
:1057B800000B08344FF0080A534611F8010F00286F
:1057C80078D0BBF1000F7FF470AF2528F5D14FF0EA
:1057D800010B019B013301934FF0040AECE7584693
:1057E80094E700208346A5E7082B02D06FF0150048
:1057F8001BE708F1070828F00708B8EC027B84EDDE
:10580800007B08230834D8E768B9042B02D108F1D3
:105818000408A4E7082BE9D108F1070828F00708CD
:1058280008F10808EDE705980138059058F8040BC9
:10583800009010E7039A900720D54FF0010CA4EBD5
:10584800050E4FEA9E00BEF5007FCFD20F2FCDD8B0
:10585800F5B107F140020DEB020E019AC0B20EF845
:10586800200C0EF8102CBCF1000F3FF41AAF60F0BA
:105878007F000EF8200C09F101090137C5F1080273
:105888004FF6DA7E0434069297E74FF0000CDAE719
:10589800BCF1000F01D00136EFE7029A0236002A68
:1058A800EBD10098CDE90631FBF722FCDDE90631A2
:1058B8000644E2E7631BB3F5806F97D245B9A6F1BA
:1058C8000804E018B1E600BF5CB30108105E0308E5
:1058D800029A9B0828602B709DF81030C2B1EB70BB
:1058E80085F80290B9F1000F05D0002208A8C5F18B
:1058F800010C97420ED14FF0000AC5F101030DF1DA
:10590800200801930DF1300B574512D1601B8CE62E
:105918006B70E5E710F8013B190608D50CEB040E8F
:10592800B64503F07F033FF67EAE04F8013B013233
:10593800DFE7B9F1000F03D098F90020002A17DB40
:10594800029BD3B11AF80B2004F8012B0022019B0B
:1059580018191044B0423FF666AE98F80000009956
:1059680004F8010B2046039215F08BFB039A1444AC
:105978000AF1010A08F10108C6E798F8002055F86D
:1059880022300093029B009845F82230FBF7B0FBC9
:10599800421CDCE76FF00D0047E600BF2DE9F04F31
:1059A8009BB0DDF890B00993CBF3C00304461646CC
:1059B800884690F802A00B9341B9457800780AEB25
:1059C80080002044454516D8A0EB0408E3780A93E4
:1059D800BAF1000F02D01BF0010F15D10A9B002B62
:1059E80039D11EB141462046099AB0474546284656
:1059F8001BB0BDE8F08F471C3846FBF779FB013038
:105A0800384408F10108DDE72278636806920893B4
:105A1800069B92000C9204EB8301002E40F0E2807A
:105A28000F460026454601EB0A08474522D017F8DD
:105A3800013B069154F82300FBF75AFB259B069976
:105A4800013033B1269B9E423EBF259B23F81600AA
:105A580001360544E9E71BF0020FC2D023781F4640
:105A680006939B000C93636804EB87010893002E50
:105A780051D145461BF0050F01EB0A070CBF4FF04B
:105A8800020A4FF0010A0A9B07EB43090BF00203D5
:105A980006934F45ABD017F8021B17F8013C54F892
:105AA8002380904B984502D38F4B984514D30B9B7A
:105AB800FBB1089810F0F6FCD8B1089B0491039349
:105AC8008A4B02220293002389491846CDE9003304
:105AD800FFF780FD023DDCE70B9B23B1089810F02F
:105AE800E1FC0028E9D11BF0010F05D1A5EB0A055F
:105AF800CFE7069B002BCCD04046FBF7F9FA259B55
:105B08003BB1269B9E423FBF259A431C22F8163084
:105B180001360544BDE7BAF1000F67D01BF0040752
:105B280067D057464FF0000916A85246079115F05E
:105B3800A8FA079901EB0A0307930A9B0A9A5B00E4
:105B48000E93079B03EB42030D930BF002030F9395
:105B58000D9B079A93424ED163781BF0020F18BF32
:105B6800002103EB090208BF79081BF0010FD2B22C
:105B780040F08A801BF0040F14BF38460020627082
:105B8800A070E1702046099A0C990893B047051E49
:105B9800FFF62DAF069B39462370089B099A637060
:105BA8000A9B84F802A0E37016A8B047071EC0F24B
:105BB80095800C9BA8EB0A01C91A0E9B099A0798B5
:105BC800C91AB0470028C0F28B804FF000082F4454
:105BD8003D180DF1480BC14558D80021099A0846CF
:105BE800B04704E7D146002712A89EE75746D1469A
:105BF800A0E7B9469EE7079B13F8021B13F8015C60
:105C0800079354F82520374B9A4202D3364B9A42D1
:105C180017D30B9B23B1089810F044FC002897D1A8
:105C28000F9BCBB907F168037A1C0DEB03001AAB85
:105C3800023753FA82F200F8101CFFB202F8105C27
:105C480086E70B9B2BB1089810F02CFC00287FF4FA
:105C58007FAF1BF0010F0AD009F1680309F10102B7
:105C68000DEB030909F8205C5FFA82F970E71BF075
:105C7800040F3FF46DAF07F168037A1C0DEB0307BF
:105C880007F8105CD7B263E7002078E718F80B3004
:105C980054F823A08DF84730259BEBB1269B9845F7
:105CA8001AD2259B33F818700121099A0DF1470083
:105CB800B047002814DB054427B95046FBF718FA0B
:105CC800471CBFB239465046099AB047002807DB3F
:105CD800054408F101087EE70027E5E73D4686E62A
:105CE800054684E65CB30108105E03088A1C0308B5
:105CF80054BB010870B5224B82689A4215DDD0E981
:105D08000016013392FBF3F3012976F100054FEAFF
:105D1800E37422DAC91844EB0604C0E900141949EF
:105D280001FB03238360012070BD002AFBDAB2F176
:105D3800004F1EBF14499B1AB3FBF1F3D0E9004191
:105D480008BF032300294FEAE3760FDA01F1004583
:105D58009C42B5410ADA0020E6E7CD439D426FF048
:105D68000045A5EB0605A541D4DAF4E7E41A61EB92
:105D78000601C0E90041044901FB03228260D2E721
:105D8800FFC99A3B003665C400CA9A3B30B5044641
:105D9800EFF31185102383F31288BFF36F8F044B41
:105DA8000FCB84E80F0085F31188BFF36F8F30BDE8
:105DB8001812002001281FB50C4605D004281DD054
:105DC8006FF0150004B010BD14F027FB42F21072FA
:105DD8000023FBF745F9104BC4E900015A43A260C0
:105DE8006846FFF7D3FF6946204610F080FB18B9D4
:105DF8000A4B0FCB84E80F000020E3E714F00DFBFB
:105E080042F210720023FBF72BF9034BC4E900019F
:105E18005A43A260F0E700BFA0860100B8CB010892
:105E280001287FB50D462ED18A68184B9A422AD888
:105E380014F0F3FA42F210720023FBF711F96C46E2
:105E4800134B404202FB03F361EB4101CDE9000132
:105E580020460293FFF74EFF2946204610F047FBE5
:105E6800EFF31186102383F31288BFF36F8F94E842
:105E78000F00084D85E80F0086F31188BFF36F8F78
:105E8800002004B070BD6FF01500FAE7FFC99A3B17
:105E98006079FEFF18120020014B1860704700BFA0
:105EA800B800002070B50446044E4518AC4200D135
:105EB80070BD336814F8010B9847F7E7B800002065
:105EC80080B505460E46174698460AF0FBFF03467E
:105ED80015F036FA0446DFF81890424649F80030C3
:105EE80039463046A84754F8090001F08DFB00BF39
:105EF80010000000034A0020536823F00203536097
:105F0800704700BF004004E030B5456885B01B4CC1
:105F1800204613F0F9FB034660B9194A1949CDE93F
:105F280001020090012210F027FD6FF012042046B4
:105F380005B030BDA3681B6883B120462946984741
:105F4800041E0EDA104B0122029300230D49184655
:105F5800CDE90033039410F00FFDE8E76FF0570424
:105F6800F0E700F027F8094B1A6A42F001021A62BA
:105F78001A6AD207FCD50024D9E700BFCCB40108BF
:105F8800661D03081CBC0108851D0308000802469D
:105F98007FB50BAB05930393054B022202930023B5
:105FA8001846CDE9003300F0A9F907B05DF804FB05
:105FB800E81D030810B5EFF31184102383F312884A
:105FC800BFF36F8F084803683BB9084A916A41F0EC
:105FD80001019162916AC907FCD50133036084F31A
:105FE8001188BFF36F8F10BDF81600200008024615
:105FF80030B585B0EFF31184102383F31288BFF313
:106008006F8F11490B689BB9104D2B7853B9104A03
:106018001846CDE90132009302220E49FFF7B8FF76
:1060280001232B7084F31188BFF36F8F05B030BD47
:10603800012B08BF084803F1FF3302BF826A22F030
:10604800010282620B60EDE7F8160020DD1F0020D8
:10605800E81D030814BC01080008024607B503F050
:10606800B7FB0E4B0E4A1A600E4BD3F8942042F041
:106078000402C3F89420D3F8943003F00403019386
:10608800019B094BDA6A42F00102DA629A6822F04F
:1060980002029A6003B05DF804FB00BF0003002011
:1060A80000093D00000C0246000802462DE9F84FA1
:1060B800814630480F4610F079FC064670B92E4CE0
:1060C8000546A0464FF0010ADFF8B0B05C4507D39B
:1060D800B9F1000F02D04FF0010AFDB9BDE8F88F01
:1060E800237B83B12368DB680BB12046984763683C
:1060F80083F806A023681B6943B963680422204615
:10610800196810F078FC01361034DFE7204698470C
:106118000028F2D00AFA06F31D43F4E7A94695FAD7
:10612800A5F4B4FA84F40AFA04F3260108EB04147B
:106138006FEA030B25EA0305237B63B158F80630A1
:106148001B698BB94644736804222046196809EA1A
:106158000B0910F050FC002DE1D11FB16420002183
:1061680013F043FF4D46B8E7204698470028F2D180
:10617800E8E700BF041700202CBC01083CBC01085C
:10618800014B53F82000704784CF010808B5034637
:1061980008462BB1044A136000F014FB002008BD28
:1061A8006FF01500FBE700BFBC00002000230C4A7D
:1061B80010B513700B4A4FF47A7113600A4A0B48F2
:1061C8001360FFF7E3FF0A4B0A4918468B4200D3D6
:1061D80010BD1A1A5C681211013222711033F5E7EA
:1061E800DE1F0020FC16002000170020A56901080A
:1061F8002CBC01083CBC010870B50B4D297841B98D
:106208000120FFF753FF094C094EB44202D3012382
:106218002B7070BD63685B791BB1236820469B684F
:1062280098471034F1E700BFDE1F00202CBC01089E
:106238003CBC0108014B1868704700BF00170020DC
:1062480010B50446064810F0B1FB3CB1054BD3E845
:10625800EF1F0139C3E8E21F002AF8D110BD00BFC3
:10626800FC1600200017002070B50A4B05461B6875
:106278009847094C094EA860B44200D370BD6368C2
:106288005B7923B12368294620461B689847103458
:10629800F2E700BFBC0000202CBC01083CBC010890
:1062A800044A054B9B1AB1EBD30F34BF52F83100A7
:1062B800002070472CBB01082CBC0108054B06497F
:1062C800C91AB2EBD10F3ABF03EBC2031879002009
:1062D800704700BF2CBB01082CBC0108054B064ABF
:1062E800D21AB0EBD20F3ABF03EBC00318790020E3
:1062F800704700BF2CBB01082CBC01082DE9F04FEA
:1063080087B004AF0446D7E90EA90E4693469846CF
:106318003D6BBAF1000F1ED0C7F80490CDF800907D
:106328001021534600207A6BFFF766F9B0F5006F2D
:10633800014611D340F2FF730393194B02220293D3
:10634800002318491846CDE9003310F0C4FB0C3778
:10635800BD46BDE8F08F514604F007040BF0070B6B
:10636800E40044EA8B1444EA412444EA055417350E
:106378000D4425F00705ADEB050D04ADBAF1000F8E
:1063880007D0CDF8009053467A6B05F11000FFF75F
:1063980033F9434622463146284610F04CFBD6E7EF
:1063A800321E0308C4BB01082DE9F04FC1F34A2689
:1063B80091B00D469046079008930C0D002E56D0CC
:1063C80000274FF0040B4FF00A0A0BAB01933A4633
:1063D8000DAB31464046CDF808B0CDF800A0CDE968
:1063E8000D770F97FFF7DAFAB0F5006FB14603465D
:1063F80012D340F2FF730493D8F8043002220393B7
:106408001F4B3846CDE901731E493B46009710F0F3
:1064180062FB11B0BDE8F08FC0F30A0604F1170063
:10642800184420F007008008099310F0E0FA66F39A
:106438005325044680B1099B00F11001CDE90E37C0
:106448000BABCDE900A30D91404649460E4ACDF865
:1064580008B00DABFFF7A2FA66F353252A4620468B
:10646800089B079911B0BDE8F04F10F0E4BA04F1A9
:10647800170020F00700800810F0B9FA0446EBE78F
:106488006A1E0308C4BB0108116A0108406820B1EC
:10649800034BC01A40F3CF0070474FF0FF307047EE
:1064A8002CBB01080EB403B503AB53F8042B01460B
:1064B8000448019301F024FA02B05DF804EB03B03C
:1064C800704700BF596B0108CA0605D48B064CBF3C
:1064D80002490349FFF7E6BF704700BFAA1E030839
:1064E800A91E03082DE9F04F87B09DF844600446C3
:1064F8000D4690469946002E00F0A280159B03F0A9
:10650800020A03F001030493159B03F0080B03F43C
:106518008073059310F06DFA024600283DD020469E
:106528009449FFF7BFFF0746BAF1000F09D0159B42
:1065380013F0440F33D12A4620468F49FFF7B2FFA4
:106548000744049B53B18D4B204653F826208C4BAF
:106558008C49002A08BF1A46FFF7A4FF059B002BA9
:1065680049D0BBF1000F64D1B8F1000F66D04246A4
:1065780020468549FFF796FF0546129B3D44002BB0
:106588006DD1149B002B73D1159BDB0700F1EB80B9
:1065980020461599FFF798FFD8E00746C4E77B4BDC
:1065A80018680028CCD07A4B4FF47A7A1B684FF0E1
:1065B8003C0CB5FBF3F5B5FBF0F14FF4616300FB60
:1065C80011550AFB05F5B1FBF3F2B5FBF0FE03FB31
:1065D800121100FB1E55B1FBFCF30AFB05F5B5FBD8
:1065E800F0F50CFB131120460091CDE901E569494E
:1065F800FFF758FFA4E7BBF1000F1DD0664B2046FC
:1066080053F826206549FFF74DFF0546B8F1000FFE
:1066180005D0424620465C49FFF744FF0544B9F1DE
:10662800000FAAD04A4620465D49FFF73BFF0544C4
:10663800A3E74FF00009E1E75D46E7E745469CE739
:10664800B9F1010F129B06D1002B66D1149B002BC8
:106658007CD000250CE0002BF8D052485EE0524870
:10666800129B224651490FF0ECFE149B002B6AD076
:10667800DFF84481DFF84491149F2046102F1599C4
:1066880028BF10274FF0000BFFF71EFF5D4547DCC2
:10669800139B494620461A78FFF704FF4FF0010B79
:1066A8001BF0070F03D141462046FFF7FBFE5F456D
:1066B8003DD9139B4946204613F80B20FFF7F2FEFD
:1066C8000BF1010BBBF1100FEAD14FF0000A204685
:1066D8003749FFF7E7FE5246DFF8E4B0139B204640
:1066E8009A5CA2F120015F2928BF2E225946FFF7A4
:1066F800D9FE0AF1010ABAF1100F1DD01AF0070FDE
:1067080003D141462046FFF7CDFE57455246E5D80E
:1067180041462046FFF7C6FEEBE7234835469FE78C
:1067280041462046FFF7BEFE0BF1010BAEE72046BF
:106738002049FFF7B7FEC3E7139B3B441393149B11
:10674800DB1B149398D1002E7FF41EAF6268A168FA
:10675800D2E90023206810F0EDF9002263681A607E
:1067680007B0BDE8F08F2046054A0649FFF79AFEB4
:106778000EE700BFB11E0308B51E030894CF010839
:10678800AC1E0308DA1E0308DD1E03080C170020E0
:1067980008170020BE1E0308A8CF0108E11E030841
:1067A800E71E0308756B0108596B01080979000891
:1067B800F61E0308F21E0308F41E0308EC1E030865
:1067C800F81E030800210123064A904206D8064A0B
:1067D80001B901231360054B186070470121400877
:1067E8005B00F2E740420F00081700200C1700205A
:1067F800F8B50D460446064F4618B44201D128465E
:10680800F8BD14F8011BBB6801485B689847F4E7BA
:10681800ECB6010870B5104B0D461C68B4B10F4BAF
:10682800196800238B4202DB6FF0010070BD22461D
:1068380012F8106B864202D014460133F2E7E06882
:1068480012F062FF28B100202C60EFE76FF00C0017
:10685800ECE76FF01200E9E7C8000020F0CF01086C
:106868002DE9F04FD0F808A01E468FB0DAF80C30AA
:1068780007460D46904698470368202B0FD9274BAB
:106888000293002301221846CDE90033244910F071
:1068980031FA6FF0150528460FB0BDE8F08FB8F152
:1068A800000F01DA1F4BEBE748EA06045A1E1440B2
:1068B8000BD003931C4B012202930023184918465E
:1068C800CDE9003310F016FAE3E72946202206A89E
:1068D80014F0FEFB2546B442DDD2A6EB0409B9F15B
:1068E800200F28BF4FF0200908EB040BDAF80450FA
:1068F8004B465946384606AAA847051E0CDA0B4BE4
:10690800012202930023CDE9037B1846CDE9003329
:10691800034910F0EFF9BEE74C44DCE72D1F0308EC
:106928007CBB0108531F0308701F0308A21F03083C
:106938002DE9F0470E46154610F078FA7C2816D84F
:10694800EFF31181102383F31288BFF36F8F1D4A71
:106958001D4B02EBC00EDEF804709F4209D1CEF841
:10696800046042F8305081F31188BFF36F8FBDE89F
:10697800F087DFF85C80154C474516D01423434355
:1069880004EB0309D9F810C003EBCC0304EB030AAA
:10699800CAF8047052F83070E7500CF10103C9F8D6
:1069A8001030CEF8048042F830901423584322184F
:1069B800136900EBC300271801337E60255013616B
:1069C800D1E700BF48030020DD6E01083007002032
:1069D800376E01082DE9F0410F46904610F026FA6F
:1069E8007C2862D8EFF31186102383F31288BFF353
:1069F8006F8F142343432E4CE2181569A5B92D4B0C
:106A080003EBC0025168B94207D153F83010414531
:106A180003D12949516043F8305086F31188BFF3F8
:106A28006F8F0020BDE8F0815268974202D1E35889
:106A380098452CD0012DF0D0142303FB0043DA68CD
:106A4800BA42EAD19B684345E7D1012214210027C5
:106A5800414301EBC20163185F60013D6750AA42E0
:106A680003F1080315DB14234343012D04EB030250
:106A78001561D2D10F49576801EBC0056F60E55821
:106A880041F8305000215160E1501161C5E7002202
:106A9800DCE7196853E9027C43F8081C596801329D
:106AA80043E90117C3F804C0D9E76FF01500B9E747
:106AB8003007002048030020DD6E01082DE9F0476B
:106AC80080460D468CB0002966D000248B680122D0
:106AD80005934B68204604930B683B4903933B4B53
:106AE800CDE900440293234610F0B5F96B69012201
:106AF80005932B6920460493EB6833490393344B81
:106B08000094CDE90143234610F0A5F9EB69012271
:106B18000393304B2046CDE901432B49234600948B
:106B280010F099F92F462646DFF8B8A0DFF89890BC
:106B3800FB6A01220A93E31C0993BB6A494608933E
:106B4800A31C07937B6A10370693631C05933B6964
:106B5800CDE9016ACDE903430023009618460434C1
:106B680010F079F9102CE3D12B6E012203931A4B04
:106B78001549CDE9016300230096184610F06BF91A
:106B8800AB6901220393154B0F49CDE9016300233B
:106B98000096184610F05FF9B8F1010F0DD1EFF328
:106BA8000583103B03930E4B42460293002306498C
:106BB8001846CDE9003310F04EF9294640460CB08E
:106BC800BDE8F04708F098BEDCBB0108CF1F0308FA
:106BD800FE1F03082D2003087F2003088E200308CA
:106BE800BC2003083C20030830BFFFF7FDBF00BFEF
:106BF8002DE9F04105460B4EDFF83080324606EBB2
:106C08000807CC1B2046084914F03BFAA019424655
:106C18000021083C14F05CFAC5F8B84007F10800F8
:106C2800BDE8F08108000000B0CB01080C000000AE
:106C38002DE9F04F9B4653688FB006934B699146F8
:106C4800DBF81C2082468846079310F0DEF90AAB71
:106C580004464A4641465046D9F8005010F01BFAFF
:106C68000AAB074668B1D24B012202930023D149EF
:106C78001846CDE9003310F009F938460FB0BDE8E1
:106C8800F08F9DF8342002F00F02032A01BF28205C
:106C9800BDF83620D8F8BC10424307BFD8F830609A
:106CA8008A58D8F82C600A9A009316444B464146F5
:106CB8005046CDE9016B09AA01F0DCFE074658B140
:106CC800BD4B012202930023BA491846CDE900338F
:106CD800039610F0DBF8D0E79DF8181062193229F6
:106CE8006CD8322900F2728101A353F821F000BF59
:106CF800836C0008D36D0008CB6D00084F6E000848
:106D0800D56F0008D56F0008D56F0008D56F00084B
:106D1800D56F0008D56F0008936E0008D56F00087E
:106D2800D56F0008D56F0008D56F0008D56F00082B
:106D3800D56F0008D56F0008D56F0008D56F00081B
:106D4800D56F0008B56F0008B56F0008AB6F000875
:106D5800D56F0008D56F0008D56F0008D56F0008FB
:106D6800D36D0008D36D0008936E0008D56F000836
:106D7800D56F0008D56F0008D56F0008D56F0008DB
:106D8800D56F0008D56F0008CB6D0008D56F0008D7
:106D9800FF6D0008D56F0008116E0008576E0008D7
:106DA800576E0008576E0008576E00083F6F0008BE
:106DB8003F6F00083F6F00083F6F00086C2940F0E4
:106DC80005816359099A13441CE06FF07C4EDDF885
:106DD80024C06159ACEB0203080203EBA01303F1D2
:106DE80000700138704580F08380C3F3970301F089
:106DF8007F410B4306E06259704B134043F0D07358
:106E080043F47043635138E709986159A0EB020CC9
:106E180041F31E03634413F1804F0FD50590684B6F
:106E2800CDE903620293002301221846CDE900331D
:106E3800604910F02BF86FF007071EE723F00043B6
:106E480001F00041D5E7099B9A1A6359BBE76059DD
:106E58000309C0F30B0603F470433343099E06FA93
:106E680083F3A1F12D06012E0CD92C29554A08BF10
:106E78001B14C3F30B0102401B010A4303F47023E4
:106E88001343BFE79B1A2E29F0E740F6FE78605BB4
:106E980051884FEA902E4FEA0E6308EA410803F042
:106EA800807343EA0803DFF82081DDF824C008EA8C
:106EB800003843EA08038EEA51386FEA08088EEA78
:106EC800D12E6FEA0E0E08F0010843EAC8536FF09E
:106ED8007E480EF0010E43EA8E5343F31803ACEBE1
:106EE800020E734403F1FF1E0EF57F4EC64502D312
:106EF800CDF814C093E7C3F3093C00F47840C3F31A
:106F080000664CEA000040EA8620605301F45041D4
:106F1800C3F34A00014383F40000C0F3C05083F474
:106F280080037040C3F3805341EA4031734041EA23
:106F3800C3235380A1E634F805C050884FEA0C33C8
:106F48004FEA4C0606F400669BB233439678334307
:106F5800060906F4E0663343099E06FA83F3A1F1B5
:106F68003106012E1AD9302908BF1B145E08C3F355
:106F7800033106F480662CF4816C31432CF0070C45
:106F880041EA0C0C00F40F40D9B21B01084303F48A
:106F9800E043184324F805C050806EE69B1A322956
:106FA800E2E76359079A1A4413462BE7099B29E736
:106FB800CF20030874BB0108F22003080F0000F07B
:106FC8000C21030800F0E0FF00F03F00054B03919F
:106FD8000293002301221846CDE9003302490FF03D
:106FE80055FF28E73C21030874BB0108054B9A6943
:106FF8009B689A421FBF044A536843F0805353600A
:10700800704700BF101E002000ED00E0F0B500241E
:10701800414B85B00293074623460E46012220467F
:10702800CDE900443D490FF041FF3D4B9B6ADD0629
:107038006FD53C4B2046CDE9014301222346374911
:1070480000940FF033FF1120354B9B6A1C070AD5BB
:10705800354B01220293002330491846CDE900330D
:107068000FF024FF12202E4DAB6A99071FD500247C
:107078002E4B0122029320462346CDE9004427499E
:107088000FF014FF6B6BAA6A12060FD50393284BF7
:107098000122CDE9014320462346204900940FF000
:1070A80005FF1FB1AB6A23F08003AB6213201C4BB2
:1070B8009B6ADD070AD51F4B01220293002317495B
:1070C8001846CDE900330FF0F1FE1420144B9B6AEB
:1070D8009C060AD5184B0122029300230F49184633
:1070E800CDE900330FF0E2FE15200D4B9A6AD10668
:1070F80058BF9A6A9A6A920642BF5A6A22F40052A4
:107108005A629A6A42F0FF029A620023337005B00D
:10711800F0BD102098E700BF58210308DCBB010828
:1071280000ED00E06E210308A1210308B421030843
:10713800CC210308E221030801220308F0B500244A
:10714800434B85B00293074623460E46012220464C
:10715800CDE900443F490FF0A9FE3F4B9B6ADB0491
:1071680065D53E4B2046CDE90143012223463949E6
:1071780000940FF09BFE1720374B9B6A1D050AD51C
:10718800374B01220293002332491846CDE90033D8
:107198000FF08CFE1820304DAB6A9C051FD50024DB
:1071A800304B012220460293CDE900442346294969
:1071B8000FF07CFEAB6BAA6A10040FD503932A4B21
:1071C8000122CDE9014320462346224900940FF0CD
:1071D8006DFE1FB1AB6A23F40043AB6219201E4B4E
:1071E8009B6A59050AD5214B0122029300231949AC
:1071F8001846CDE900330FF059FE1A20164A936A53
:1072080013F4807315D01A4B0122029300231149FD
:107218001846CDE900330FF049FE1B200E4A936A49
:1072280043F47F4393620023337005B0F0BD16200A
:10723800A2E7926A9204F1D50E4A1846CDE90132C6
:107248000449012200930FF031FE1C20E6E700BF3D
:1072580030220308DCBB010800ED00E046220308E9
:10726800A121030857220308702203088522030876
:10727800A0220308012203081FB500243E4B3F4902
:107288000293012223462046CDE900440FF00EFE6A
:107298003B4B9B6A99016DD53A4B2046CDE901439A
:1072A80001222346354900940FF000FE1E20344B7E
:1072B8009B6ADA010AD5344B0122029300232F4935
:1072C8001846CDE900330FF0F1FD1F202C4B9B6AC7
:1072D800DB020AD52D4B01220293002327491846C9
:1072E800CDE900330FF0E2FD2020254B9B6A1C03FB
:1072F8000AD5274B01220293002320491846CDE9DD
:1073080000330FF0D3FD21201D4B9B6A59030AD58A
:10731800204B01220293002318491846CDE9003377
:107328000FF0C4FD2220164B9B6A9A030AD51A4B0C
:1073380001220293002311491846CDE900330FF0CA
:10734800B5FD23200E4B9B6ADB030AD5134B0122A4
:107358000293002309491846CDE900330FF0A6FD32
:107368002420074A936A6FEA03436FEA1343936240
:1073780004B010BD1D209AE7B8220308DCBB010841
:1073880000ED00E0D0220308E3220308FD220308F1
:1073980027230308452303086A23030884230308D3
:1073A8002DE9F041714B06465F68A2B00023C7F390
:1073B800080483F31188BFF36F8F02F07F40B0F1A8
:1073C8007F4F0CD102F00C00082819D1684A1846E2
:1073D800CDE901326749012200930FF067FD0025CE
:1073E8002E464FF00008E31E8DF81F80092B00F28F
:1073F800A480DFE803F00B989C94A2A2A2A2A2A00A
:10740800120746BF0E461D460125EAE75A4B0122E0
:10741800CDE90183002357491846544FCDF8008021
:107428000FF044FD8DF81F80FC6A14F0020405D0AB
:10743800524BCDE90183CDF8008006E0FB6A002BB2
:107448000BDA4F4B0094CDE9014300230122184683
:1074580048490FF02BFD002439E0FB6A5B00FAD5A0
:10746800484B0122CDE90143204623464149009477
:107478000FF01CFD7B69B26943F480737B61BFF335
:107488004F8FBFF36F8F7B6932F8022C23F4807320
:107498007B61BFF34F8FBFF36F8F4DF602739A4234
:1074A80008D0BB6ADBB263B301200DF11F01FFF7FF
:1074B800ADFD36E0336820460393334B0094CDE9A5
:1074C8000143012223462B490FF0F0FC34689DF854
:1074D8001F309BB96822314608A813F0D2FD0F9BD4
:1074E800002D3ED0C3F3080222B96FEA53236FEA96
:1074F80043230F93204608A9FFF7E0FA22B0BDE81E
:10750800F081BB6A13F47F4F05D001200DF11F01F4
:10751800FFF714FE05E0BB6AB3F5803F9BD3FFF786
:10752800ABFE0446D3E700200DF11F01BFE70020A2
:107538000DF11F01ECE7154B7BE7154A17F4F87FAF
:10754800144B18BF1346103CCDE90334124B0122EB
:107558000293002307491846CDE900330FF0A6FC33
:1075680079E723F4FF7323F00103C2E700ED00E09D
:10757800DD230308DCBB0108082403081F240308D3
:10758800402403084E2403086D24030889240308B3
:10759800C4230308AF230308AD240308044B5A6926
:1075A80042F010025A615A6922F008025A61704783
:1075B80000ED00E0EFF30880EFF3098101B57246B2
:1075C800FFF7EEFE01BD00BF0C4880F308880020DD
:1075D8000B490870102080F311880A484FF40061A5
:1075E800401880F30988EFF314800221084380F3E0
:1075F8001488BFF36F8F00F0CBF8000048A9022071
:10760800E01F002008200220084B9B6883420BD112
:10761800EFF3058343B1064B5A6842F080525A6033
:107628005A6A22F400425A6209F052BC101E002025
:1076380000ED00E021498A6882F805E14FF030004A
:107648001044EFF3098C80E8F01F1EF0100F03D1EF
:1076580002F1C40080EC108A102080F31288BFF376
:107668006F8F174F4FF000668A698A603E60D2F8C4
:10767800B800144C206092F905E1D2F8BC00002350
:10768800C2F8BC3080F311881EF0100F03D000231D
:10769800E1EE103A03E002F1C40090EC108AEFF337
:1076A800148323F0040383F31488BFF36F8F02F16C
:1076B800300090E8F01F8CF309887047101E0020F6
:1076C80004ED00E03C1700201EF0040F0CBFEFF3A0
:1076D8000880EFF30980816911F8021C0229FFD0A4
:1076E80001B572460FF0C7FB01BD00BF0028ACBF53
:1076F80000F16040064B4FEA0111C9B2ABBF00F57B
:10770800614000F00F0080F800131954704700BF63
:1077180014ED00E040B2002807DB01234109034AC9
:1077280000F01F00834042F82130704700E100E07C
:1077380040B200280CDB01220649430900F01F0073
:107748008240203341F82320BFF34F8FBFF36F8F60
:10775800704700BF00E100E0054B420953F82220C2
:10776800012300F01F0003FA00F01040704700BF2B
:1077780000E100E0044B054A23F07F039360BFF368
:107788004F8FBFF36F8F70470000000800ED00E0D7
:1077980008B5FFF7EFFF104BD3F8882022F47002EA
:1077A800C3F88820D3F8882042F4A002C3F88820C0
:1077B8004FF04042C3F83422BFF34F8FBFF36F8FAF
:1077C8000023E1EE103A08F083F909F0A1FD00F07A
:1077D80079F808F0C1F900BF00ED00E042F8203C5C
:1077E800009B0D4942F81C3C019B21F0010142F825
:1077F800183C029B42F8081C42F8143C4FF0807376
:1078080042F8043C0023C0F8BC304FF47D43203AD2
:107818000265C0F804317047C95E0008104B9B68C8
:1078280083421AD1EFF30580B8B9EFF31181102222
:1078380082F31288BFF36F8F1A7B22F002021A7349
:10784800EFF3148323F0040383F31488BFF36F8FDB
:1078580081F31188BFF36F8F70476FF01500704781
:10786800101E00200E461546002300B5E1EE103A22
:10787800EFF3148323F0040383F31488BFF36F8FAB
:10788800BFF36F8F0A4BD0F8B8209860094B1A6085
:107898002C4686F309880020034B98472046002190
:1078A80000220023014C2047056F0108C95E00082B
:1078B800101E00203C1700201022014B1A6170474F
:1078C80000ED00E0002310210348C21801337D2B8E
:1078D80082F80013F9D1704700E100E008B5EFF332
:1078E8000583064A103B02EBC30152F8330049688E
:1078F8008847BDE80840FFF779BB00BF4803002070
:10790800F0B587B007460E46144600211022684697
:107918001D4613F0DDFB02238DF80230054B2A4685
:1079280021466846CDE9047601930AF0E9FF07B0DD
:10793800F0BD00BF336F010808B502480AF0D6FD54
:10794800FEE700BF31E8010808B5024B1B689847FD
:10795800002008BD50170020034B044A1860937894
:1079680043F002039370704750170020CC000020AA
:1079780008B505480EF0EFFD002383F31188BFF327
:107988006F8F0423184602DFC02403081FB504467E
:1079980069460120FEF70EFA031E0ADA13F0D0FC3E
:1079A800074A5B4213504FF0FF314FF0FF3004B0ED
:1079B80010BDDDE90001002CF9D0C4E90001F6E7AB
:1079C8001400000008B50649064821F00701C1F176
:1079D800005202F540220EF0DCFC002008BD00BF7A
:1079E80017390320541700204FF0FF324FF0FF33B0
:1079F800014808F033BA00BFDC000020014808F055
:107A0800A5BA00BFDC00002038B50546FFF7ECFF3B
:107A18002A46082107480EF008FC044628B925B173
:107A280013F08EFC0C22044B1A50FFF7E7FF204698
:107A380038BD00BF541700201400000038B50446B4
:107A48000D46FFF7D1FF21462B46082207480EF0C6
:107A580068FC044628B925B113F072FC0C22044BCB
:107A68001A50FFF7CBFF204638BD00BF541700203F
:107A78001400000010B50446FFF7B6FF214603487E
:107A88000EF072FBBDE81040FFF7B8BF5417002096
:107A980070B5A0FB01543CB92846FFF7B5FF064670
:107AA80040B90026304670BD13F04AFC0C22044B46
:107AB8001A50F6E72A46214613F00AFBF2E700BF00
:107AC80014000000F7B506460D460D488AB28368D3
:107AD80031461B689847002810DA00240CE02F1B59
:107AE800042F28BF042707F0C3FA3A46019001A9DA
:107AF800301913F0C6FA3C44A542F0D803B0F0BDE3
:107B08008CB6010810B503460548826814688AB225
:107B18001946A0470028B4BF6FF00400002010BD2C
:107B28008CB60108014808F011BA00BFF000002027
:107B38002DE9F04385B00646884604AF00231A466F
:107B480001F004F9041E0FDA184B03940293002382
:107B580001221846CDE9003315490FF0F9F92046FE
:107B68000437BD46BDE8F08324F00303DA1D22F094
:107B78000702ADEB020DA5080DF110094A46414672
:107B8800304601F0E3F8041E4FF000030BDA094A0F
:107B980003940292DCE759F8243098470134AC4248
:107BA800F9DB0024DBE71C46F9E700BFC92403081A
:107BB800B4BB0108E624030838B505464FF0FF3387
:107BC8004FF0FF32084808F049F9084B1C682CB1FF
:107BD8000F222946201D12F053FF18B9FFF7A2FF04
:107BE800204638BD2468F2E7F00000206017002026
:107BF800F8B506460F464FF0FF334FF0FF320948FD
:107C080008F02CF9084B1D6825B92C46FFF78AFFA8
:107C18002046F8BD39462846B04704460028F5D125
:107C28002D68F1E7F0000020601700202DE9F041F1
:107C38000E46044690B100250768AF4211D10024D2
:107C480009E00835BD4206D231462868F9F73EFA00
:107C58000028F6D16C682046BDE8F081084D094F30
:107C6800F0E76368314653F8350003EBC508F9F7C8
:107C78002DFA10B9D8F80440EDE70135DDE700BF6B
:107C880080BC0108B0CB01082DE9FF410546084634
:107C980014460F469846FFF78FFF20604FF0FF32DB
:107CA8004FF0FF33244808F0D9F8266856B1D6F8C3
:107CB80094506B1CC6F89430FFF734FF284604B084
:107CC800BDE8F08100230022C4211C4807F0BAFF58
:107CD8000346206050B91A4A1A49CDE901020090BA
:107CE80001220FF035F96FF00B05E5E70146424632
:107CF800284600F047F9051E05DA21680F4811F0FB
:107D0800B2FD2660D8E720680F223946043012F009
:107D1800C9FE2368DE742268D2F894300133C2F8B1
:107D280094302368084A1E60516811B9C2E90033CB
:107D3800C2E70B605360BFE7F00000205811002035
:107D480007250308B4BB0108601700207FB5044667
:107D58000D4616460FF00CF900280CDA0B4B039071
:107D68000293002301221846CDE9003308490FF099
:107D7800EFF804B070BD3046A84720460FF0FBF876
:107D88000028F6DA034B0390EAE700BF3025030822
:107D9800B4BB0108522503087FB50BAB05930393C9
:107DA800054B0122029300231846CDE90033FEF764
:107DB800A5FA07B05DF804FB7D2503082DE9F04F0F
:107DC8009B46282300F14C0603FB026675690746AB
:107DD8008846144687B08DB301EB8209D6F820A0F7
:107DE800C9F85050037DB268022B05D0012B0BD186
:107DF80003F5801313403BB97368082B23D0FB6845
:107E0800316943B9C9F814309BF80130002B59D0B7
:107E18006FF00D0613E038469847C9F8140000289B
:107E2800F2D0B0FBFAF30AFB130018B19BF801304B
:107E3800002B47D00023444484F8443000263046C1
:107E480007B0BDE8F08F9BF80130002B3AD0002333
:107E58004444C9F81430EFE7D8F880102944C8F82A
:107E680080101D4673687269082B05D1002113F034
:107E78002FF901234444DFE7B36892469B07D6F8FD
:107E880010B008D5F6690021324613F021F93544BF
:107E9800B344AAEB060A59463846BB6898470646D3
:107EA80038B95246294638467B689847064600281E
:107EB800DFD0D9F81410114811F0D5FC0023C9F807
:107EC8001430BCE7002300225146CDE900230B48BB
:107ED8002A4607F0C5FE0346C9F814000028BBD19E
:107EE800074ACDE904A4CDE90132064901220395E8
:107EF8000093FFF751FF6FF00B06A0E75811002021
:107F08007D250308B4BB01082DE9F0414FF00008B6
:107F18000A4F00F1430600F1140500F1440416F875
:107F2800013F2BB13846296811F09DFCC5F8008047
:107F38000435A542F3D1BDE8F08100BF58110020F7
:107F4800014600220023014807F07CBE581100209A
:107F580010B5D0F82C3204467BB1D1F88030D1F876
:107F6800B820A3EBC203C1F88030D0F82C12044823
:107F780011F079FC0023C4F82C32002010BD00BF9A
:107F8800581100202DE9F04F002799B011ABBA42E3
:107F980008BF1A460E4604464FF001080A923946B1
:107FA800C4223046CDE9117713978DF8448013F039
:107FB8008FF82368C4F82C724BB3204698470546BF
:107FC80028B3BD4B0390CDE901733B4600970122CE
:107FD8001846BA490FF009F8002731462046FFF73E
:107FE800B7FFD6F88810B64811F03DFCC6E92177EE
:107FF800002D00F048843046FFF786FFD6F8901031
:10800800AF4811F030FCC6E9237700F03CBC0021F2
:1080180020460EF0E3FF054650B1AA4B0293002319
:108028000122CDE900331846A4490EF0DEFF20E016
:1080380004F118083422414620460EF0CDFF0546CB
:1080480008B1A14BEAE704224046A04912F0A4FC7B
:10805800074698B19E4B012203939E4B2846CDE9D3
:10806800015310230093434694490EF0BEFF6FF06E
:108078000705994B0395029300231AE1238D23F0FA
:108088000202012A1FFA82F808D00393934B0122B7
:10809800CDE90103034600908849E6E7B4F8463085
:1080A800282B07D003938E4B4246CDE9010300905D
:1080B8000346F1E7B4F84850C6F8B850ED00284632
:1080C800FFF73EFF0346C4F82C0258B9854A0395CA
:1080D800CDE901024246009078490EF086FF6FF024
:1080E8000B05C6E7D6F880300C212B44C6F8803043
:1080F80038463B46D6F8B8209A423ED82046A16B6F
:108108000EF06EFF8046C6F8BC00002840D0002361
:1081180086F8C03004F14C034FF4F0720021184681
:10812800B4F84A900B9312F0D3FF4FF0000E4FF0C3
:10813800FF3AF0464FF0280BD6F8B830734501D90E
:10814800032F56D1D4F868313BB1D4F8403123B16C
:10815800D4F81831002B40F09F8000276FF00705F6
:10816800614B0122029338463B46CDE900775349DB
:108178000EF03BFF5D4B039525E7D4F82C2202F85F
:108188003310D4F82C2202EBC30250600133B1E75C
:1081980028224FF00109D6F8B83086F8C09002FBC3
:1081A80003FA5046FFF7CCFE0346C6F8BC0038B9C0
:1081B8004F4ACDF80CA0CDE9010200904A468BE762
:1081C8002046A16B0EF00AFF054638B1494BCDE9B0
:1081D80001834A464346CDF8008024E752462046AC
:1081E800D6F8BC100EF0F8FE0546002892D0424B97
:1081F800EDE7D6F8BC500BFB0E556B68022B1ED171
:10820800238D012B16D1AA4604F58A7CBAE80F0003
:10821800ACE80F00BAE80F00ACE80F0005229AE8B6
:1082280003008CE80300D4F82C3203F80820D5F8B2
:1082380018A001370EF1010E08F108087CE70B2B96
:1082480002D1238D032BDDE7032BF3D1F14511D1A7
:108258000FCD04F5B27CACE80F000FCDACE80F00F1
:10826800072295E803008CE80300D4F82C3203F8C1
:108278000820DEE7D645DDD10FCD04F59E7CACE8BD
:108288000F000FCDACE80F0095E803008CE8030061
:108298000622D4F82C32EAE7314620460A9A0EF034
:1082A8006DFE00230546002800F06081134A039004
:1082B8000292CDE900338AE6B3250308B4BB01086E
:1082C80058110020D8250308F6250308632A030857
:1082D80010260308DA1E03080627030832260308B7
:1082E8004F2603086E2603082C2703086127030876
:1082F80097260308C4260308E72603088D270308E2
:108308002823D4F82C9203FB0BF319F83B00D6F87A
:10831800BC104FEACB020C2801EB03080C92CB5897
:10832800316B2AD101EB030AD8F804305046A94929
:108338000D93F8F7CBFE0D9B0746012B0BD0083B9E
:10834800082B18D8082B16D8DFE803F07715151571
:108358001515623E6600D8F80830580768D4D90762
:1083680062D450469C49F8F7B1FE002858D0002F37
:1083780018BF02272BE0002F63D00BF1010BD6F8B2
:10838800B8305B45BCD8224623464FF0000C196D27
:10839800002900F0F580D3F860E0BEF1000F00F08E
:1083A800EF80D96E208DDF6D0139032801EA0701BE
:1083B80040F0E080986D814240F2DA80874BCDF83A
:1083C8000CC0029300237DE0002818BF0A2708BFCD
:1083D8000427D8F808309A07CFD5D8F81400002811
:1083E800CBD0A7F1080102292DD8D8F82430042BC6
:1083F80001D1830727D07A4BCDE903AB0293002341
:1084080001221846CDE9003376490EF0EEFD4EE024
:10841800002818BF0927DAE7002818BF0827D6E779
:10842800002F18BF0B27D2E7002F18BF0127CEE770
:10843800B7FA87F77F09BF00CBE7002818BF0327E3
:10844800C5E70427C5E728220C9B09F803700B9B96
:1084580002FB07390A9B5B685BB9D9F804307BB922
:1084680008F1280358F8041B984549F8041BF9D16A
:1084780083E740460C9198470C990028EDD07CE79B
:10848800D8F80800D9F8082080EA020313F0070397
:1084980010D0554BCDE90302029300230122184660
:1084A800CDE905A7CDE900334E490EF09EFD6FF0EA
:1084B80007051AE0032F0DD0C9B2022918D84B4A74
:1084C8000397029201221846CDE9003345490EF080
:1084D8008CFDECE7464A1846CDE9013241490122B4
:1084E80000930EF082FD6FF08505424B0395C2E5BF
:1084F800B4F828E0D8F80C20BEF1030FD9F80CC066
:10850800D8F81000D9F810100C9209D1A2EB0C0E73
:10851800421A964504D0384ACDE903A702926FE77C
:1085280081420F4628BF0746D8F814300C9A1844E1
:10853800D9F814301944D8F82030C9F81070884296
:108548002CBFC7EB0007C7EB0107944594BFC9F8D8
:108558000CC0C9F80C20D9F82020C9F8147093422F
:108568002CBFC9F82030C9F8202006E7834606E763
:10857800401A98657F1A0EEB0100DF651866996648
:108588000CF1010CBCF10C0F03F128037FF4FFAED2
:1085980000230B930B9BCDE90C33013319460B9346
:1085A80013460C9F013F0E970C2972D10B9B283262
:1085B8000C2BEFD12821D6F8B830AB4200F2B280AC
:1085C800D4F80C7217F4801700F0D480024B039390
:1085D8000A4BF6E6B8270308C6270308A7280308A6
:1085E800DC270308B4BB0108FB270308322803086B
:1085F800462803085C290308752803084929030845
:108608000D9F042F40D0042900F08980278D032F67
:1086180037D1576DBF0734D5DF6FB80731D5976E9F
:10862800D2F85880D3F8900008EB0709D3F8807087
:1086380007EB000AD14507D80EEB080B0BF1FF3BFF
:10864800DA4507D9D1451CD10CEB070B0BF1FF3BE1
:10865800D94516D8F04408F1FF336744CDE90493AF
:10866800013F0C9BCDE907A70393B34B06910293F7
:10867800002301221846CDE90033B0490EF0B5FCBD
:1086880015E70D9803281FD1013128338CE7042101
:108698002833176D002FF7D0D2F860E0BEF1000F35
:1086A800F2D09F6F002FEFD0D3F888C0BCF1000F35
:1086B800EAD00E9F012FA3D8042930D0278D032F8D
:1086C80002D1576DB807A7D40329E0D0D2F85C903F
:1086D800976ED3F884A0D3F890004F440AEB0008B3
:1086E800474507D80EEB090B0BF1FF3BD84507D9D7
:1086F8004745C9D10CEB0A0B0BF1FF3B5F45C3D8CB
:10870800D4440CF1FF33CE44CDE907830EF1FF3397
:10871800CDE904730C9B06910393894BA7E70521C8
:108728002833B6E7D6F8BC30D4F82C2201FB053C38
:10873800DCF8043012F835E0092B02EBC50001D053
:10874800042B0BD1DCF81C7012F837300C2B1FBF30
:1087580001FB03435A6D42F480125A65BEF10C0FB7
:1087680006D001FB0E43DCF81020DB6DD31A436002
:10877800013520E7314620460A9A0EF011FC0546DD
:1087880010B1704B03901EE4D4F82831D4F838B1F6
:108798001B09C6F88400D4F824A10B9305D08146A0
:1087A8000B9B09F101094B4519DCD6F884304FEAD7
:1087B800C3084046FFF7C4FB0346C6F8880080BBE1
:1087C8006FF00B020392604ACDE901325B49012246
:1087D80000930EF00AFC6FF00B05FFF7FDBBDA44BF
:1087E800514620460EF0FAFB8046002840F03181C1
:1087F8005A46204614A90EF0EFFB8046002840F0A8
:1088080028819DF85C2002F00F0101390129C7D8A1
:108818001209012A02BFD6F884200132C6F8842042
:10882800BEE74246002112F053FCD6F8803043449C
:10883800C6F88030D4F838310D93D4E949231B09A0
:108848000C920F9327D10A9B1B78002B40F0B38022
:10885800D4F80001C3080728C6F88C3000F2C2809B
:108868000A9B5B7813B930460EF0B5FB0A9B1B7A5E
:10887800002B3FF4B1ABD6F88810344810F0F3FF62
:108888000023C6E9213323690BB1204698472846BF
:1088980019B0BDE8F08F4FF00009CA460F9B0AF1E6
:1088A800010A5345CFDDDDE90C3213441946204651
:1088B8000C930EF093FB002840F0C98020460D9AD7
:1088C80014A90EF089FB002840F0C1809DF85C30A7
:1088D800BDF85EB003F00F02013A012ADED81B0989
:1088E800012BDBD1BBF1000FD8D04FEAC903149993
:1088F8000E93F36AD6F888200B4442F839302822C0
:10890800D6F8BC3002FB0B33D3F80C800B930A9BD0
:108918005B780BB30A9B5B68D3B9238D0E9A012B46
:1089280018BF4FF00008D6F888301344159A42440F
:108938005A6009F10109B1E7CA280308B4BB010864
:10894800072903087F2903089E29030858110020D6
:108958000B9898470028E0D05A46314620460EF03A
:1089680054FB0346B0B90B9B204619690EF038FB3F
:10897800034678B9394A3A49CDE90102CDF80CB035
:10898800012200900EF031FB6FF08505354B039501
:10899800FFF771BB228D1599012A08BF4FF0000817
:1089A800D6F888200E9818BFC8F100084144024440
:1089B8000B445360BDE7314620460A9A00F0D2F8CE
:1089C800804600283FF444AF274B039002930023CE
:1089D80001221846CDE9003321490EF006FB454631
:1089E800FFF7FABA20F00700D6F82480FFF7A8FAB4
:1089F8000346C6F89000D0B10A9B08F108085A78D7
:108A0800D6F88C309F42BFF42BAF58F8081C9AB99F
:108A180058F8080CD6F8903043F83700D6F890305C
:108A280058F8042C03EBC7035A600137E4E76FF0EA
:108A38000B0203920D4AC7E620460EF013FB011EF7
:108A4800E6DD20460EF0CCFA0028E3D1E0E7054643
:108A58009CE7074BCDF80C80B8E700BFD029030886
:108A6800B4BB0108E7290308062A03081D2A0308DE
:108A7800362A03082DE9F04198465B688AB01B0A3C
:108A88000F46DDE91046154604D12B6000200AB0D8
:108A9800BDE8F081E289002A3AD131461046FFF755
:108AA800C5F804462860C8B9CDE90860079007A949
:108AB8002848FFF79DF8099A079B2A6072B107F1C9
:108AC800940252F8041F8B42E0D0E9B9263447F8E3
:108AD8002430D3F894200132C3F894202B68002B5B
:108AE800D4D1129A184692691B490592D8F80020E9
:108AF8000093CDE90362194ACDE9013201220EF053
:108B0800A1FA6FF03C00C2E70134082CD9D1BDE7C7
:108B18004FF6F1739A4201D16368B6E7B0F848306E
:108B2800934208D9B2F57F4F05D20EF06EFA63680A
:108B380018442860AAE70A4BCDE9032202930023D0
:108B480001221846CDE9003303490EF07BFA6FF095
:108B580007009CE735700108B4BB0108672A0308C1
:108B6800B62A03082DE9F04F002405460E46A04614
:108B78004FF0280A8FB0CDE90B4408920D94D6F82F
:108B8800B800A0421AD8B8F1000F41D106F110047C
:108B980006F1400754F8040F30B1E16B0EF0DEFB2C
:108BA800E16B20680EF0E2FBA742F3D1089B5A68FC
:108BB80072B34FF000094FF0280AA5E0D6F8BC10B0
:108BC8000AFB041BDBF80420042A14D0092A5FD10D
:108BD800DBF82420082A1FD04E4BCDE9032402934A
:108BE800002301221846CDE900334B490EF02AFA3A
:108BF8006FF007080CE0494B012202930023464915
:108C08001846CDE9003303940EF01CFA6FF085087E
:108C180040460FB0BDE8F08FDBF81C20DBF814905D
:108C2800824202D219F007070FD00823CDE9059335
:108C38003B4BCDE903420293002301221846CDE9BC
:108C4800003335490EF0FEF9D2E70AFB02118968B4
:108C58008B071DD5D5F82C1211F832100C290BD121
:108C6800304B0392CDE9017301223B4638462A492D
:108C780000970EF0E7F9BBE7314628460EF0C5F934
:108C88004FEAD903C1460993099B9F4202D1C846BE
:108C9800013474E7DBF82410DBF81020284601FBC8
:108CA8000721AB68984780460028B1D12846DBF8F1
:108CB80024206B680BA9984780460028A8D15B46FA
:108CC800314628460BAAFDF7B3FF0137B9F1000F6B
:108CD80008BF8146D8E7D6F8BC70089B0AFB09771D
:108CE8005A683846904768B1EC681CB1284639691B
:108CF800A0470446796920460EF030FB2046796982
:108D08000EF034FB09F10109D6F8B8209145E2D3F9
:108D18007EE700BF032B0308B4BB0108312B03080F
:108D2800572B03089D2B03087FB50BAB05930393C3
:108D3800054B0122029300231846CDE90033FDF7C5
:108D4800DDFA07B05DF804FBEF450308F0B50F4600
:108D58001646054687B0002842D041B1D0E91C2408
:108D68001444EEB19C420AD96FF00B0032E0846FD4
:108D7800B2B19C42F8D8C16B2246304607E0416B3D
:108D8800304612F07EF9D5E91C02A96B304412F086
:108D980078F9002368692A6DA5080244AB4201D11D
:108DA800204617E056F82310814215D2CDE9043148
:108DB8000D480E4B0E4A0293002F08BF02460023AF
:108DC800039218460122CDE900330A49FFF7ACFFA8
:108DD8006FF00D0007B0F0BD9142E7D20133DDE737
:108DE8006FF01500F6E700BF1F460308EF450308BC
:108DF80017460308B4BB0108F8B505460024104E11
:108E0800104F01232A7852FA84F2D1B203FA01F002
:108E1800F36830EA030303D0336930EA030308D167
:108E2800F060306157F832301BB107EBC20251686D
:108E380098476A780134E3B29A42E2D2F8BD00BF9B
:108E48000020024668170020014B1954704700BFE4
:108E580035030020034670B1B0FA80F2C2F11F0258
:108E6800D2B206498856064AD2F880100B43C2F897
:108E78008030FEF74FBCFF22F3E700BF3503002028
:108E880000200246034AD2F8803023EA0003C2F8E1
:108E98008030704700200246032921D8DFE801F01E
:108EA800020C10190F4B1A6822EA00021A605A685D
:108EB80022EA00025A6070470A4B1A680243F5E733
:108EC800084B5A6802435A601A6822EA00021A607C
:108ED8007047044B1A6802431A605A681043586076
:108EE800704700BF0020024630B5B0B1B0FA80F339
:108EF800C3F11F03DBB20B4850F833408C4204D156
:108F080000EBC3056D68954205D044B940F83310AD
:108F180000EBC3004260002030BDFF23EBE76FF099
:108F28000F00F9E76817002060B1B0FA80F3C3F1C9
:108F38001F03DBB20021044A42F8331002EBC302DC
:108F480051607047FF23F5E768170020C300074A00
:108F5800C0F38100183052F8202003F018000F23C6
:108F68008340134023FA00F0704700BF00200246F8
:108F7800F0B50C7985B014F0200303D03C4B029374
:108F8800002304E00A78092A0CD03A4A02921846CB
:108F98000122CDE9003338490EF068F96FF0150069
:108FA80005B0F0BD4A78042A01D0344AEEE7456896
:108FB8004988286804F01F04D9B143F6FF7291422A
:108FC80021D02F4F05F1160636F8022F3A4392B2F8
:108FD80091420FD00133082BF6D12A4B029300237C
:108FE80001221846CDE9003323490EF03FF9264BFC
:108FF800C5E70B4695F928203AB1013AD2B2012AC1
:1090080027D9224BEAE70723F4E701222049A240A7
:10901800092C42EA846288BF42F0007288421FD05D
:1090280032F07F4117D1C2F384610A25C2F340644C
:1090380005FB14110725D20D02F0040214308458E0
:1090480001EB41018D4024EA050403FA01F12143B3
:1090580081500020A4E792FAA2F1B1FA81F1E4E785
:1090680041694B4003EA02234B404361F1E700BFEB
:109078008B460308B34603082CBB0108C8460308FF
:1090880000C0FFFFE24603083B4703080547030803
:109098000010024630B53B4B87B01A68D1060BD595
:1090A80010221A60384B01220293002337491846D0
:1090B800CDE900330EF0DAF8324B1A68520744D57E
:1090C800334C1A6CD4F8A4302546991CC4F8A41063
:1090D8001A8094F8B53094F8B4200133DBB29A4280
:1090E80084F8B53031D1002384F8B530636FA3B369
:1090F800D4F88C30B4F898203BB1264804F17401B8
:109108009847012813D0022821D0B4F89830B4F831
:1091180094209A421BD90133A4F89830D4F88830A7
:1091280053B91B4807B0BDE830400EF0AFB8D4F8CB
:10913800A830C4F8A430F1E7D5E8EF3F5A1EC5E8D7
:10914800E12F0029F8D1012BEBDC07B030BDD4F8B2
:10915800883013B1104811F0B4F9D4F8A0305B6826
:109168001A684FF6FF73A4F8B630D3690593059BC8
:1091780043F00103D361094807B0BDE8304006F069
:1091880067BF00BF00800242514703082CBB01089B
:10919800000000204CB701080800002058000020FB
:1091A80070B50546436886B01E6830460EF0ABF8C9
:1091B8006B681C68314B9C422CD1A36823F0004398
:1091C80023F03F0343F00043A360A368002BFCDBBC
:1091D8006B682B4899688368DB68002B49D1294B59
:1091E80001220293002328491846CDE900330EF0E6
:1091F8003DF8059B43B9254A1846CDE90132224975
:10920800012200930EF032F8304606B0BDE87040F7
:109218000EF060B840F282411D4A13681268C3F329
:109228000B038B4221D042F20103B3EB124F1CD047
:1092380020460EF04FF8A36823F0706343F01063E4
:10924800A360BFF35F8FD4F8C820124BD2B2134388
:10925800C4F8C830BFF35F8FD4F8C430204643F059
:109268008073C4F8C4300EF04EF8A2680A4B13405D
:10927800A8E705AA98470028BBDAB0E7001002461D
:10928800CCB40108CA4703082CBB0108E44703080B
:10929800004004E000110203C0FFFE7F2DE9F04FFB
:1092A800D0F8048006460769D8F8005087B0DFF880
:1092B8003C91484610F028FA034668B9434A4449A5
:1092C800CDE90102009001220DF0D0FF6FF01204E9
:1092D800204607B0BDE8F08F4FF6FF73D9F808A015
:1092E800C7F8A060A7F8B6307468DAF80030D4F888
:1092F80000B0A16893B148469847024670B9E36840
:10930800012B29D83349344B344A8B4518BF1A46A8
:109318001368216923F470130B4313600021D8F8F4
:10932800140005AA0FF002FA041E07DB059B0022B1
:109338001979186803F09AFF041E18DAA21C16D0CF
:10934800274B01220293002321491846CDE9003317
:1093580003940DF08BFFBBE7A168DAF818300831E9
:10936800002BDBD0484698470028CBD0D6E71D4ACB
:10937800136943F080431361AB6823F0204323F063
:109388003F03AB60AB6823F0104323F03F0343F087
:109398008053AB602B68DB04FCD5D8F8043003B1EC
:1093A80098473046FFF7FCFE0F4B9D42EB6814BF11
:1093B80023F47E6323F45C63EB60BB6C1BB907F199
:1093C800400006F045FE002482E700BF661D030842
:1093D8002CBB01080080024208130246088302429F
:1093E800F84703080008024600100246CCB40108FA
:1093F8002DE9F04F03698DB0403306460D460793BB
:109408004FF0FF324FF0FF33079806F05BFE7368AA
:1094180034691F68AB68C4F8A430D5F804804046A6
:10942800C4F8B080F7F76CFE002384F8B40084F821
:10943800B530B8F1000F0BD1A64BCDF80080CDE9BF
:109448000183434601221846A3490DF00FFF0CE0A3
:10945800102813DD10220392A04A1846CDE90132E4
:109468009D49012200930DF001FF6FF01504079844
:1094780006F0EEFD20460DB0BDE8F08F726810686A
:1094880092F92BC02832634506DB17D1944B02931F
:109498000023CDE90033D5E752F8041F95F810E012
:1094A800BEEBD14F33D15FFA81F8B8F1FF0FC1F3AA
:1094B800042BC1F3423AC1F302492AD14FF0000804
:1094C80073681A6808933369D3F8B0C002F130039F
:1094D8000993BCF1000F35D194F8B4302A685B00C9
:1094E80012B1928902FB0333EA689A4280F09680AF
:1094F800CDE903237B4B01220293002376491846CA
:10950800CDE900330DF0B2FE6FF00B04AFE7013385
:10951800B9E750F8083023FA0BF30AEA0303994530
:10952800CCD00DF0F0FE73680AFA0BFA1A6809FA43
:109538000BF952F8083023EA0A0343EA090342F810
:109548000830BBE79CFAACF10123B1FA81F103FAC8
:1095580001FA09294AEA8163089988BF43F0007330
:1095680091F9291001292ED1D06933F07F4B0B9046
:109578002ED1C3F3846081400B985FFA88F90843C1
:109588005949D061594851F82910824201F01F0EFB
:1095980028D04FF01F0B0998890901F00C01405899
:1095A8000BFA0EFBC3F3846303FA0EF320EA0B00F5
:1095B8001843099B58504E49136B51F8291023F052
:1095C8000F030B4313632CEA0A0C08F1010880E728
:1095D80093FAA3F1B1FA81F1012001F01F0100FA19
:1095E80001F1C9E70F20916A00FA0EF021EA0001A3
:1095F800BBF1000F0DD1C3F3846303FA0EF30B43E1
:109608003A493B488B628B6A50F8290003438B62C6
:10961800D9E793FAA3F3B3FA83F3EEE7726895F800
:1096280011801068B8F1000F64D1304B984203697B
:109638001ABF23F4806323F0030323F001030361BB
:10964800AB7C13B13046FFF7ABFD38460DF042FE58
:1096580010233B607B6804F1740643F004037B60CD
:109668002F460FCF0FC63B683360002626672B684E
:10967800002B00F089800FCB04F1880585E80F00E6
:109688006567A4F8986000287ED0D4E8EF3FC4E866
:10969800E26F002AF9D1D4F88800642263304FF0D1
:1096A800000346F10001F7F7DBFC0022CDE90001D9
:1096B800002304F1080007F0FDFF4FF0FF324FF0E0
:1096C800FF3304F1580006F0FDFC00B12067246F59
:1096D800CDE600BF164803082CBB01082B48030839
:1096E800544803086748030844D10108001002469B
:1096F80004D10108B8F10A0F44D8254B25499842EE
:10970800036928D023F4806323F0030343F00103A3
:10971800036192F92A3051F82890022B90D1012345
:10972800026903FA08F81C4B134003F58033B8EBC1
:10973800134F04D1036903F4F073994580D00DF0F9
:10974800E2FD0269154B08F1FF38134043EA08436C
:1097580043EA090373E743F00103036192F92A30EE
:1097680051F82890022B7FF46BAF03690DF0CBFD05
:109778000122036902FA08F223F4FE7343EA09039B
:1097880013435CE7064B82E620460DF07FFD94E725
:1097980000100246D8D001080000FF031FFE00FC9D
:1097A8008C48030841180DD2084B9862D962196891
:1097B800002021F4E0610A431A601A6842F400624A
:1097C8001A6070476FF08A00704700BF00140340AA
:1097D800074B1A6822F004021A605A68D207FCD4B0
:1097E8000222DA601A6842F001021A60704700BF6C
:1097F80000040340044B1A6822F001021A601A6838
:10980800D207FCD4704700BF000403402DE9F04F95
:109818001F465D889B8801351D44FB8887B01D4421
:10982800109B88469246BDF84490002B00F0C480F7
:10983800B9F57A7F80F0C080836805A99B6A98474C
:10984800002840F0BC80B9F1000F0AD15D4B109A96
:109858009A4239D840F26B395B4B9A4288BF4FF431
:109868004879059B0093109B5D43009BB3FBF5F57E
:10987800BAF808309D4238BF1D46109B03FB05FB14
:109888006FF0004301933B89AB4220DA0198B8F8A6
:109898000630B8F804205B08934228BF1346A8F89E
:1098A8000030BAF80020934203D93A889A4228BF78
:1098B8001A466FF00043984208BF6FF08500A8F879
:1098C800002007B0BDE8F08F40F2EE29C9E7009B01
:1098D800B3FBFBF00BFB10333BBB4FF47A7600FB7A
:1098E80009F2B2FBF6F281B27B88BAF80660B7F8E3
:1098F80004E08A1A92B20EEB0304B2420393BAF858
:1099080004C0BAF80230A4B2029612D9FE88964270
:1099180028BF16464A1E921B92B294420BD20E1BC7
:10992800FA88013EB6B2B24210D2109B01359B4470
:10993800A9E7029EEEE70CEB0304A4B2944232D9E5
:10994800091B029A01398EB2B242EED8B3EB540F1A
:109958004FEA540203D2039B934228BF1346E21AEC
:1099680092B2964521D27246A4EB0E039BB24FF4F5
:109978007A7104FB0114B4FBF0F40199A14534BFDA
:10998800A4EB0900A9EB04008142CED9A8F8023063
:10999800A8F80420A8F80660A8F8085000283FF4A2
:1099A80076AF0190C1E71446D0E7944582BFA4EB97
:1099B8000C0362469BB2DAE76FF0150081E76FF09F
:1099C80004007EE700350C0020A1070030B50D46E5
:1099D80087B0144600220023204606F07BF960B1C8
:1099E8002B680122CDE90343054B06490293002366
:1099F8001846CDE900330DF0EFFC07B030BD00BFCD
:109A0800D84803083CBB01082DE9F043054691B04E
:109A18001E46DDE9183017460C46D5F80890F1B116
:109A28000A684979C90706D5B2F1005F1CD31D2120
:109A38000820234B05E0B2F5006F15D30B21032056
:109A4800204BCDE90331204BCDE9050202930023D9
:109A580001221846CDE900331C490DF0BDFC6FF01A
:109A6800150011B0BDE8F083E3B90DF124081946DB
:109A78000122404610F0F5F8154BCDF8048000930C
:109A88003A46334621462846D9F81490C847002854
:109A9800E7D14FF0FF324FF0FF33404606F012FB9C
:109AA8000F98DEE7CDE91830D9F814E03A46334686
:109AB80021462846F44611B0BDE8F043604700BF90
:109AC800FB480308044903080D4903083CBB010887
:109AD800D973010870B586688AB0F9B1F3B11D7AF7
:109AE8001C6815F0010F5D681CD0B4F1005F02D24C
:109AF800B5F1005F20D31D210823124ACDE90735AF
:109B0800CDE90534104BCDE903210293002301224E
:109B18001846CDE900330D490DF05EFC6FF01500D5
:109B28000AB070BDB4F5006F02D2B5F5006F03D36B
:109B38000B210323064AE1E7B469A4460AB0BDE84D
:109B480070406047FB4803083A4903083CBB0108DA
:109B58000449030810B41346826894690A46A44667
:109B680001495DF8044B6047D599000873B5144660
:109B78001E4682683032074D8368AC4203F13A03CF
:109B880005D8CDE90046FFF741FE02B070BD6FF081
:109B98001500FAE740420F0073B514461E46826866
:109BA8004832074D8368AC4203F1520305D8CDE92A
:109BB8000046FFF72BFE02B070BD6FF01500FAE704
:109BC80000127A001FB5002304460A46CDE9013386
:109BD800ADF80C304368596843688A429B681CD3C7
:109BE8009A421AD8104B9A4214D840F26B330F4954
:109BF8008A4288BF4FF44873204601A9FFF7B6FF91
:109C0800002805DB32280BDC204601A90DF0F4FB07
:109C180004B010BD40F2EE23EEE76FF08500F7E7E1
:109C28006FF02100F4E700BF00350C0020A1070009
:109C38001FB5002304460A46CDE90133ADF80C30C0
:109C48004368596843688A429B681CD39A421AD869
:109C5800104B9A4214D840F26B330F498A4288BF9E
:109C68004FF44873204601A9FFF796FF002805DB4B
:109C780032280BDC204601A90DF0D1FB04B010BD41
:109C880040F2EE23EEE76FF08500F7E76FF0210072
:109C9800F4E700BF00350C0020A1070030B5436889
:109CA80087B09B690D461B689847044658B1074B17
:109CB800CDE903500293002301221846CDE9003371
:109CC80003490DF0D7FB204607B030BD874903088C
:109CD80044BB010830B5436887B09B690D465B6893
:109CE8009847044658B1074BCDE903500293002327
:109CF80001221846CDE9003303490DF0BBFB20468D
:109D080007B030BDAA49030844BB01082DE9F04F4C
:109D1800054690469DB00493436848228B460AA89E
:109D28000021D3F81C9011F0D3F94146284607AA20
:109D3800FFF7B4FFF0B9DFF864A1079E730619D0E6
:109D4800C6F3052606EBC6010BEBC10189B2082351
:109D5800284608AA05910DF079FB059968B14B4B87
:109D6800039002930023CDE90033012218464849A5
:109D78000DF080FB1DB0BDE8F08F9DF82630C3F3D1
:109D880003008DF82C009DF8230003F00F028706CE
:109D980042BF9DF82D4044F002048DF82D409C06EA
:109DA80042BF9DF82D4044F004048DF82D40DF0695
:109DB80042BF9DF82D3043F008038DF82D3004067E
:109DC80048BF9DF82D309DF8274044BF43F010034D
:109DD8008DF82D30400604F07F0424D5089BC3F38A
:109DE8001C030A939DF82D3043F001038DF82D30A4
:109DF8001AF80230402B3ED89DF82D7017F0020754
:109E080017D1B3B103330831284603F4FE730CAA03
:109E180089B20DF01BFB60B11E4B0390CDE90173B5
:109E280000973B46A1E7BDF82230C3F38A030A93A3
:109E3800DEE79DF82D3022B2D9074CBFD9F808309B
:109E4800D9F80430E4001C4453F83230626813B186
:109E580028460AA99847324628460499FFF73AFF48
:109E6800002887D14146284607AAFFF717FF002890
:109E78003FF463AF7EE7084B0122029300230449B5
:109E88001846CDE900330DF0F5FAE4E7CE490308AA
:109E980044BB0108F54903081A4A0308534E03084E
:109EA8002DE9F341054606694FF0FF3210364FF0B1
:109EB800FF3330460DF0EDFA1821284601AAFFF7C6
:109EC800EDFE044648BB019A182122F010022846EC
:109ED8000192FFF7FFFE0446F8B905F0C9F818210A
:109EE800074601AA2846FFF7D9FE0446A8B9DFF8B5
:109EF8004C80019B1B0710D505F0BAF8C01B4045E4
:109F080012D9019A182142F0100228460192FFF74F
:109F1800E1FE041E08BF6FF00A0430460DF0BBFADC
:109F2800204602B0BDE8F0811821284601AAFFF7B3
:109F3800B5FE0028DDD00446EFE700BF0024F4009A
:109F480070B50469054623790E462BBB10344FF0D3
:109F5800FF324FF0FF3320460DF09BFAF38832882A
:109F6800013B013A03F07F0343EA4263B288318937
:109F7800013A120202F47F421343094A013902EA04
:109F8800014228461C211A43FFF7A4FE0546204635
:109F98000DF081FA284670BD6FF00F05FAE700BF93
:109FA8000000FF012DE9F04FD0F81080054698F821
:109FB8000460D0F804A087B0002E78D1DAF8000049
:109FC800A8B18368D8F800101B689847044670B198
:109FD800384B0390CDE901630122334630463649B8
:109FE80000960DF047FA204607B0BDE8F08F2E69BD
:109FF8004FF0FF3210364FF0FF3330460DF049FA7C
:10A008001821284605AAFFF749FE0446A8B130469C
:10A018000DF041FA294B01220293002326491846E4
:10A02800CDE9003303940DF025FADAF80000002892
:10A03800D9D083685B689847D5E7059A182122F03C
:10A04800010228460592FFF745FE04460028DED1A6
:10A0580010F0E3F905AA0746894628461821FFF7B4
:10A068001DFE04460028D2D140F2E93B059BDB07E0
:10A0780008D430460DF00FFA002CCBD1012388F814
:10A088000430B0E710F0C9F9C01B61EB090158456D
:10A0980071F1000108DA1821284605AAFFF7FEFD2C
:10A0A8000028E3D00446E4E76FF00A04E1E76FF024
:10A0B800770498E72B4A030844BB0108554A03086C
:10A0C8002DE9F041072980460D46066986B010D96A
:10A0D8002E4B03910293002301221846CDE9003349
:10A0E8002B490DF0C7F96FF08504204606B0BDE88E
:10A0F800F0813379002B46D106F110074FF0FF327B
:10A108004FF0FF3338460DF0C4F91821404604AA31
:10A11800FFF7C4FD0446002831D11021404605AAA6
:10A12800FFF7BCFD044650BB049BE80745BF43F05E
:10A138008003049323F08003059B58BF0493049A7B
:10A1480044BF43F010030593A9074CBF42F0200217
:10A1580022F020026B074CBF42F4407222F4407296
:10A16800182140460492FFF7B5FD044638B910217E
:10A178004046059AFFF7AEFD044600B935603846FB
:10A188000DF089F9B1E76FF00F04AEE7784A0308DC
:10A1980044BB01082DE9F04186B0502105AA0446C8
:10A1A8004568FFF77BFD00283ED1214F214EDFF89F
:10A1B8008880059A12F0990236D050212046FFF780
:10A1C80089FD88BB059BD80705D5A823A42220466E
:10A1D800E98EFFF79BFD059BD90605D5B823B42268
:10A1E8002046298FFFF792FD059B1A0708D5002303
:10A1F800012231461846CDE9003302970DF03AF9AD
:10A20800059B1B0609D50023012231461846CDE9D6
:10A218000033CDF808800DF02DF95021204605AA0D
:10A22800FFF73CFD0028C4D006B0BDE8F08100BFB0
:10A23800914A030844BB0108A74A03082DE9F04FD7
:10A248008DB0502108AA04460769FFF727FD0028AA
:10A2580040F0A5806E4E089A324000F0A080502150
:10A268002046FFF737FD002840F09980089B13F03F
:10A27800607F36D0D4F8108063682046D8E902ABF6
:10A2880009AA0DF11F01D3F81C900DF0A3F940BBEA
:10A298009DF81F50BAF1000F04D05B4629462046AE
:10A2A800099AD047032D1CD14FF0FF32D421204604
:10A2B800FFF710FD0546A0B9824608F1240899F871
:10A2C8000C309D426ED3182120460AAAFFF7E6FCFF
:10A2D80038B90A9A182122F0010220460A92FFF79B
:10A2E800F9FC089BDD0427D5D4F80480D4F810A025
:10A2F800D8F81C90F421204609AAFFF7CFFCD8B95A
:10A30800099DA80618D0B8F83C10C5F3042501EB40
:10A31800C501082320460AAA89B20DF097F800283B
:10A3280057D03C4B03900293002301221846CDE9F5
:10A33800003339490DF09EF8089B19040DD5374BA9
:10A3480001220293002334491846CDE900330DF069
:10A3580091F807F1240005F07BFE089B9A0009D5C7
:10A368002F4B0122029300232B491846CDE90033D5
:10A378000DF080F8089B9B0309D52A4B0122029314
:10A38800002325491846CDE900330DF073F8502114
:10A39800204608AAFFF782FC00283FF45CAF0DB006
:10A3A800BDE8F08FD9F80030EA0053F835B0BBF1BA
:10A3B800000F0CD043F835A0D9F800306FF07101C8
:10A3C800134420465A68D847404605F041FE0135F7
:10A3D80075E72A46F82120469DF82FB0FFF77AFC4A
:10A3E80005460028A8D1D9F800100FFA8BF001EB28
:10A3F800CB035A6851F830B0059241F830500AF151
:10A40800240005F025FE29462046059AD84771E71D
:10A418000090823BBD4A030844BB0108E34A030895
:10A42800F84A0308134B03082DE9F04F07469946ED
:10A438000569436808798FB00F28D3F81CB00793D3
:10A44800034628BF0F2316468D4A884612F803A0F4
:10A4580000234A79CDE90C339101C2F3400401F09D
:10A46800400141EA44118DF8331000F00F01C2F3A6
:10A47800C00461F07F0141EA0411C2F3800441EA9B
:10A4880044110F2A8DF836100FD903927D4A1846C9
:10A49800CDE901327C49012200930CF0EBFF6FF00B
:10A4A800850420460FB0BDE8F08F2B6813F0040335
:10A4B8000CD112F00C0F09D0744A1846CDE90132BC
:10A4C8007149012200930CF0D5FFE8E7BAF1400F7B
:10A4D8000FD94023CDE903A36D4B0122029300233A
:10A4E80069491846CDE900330CF0C4FF6FF0150434
:10A4F800D7E712F004030DD00F2811D9654B03904C
:10A508000293002301221846CDE900335E490CF07E
:10A51800B1FFEBE7082803D95F4A03900292F1E7FD
:10A528002B79002B00F0A380442138460BAAFFF7B3
:10A53800B5FB04460028B4D10B9B1A0600F19A809B
:10A5480005F12403089332464B46089805F0BAFDF6
:10A558000446002840F091803C354FF0FF334FF01F
:10A56800FF3228460CF095FF9BF80C30A34237DCED
:10A578004FF0FF3698F80530D8F80020DB074BBFBE
:10A588000C9BBDF8323062F31C0362F38C034CBFA2
:10A598000C93ADF8323006EBC603DB009BB209938F
:10A5A800079B3846D98F099B0CAA194489B20823FE
:10A5B8008DF837600CF052FF0446D0B1374B03904A
:10A5C80002930023CDE90033012218462E490CF0EE
:10A5D80051FF28460CF05FFF089805F039FD60E749
:10A5E800DBF80020264652F83420002AC2D0013475
:10A5F800BCE798F8059019F002091BD1BAF1000FD1
:10A6080018D0079A0999D28F0AF103030832114426
:10A61800384603F4FE7308F1080289B20CF01EFFF5
:10A62800044638B11E4B0390CDE90193CDF8009054
:10A638004B46C9E7DBF80030189AD02143F836209A
:10A64800DBF80030F2001344199A38465A600122A8
:10A65800B240FFF73FFB044628B10022DBF8003088
:10A6680043F83620B5E728460CF015FF19E76FF0D8
:10A67800720416E76FF0710413E76FF00A0410E72D
:10A68800534E03082E4B030844BB0108514B0308E3
:10A698007C4B0308AC4B0308CE4B0308F04B030874
:10A6A8001A4C03082DE9F04F0024894619685B68A5
:10A6B8009246334AD0F804B00669C3F30A0302EAA3
:10A6C800014243F000431343DBF81C8087B0103687
:10A6D800059305464FF0FF334FF0FF3230460CF03C
:10A6E800D8FE98F80D30A3420FDC264B02220293C5
:10A6F800002325491846CDE900330CF0BBFE30464F
:10A708000CF0C9FE6FF01B0536E0D8F8042052F8AB
:10A71800347087B10134E6E730460CF0BCFED8F857
:10A728000430254643F83490D8F8043003EBC403CA
:10A73800C3F804A020E09DF8172004F001030133BA
:10A7480063F3C5028DF81720BBF83210284601EBD9
:10A758008401042305AA89B20CF080FE054600286E
:10A76800DAD00A4B0122CDE9017338463B46064947
:10A77800039500970CF07EFE284607B0BDE8F08FE1
:10A788000000FF076E4C030844BB0108424C030855
:10A798002DE9F04F1C7AD0F804B089B0012C064698
:10A7A80092469C46DBF81C50059110D9434B012278
:10A7B8000293002342491846CDE9003303940CF074
:10A7C80059FE6FF08506304609B0BDE8F08F002CC1
:10A7D80046D00024CDF81B40069BDCF800208DF8FD
:10A7E8001F4062F31C030693DCF80430079A0769DC
:10A7F80023F0604302F0005243F000431343103744
:10A8080007934FF0FF324FF0FF3338460CF041FE0C
:10A81800AB7B9C420FDB2B4B02220293002328497F
:10A828001846CDE900330CF025FE38460CF033FE0F
:10A838006FF01B06C7E7AA6852F83480B8F1000F1A
:10A8480013D00134E5E738460CF025FEAB68059ACD
:10A85800264643F83420AB684B44C3F804A02AE0EA
:10A8680009B0BDE8F04FFFF71DBF9DF81B20BBF8EE
:10A87800341004F00103013363F3471201EBC40100
:10A8880030468DF81B20082306AA89B20CF0E6FD95
:10A898004FEAC40906460028D5D00B4B0122CDE962
:10A8A80001834046434606490396CDF800800CF0E4
:10A8B800E1FD002E87DB6B7B1E4484E78E4C03088A
:10A8C80044BB0108B24C0308424C03082DE9F0438D
:10A8D800D0F804900C1E0546D9F81C60076985B0AD
:10A8E8000DDA314B01220293002330491846CDE995
:10A8F800003303940CF0BEFD05B0BDE8F0831037BB
:10A908004FF0FF334FF0FF3238460CF0C2FD737B37
:10A91800A3422BDCB27BE31A9A424FF0000410DC0E
:10A928000393214BCDE901432346009401221846A5
:10A938001E490CF09FFD384605B0BDE8F0430CF009
:10A94800AABDB268284642F83340B26802EBC30297
:10A958005460B9F83410082201EBC30189B20CF035
:10A9680085FD0028E7D0124B0390DBE74FF0000885
:10A978007368042243F834807368284603EBC403E1
:10A98800C3F80480B9F8321001EB840189B20CF0E5
:10A998006DFD0028CFD0074B0390CDE90183CDF89A
:10A9A80000804346C2E700BFD24C030844BB0108FD
:10A9B800ED4C0308194D03082DE9FF470769456861
:10A9C8003B790646D5F81C80002B4DD04FF47A729F
:10A9D80000230CF062FD044678B1254B0122029356
:10A9E800002324491846CDE900330CF043FD6FF0ED
:10A9F8000404204604B0BDE8F087286888B183685D
:10AA08005B689847054660B11B4B0390CDE901434D
:10AA1800204623460094012216490CF02BFD2C46B3
:10AA2800E7E70025A94630460CF00DFE243707F865
:10AA3800205C98F80C309D42DBD2D8F80030EA0050
:10AA480053F835A0BAF1000F0CD043F83590D8F878
:10AA580000306FF07201134430465A68D0473846C8
:10AA680005F0F6FA0135E4E76FF07704C1E700BFB7
:10AA7800454D030844BB01085F4D03080023F0B5AA
:10AA880046688DB00546CDE90633CDE90933F76947
:10AA98000469ADF82030ADF82C3004F110000EF048
:10AAA800F3FF04F13C000EF0EFFF3A7B114604F18E
:10AAB80024000FF0D6F8306870B10EF025FE03467A
:10AAC80050B9644A6449CDE90102009001220CF0B2
:10AAD800D1FC6FF012041DE02846FFF7E1F90446A7
:10AAE80028B15E4B02930023CDE900330BE04FF40D
:10AAF8007A72002328460CF0D0FC70B1584BCDE98F
:10AB08000143234600940122184653490CF0B2FC35
:10AB18006FF0040420460DB0F0BD28460CF093FDFC
:10AB28001821284605AAFFF7B9F804460028F1D1EC
:10AB3800059A182122F4697228460592FFF7CAF887
:10AB480004460028E6D11021284605AAFFF7A6F8F2
:10AB580004460028DED1059A102122F0100228466A
:10AB68000592FFF7B7F804460028D3D1802128467C
:10AB780005AAFFF793F804460028CBD1059A80214F
:10AB880042F02B0228460592FFF7A4F80446002855
:10AB9800C0D1F268338A284606A9FEF7E7FF1630C7
:10ABA80001D1304BABE77269738A284609A9FEF7D1
:10ABB800F3FF163001D12C4B94E7284606A90CF078
:10ABC8001BFC044658B1294B039002930023CDE99E
:10ABD80000330122184620490CF04CFC79E728463E
:10ABE80009A90CF01CFC30B1214B0390CDE90143BD
:10ABF80000942346EDE71F4A542128460592FFF7A3
:10AC080069F80446002885D19922582128460592DA
:10AC1800FFF760F8044600287FF47CAF03225C212C
:10AC280028460592FFF756F8044600287FF472AFCD
:10AC38004FF0FF32E02128460592FFF74BF8044613
:10AC480000287FF467AF0146326C28460CF00EFCF2
:10AC580004465FE7A44D030844BB01088A4D030876
:10AC6800454D0308BE4D0308E04D03080C4E03088C
:10AC78002A4E030899908203D02848D02DD8A828B6
:10AC880047D011D884284ED0A0F188039BB21C2B42
:10AC980055D801222A499A400A4244D1082B3AD071
:10ACA8001C2B08BF90207047B82836D00AD8B42883
:10ACB80035D044D8AC2836D04FF6FF73B02808BF3B
:10ACC80018467047CC282CD039D8BC282BD04FF642
:10ACD800FF73C82808BF18467047E02826D007D851
:10ACE800D82825D0DC2825D0D42808BFD020704704
:10ACF800F42821D007D8E42820D04FF6FF73F02895
:10AD080008BF18467047F82808BFE8207047CC20CD
:10AD1800704794207047842070479C207047982083
:10AD28007047C82070474FF6FF707047DC207047A7
:10AD3800D4207047D8207047E4207047E02070473F
:10AD4800010011012DE9F041436886B05E6C0546AB
:10AD58000021706905AA0DF0E9FC041E07DB059BBC
:10AD680000221979186802F081FA041E0EDA3C4BA9
:10AD780003940293002301221846CDE90033394990
:10AD88000CF059FD204606B0BDE8F0816B685F6C99
:10AD9800354C20460EF0B8FC00285AD0BB68F9683C
:10ADA800012BD4F8088018D9D8F8183008318BB19D
:10ADB800204600229847041E0FDA2C4B01220293EA
:10ADC800002328491846CDE900330CF034FD284B00
:10ADD8000394CEE76FF05704EFE7D8F80030F9682E
:10ADE800002B39D020489847041EF0DB3B7E33B156
:10ADF80028460CF028FC3B7E1E4A5B081360284658
:10AE08000CF021FC8021284605AAFEF747FF0446DE
:10AE18000028B7D1059A802142F0016242F440220D
:10AE280028460592FEF756FF04460028AAD14FF09F
:10AE38008072C0212846FEF74DFF04460028A1D1A4
:10AE48002846FFF71BFE044600289BD13369984724
:10AE580098E76FF01204BAE76FF05704B7E700BF3E
:10AE68006C4E03084CBB0108CCB401088A4E030899
:10AE7800B44E030800A5004070B5436886B00D467F
:10AE88005E6C1C4C20460EF03FFC00282FD0B268A8
:10AE9800A368012AF168DB681BD908316BB9164B26
:10AEA8000293002301221846CDE9003313490CF020
:10AEB800C2FC6FF0040006B070BD204605AA984792
:10AEC8000028ECDB0E4A059B116859B900202B605D
:10AED800F1E70BB90B4BE3E7204605AA9847002892
:10AEE800F0DAF7E712685200B3FBF2F3EEE76FF01F
:10AEF8001200E0E7CCB40108D54E03084CBB0108AA
:10AF080000A50040014F03080D4A0E49936813F449
:10AF1800000308D0936813F400030CD1D2F8F4208E
:10AF280051F8230070479068000207D4D2F8F43033
:10AF3800C3F30333F4E793681B0FF1E79268EFE775
:10AF4800000C024634D9010838B5324B0D46186852
:10AF58000B881446C3F30B030F2B2CD813B96FF0CF
:10AF680085003BE0013B0E2BF9D801A252F823F0F3
:10AF7800E7AF0008B5AF000867AF0008BBAF00082F
:10AF880067AF0008FFAF0008F3AF0008F9AF00088B
:10AF9800D9AF0008D9AF0008D9AF0008D9AF000869
:10AFA80003B00008E7AF0008E7AF00084FF400401F
:10AFB8000EE019480CE0882B0AD003F67473C3F32B
:10AFC8000B031C2BCBD8154A22FA03F3DB07C6D593
:10AFD80020602B68B3F5805F14D2002038BDFFF7DE
:10AFE80093FF502358434008F2E7FFF78DFFEFE740
:10AFF8000B4B1868ECE70B48EAE7FFF785FF50238F
:10B008005843E5E7C3F313330133B0FBF3F0206093
:10B01800E3E700BF000300200024F4001101111130
:10B0280034D90108006CDC0237B5A24CE36903F09F
:10B038000C03082B00F036819F4A42FA03F3D80725
:10B0480000F13281FFF760FF236A9C4A03F00F0387
:10B05800D35C20FA03F59A4BDA6842F44032DA609E
:10B06800DA681104FCD59748854201D204F082FBC6
:10B07800904C236823F480232360236843F48033AF
:10B08800236023689A03FCD5D4F8943043F0040372
:10B09800C4F89430D4F8943003F004030193019B6E
:10B0A800FAF788FFD4F8F03023F0180343F01003C0
:10B0B800C4F8F030D4F8F03043F00103C4F8F030AD
:10B0C8007C4CD4F8F0309B07FBD5D4F8F03043F033
:10B0D8008003C4F8F030D4F8F0301805FBD5FAF73F
:10B0E80087FFA36843F40003A360A36823F07043B9
:10B0F80043F08043A360236843F040032360236840
:10B1080043F008032360236843F001032360694B7D
:10B118001A685107FCD51A6842F480521A601A68F6
:10B128009204FCD5DA6902F00C020C2A1AD11A68CA
:10B13800540507D41A6842F480721A605D4A13688D
:10B148005805FCD55B4BDA6922F0030242F0010294
:10B15800DA61DA6902F00C02042AFAD11A6A22F0DA
:10B168000F021A62534B1A6822F080721A609A6AA8
:10B1780022F0030242F001029A62514AD16821F496
:10B188008021D160D46814F48044FBD19A6A49497B
:10B1980022F470429A624C4B4C4A1B699342B6BFE8
:10B1A8004B4A102393FBF2F38A6A03EBD37322F41E
:10B1B80070425B1042EA03338B62414BDA6842F417
:10B1C8008022DA60DA685104FCD5FFF79DFE414A17
:10B1D800A0F57413A3F51063934205D93E4B3C4A7E
:10B1E8000344934262D20C24324B9A6A22F470626E
:10B1F8009A629A6A22F00C0222439A625A6B22F4EB
:10B20800FF7222F0010242F04F025A639A6A22F05A
:10B2180010029A625A6B22F4FE0242F480325A6398
:10B228009A6A42F400329A625A6B22F0FE4242F065
:10B2380080725A639A6A42F480229A621A6842F0CB
:10B2480080721A601A689201FCD5DA6A22F0030249
:10B25800DA621A6B22F003021A631A6A22F00F02EA
:10B268001A621A6A22F070021A621A6A22F4E062FA
:10B278001A625A6A22F070025A62DA6942F00302CC
:10B28800DA610C4AD36903F00C030C2BFAD10D4C8C
:10B29800A54202D3204604F06DFA00200F4B1C6033
:10B2A80003B030BD0E48CFE60020CDE66FF0210098
:10B2B800F6E700BF000C0246FEEFFFFFDA5B03086B
:10B2C800000802460068890934D901080020A1074E
:10B2D80000127A0000093D00FFED85FF0003002001
:10B2E8000024F40008B507480EF00EFA38B10648F5
:10B2F800FCF732FB0448FAF7CFFD002008BD6FF0D9
:10B308001200FBE7ECB6010815B300080A2838B5A7
:10B318000446074D04D1AB680D2128465B68984761
:10B32800AB6803485B68E1B29847204638BD00BF68
:10B33800ECB6010838B5064B45680C4653F8213081
:10B34800286998470020EB6824B243F8340038BDD8
:10B35800DCD2010801238B402DE9F041DB4305468F
:10B368000C464668026937690C32D2E8EF0F18407C
:10B37800C2E8E10F0029F8D10E4B384653F82430C3
:10B3880098470022F36853F8346003EBC40843F885
:10B3980034206EB1084B384653F824309847B446E9
:10B3A8000246D8F804302846E1B2BDE8F0416047CB
:10B3B800BDE8F081DCD20108FCD201082DE9F04F8C
:10B3C8000D46804640680FFA81FBC16800695668DF
:10B3D800C06A85B0864201EBC50400F29B8051F833
:10B3E8003B00002840F09980106841F83B009168C4
:10B3F8006160D8F80430D2F80CA00093D8F8103067
:10B40800546899460AF001030193009B444A1F6956
:10B4180052F82520FE6A796A384602919047414AD7
:10B42800029952F8252038460391029290473E48E7
:10B4380050F8253038469847DDE901320399002B4A
:10B448003CD0D9F80810CAF3400AA6EB01092146F6
:10B4580038469047D8F80410701C0A690642526AA8
:10B4680004F1FF3444D1A21A02EA0604A1454AD2E3
:10B47800019B002B14BF6FF03D000020BAF1000FB4
:10B488003CD00122D8F8103002FA05F50C33D3E885
:10B49800EF6F2E43C3E8E46F002CF8D191F9243004
:10B4A800002B08DB590903F01F039A4001F1400300
:10B4B8001E4941F8232005B0BDE8F08F4FEA560930
:10B4C8004C4506F1010032BF4FF0010A4FF0000A67
:10B4D800B146304203D1214401EA0604B7E7701AA5
:10B4E800844285BF04F1FF3464186418A41BAEE7D6
:10B4F800944236BF801AA41A2418B7E7009BDA686A
:10B5080042F83BA0D7E70A4B384653F8253098470E
:10B518000020D0E76FF01500CDE76FF00F00CAE705
:10B52800FCD201080CD30108CCD2010800E100E0EC
:10B53800ECD201082DE9F04F3D4F4568D7F808B027
:10B548000646DBF80030D0F81090D5F810808BB0A4
:10B5580005F1180A9BB1514638469847041E11DA7E
:10B56800344B03940293002301221846CDE900339B
:10B5780031490CF00DFB20460BB0BDE8F08F6FF0A1
:10B588005704EDE738460EF0BFF820B3DBF80C306F
:10B59800E3B15146384605AA9847041E18DB6B6983
:10B5A8005A1C059BB3FBF2F3C9F81030A86A0EF0D9
:10B5B800ABF8034690B9214A1F49CDE90102009032
:10B5C80001220CF0E5FA6FF01204D4E76FF057048B
:10B5D8001B4B0394C6E76FF01204F9E7D5E90A019B
:10B5E8008368DB6803B198472B6A3046984705A8FB
:10B5F8000EF068F86B690025ADF81430069573688D
:10B6080040461B6805A9CDE9073503F0F3FD04465C
:10B618000028B0D00B4B0122CDE9015328462B4618
:10B62800054900950CF0B4FA6FF00404A3E700BFD5
:10B63800CCB40108944F03085CBB0108D64F03083B
:10B64800B44F0308F14F03087FB5026944680B78CB
:10B658001078984200D373B90393244B01220293C4
:10B66800002323491846CDE900330CF02AFB6FF07C
:10B67800150004B070BD4B7803F0FB00082827D1F3
:10B6880053700B781B4A013B52F823208B78022514
:10B69800DB43266802F01002F06B03F001039540CB
:10B6A8005B0020EA0500934003430120F36326680A
:10B6B8008B78F56B9040C3F34003934025EA000272
:10B6C8001343F36322681368034313600020D0E731
:10B6D800094B01220293002305491846CDE900339E
:10B6E8000CF0EFFA6FF08500C3E700BF6B5003085A
:10B6F80064BB01084CD301088350030830B50369C3
:10B7080014461A7840688A4285B000D371B9214B33
:10B71800012202930023CDE90033039118461E4904
:10B728000CF0CFFA6FF0150005B030BD01225B7840
:10B7380002FA03F5A54206D8184B03940293002396
:10B74800CDE90033EAE7082B10D1154B03EB810351
:10B7580013F8013C01689B0003F03C030831CA5808
:10B7680022F0FF022243CA500020DDE70C2BFBD158
:10B778000B4B013953F821100268090F083252F8AF
:10B78800213023F47F6323F00F03234342F8213051
:10B79800EAE700BF6B50030864BB01089C5003082C
:10B7A8004CD3010870B5466886B01F4C20460DF092
:10B7B800ABFF034660B91D4A1D49CDE9010200905F
:10B7C80001220CF07EFA6FF01204204606B070BD1C
:10B7D800A368311D1B6813B96FF00404F5E7204610
:10B7E800984705460028F7D1014605AAF0680CF0ED
:10B7F8009DFF041E09DB059B2A461979186801F08C
:10B8080035FD041E01DB0024DFE7A31CFBD0094B38
:10B8180001220293002306491846CDE90033039418
:10B828000CF04FFAD1E700BFCCB40108661D03083D
:10B8380064BB0108B55003084268D2E904328A4261
:10B848000CD9084A002052F82110074A52F8212042
:10B8580013445A6922F004025A6170476FF01500C8
:10B86800704700BF54D30108DCD3010870B54468A1
:10B87800D4E904038B4213D91C230B4E4B4356F8CF
:10B8880021600A49A46951F82610E51801440020EE
:10B89800896C89B25160E3585370AB79137070BDED
:10B8A8006FF01500FBE700BF54D30108DCD3010893
:10B8B8007FB505464668174883681B6873B9164BF9
:10B8C80001220293002315491846CDE900330CF0F4
:10B8D8008BFA6FF00404204604B070BD31469847D7
:10B8E80004460028EBD12846B368984723461C2114
:10B8F80020467269934207D300232A6913602A6994
:10B9080053602A699360E6E7B26901FB03220133B9
:10B918009071EEE7CCB40108FE5003086CBB010837
:10B9280070B54368D3E904438B4216D90C4B0D4DCF
:10B9380053F8216055F8263023445A6942F004022E
:10B948005A610A2000210EF050FB55F82630234496
:10B958001B699B04F5D5002070BD6FF01500FBE74F
:10B9680054D30108DCD30108054B53F82120054BBB
:10B9780053F8223018440069C0F30020704700BF14
:10B9880054D30108DCD30108054B53F82120054B9B
:10B9980053F8223018444FF48073C360704700BFD7
:10B9A80054D30108DCD30108084B53F82120084B75
:10B9B80053F8223018444FF48063C3604FF4006397
:10B9C800C3604FF48053C360704700BF54D301086D
:10B9D800DCD30108054B53F82120054B53F82230DE
:10B9E80018440069C0F34020704700BF54D30108D1
:10B9F800DCD30108054B53F82120054B53F82230BE
:10BA080018444FF40073C360704700BF54D3010853
:10BA1800DCD3010870B588B00446FFF7A5FF0546DA
:10BA28002046FFF7D7FF104B53F821200F4B53F850
:10BA3800223023441A6919691B69C1F3C021C3F371
:10BA4800003307930A4BC2F3802202930023CDE907
:10BA58000402069103221846CDE9003305490395EF
:10BA68000CF0C2F908B070BD54D30108DCD301084A
:10BA78000F5103086CBB0108074B53F82120074BF3
:10BA880053F822200244506910F480701CBF1069DA
:10BA9800C0F30020704700BF54D30108DCD301086D
:10BAA800074B53F82120074B53F8222002445069D2
:10BAB80010F400701CBF1069C0F34020704700BF2D
:10BAC80054D30108DCD3010838B50446FFF76CFFEE
:10BAD800064B53F82120064B53F822004FF48043BD
:10BAE8002044C3604FF40053C36038BD54D30108E9
:10BAF800DCD301081C232DE9F043064640680D46B7
:10BB08008469D0F8108003FB014494F8059085B04F
:10BB1800B9F1000F06D1A379DBB905B0BDE8F04350
:10BB28000CF071B94046FFF7BBFFD0B92946404633
:10BB3800FFF7A2FF0746F0B1237E03B9A371B9F15D
:10BB4800000F03D129464046FFF71EFF002367690F
:10BB580009E04046FFF7A4FF0028E7D04046FFF77A
:10BB680049FF012367692A463046BC46216905B06A
:10BB7800BDE8F04360470D4B0122CDE901030C49B4
:10BB8800034600900CF030F9A771736829461869CC
:10BB9800FFF740FF294670680CF035F965690A46D9
:10BBA8006FF004033046AC462169E0E739510308D9
:10BBB8006CBB0108054B53F82120054B53F8223084
:10BBC8001844436943F001034361704754D30108A3
:10BBD800DCD30108054B53F82120054B53F82230DC
:10BBE8001844406900F00100704700BF54D30108B1
:10BBF800DCD3010808B50B4B53F821200A4B53F846
:10BC0800223003445A6942F004025A615A6942F0E8
:10BC180002025A61FFF7DEFF002814BF6FF00A0026
:10BC2800002008BD54D30108DCD301081C222DE9EB
:10BC3800F041436806469C69D3E904738B4202FBD2
:10BC480001442ED994F80580B8F1000F04D00023E0
:10BC5800A3710020BDE8F0813846FFF7BBFF00283C
:10BC6800F7D0114B53F82120104B53F822303B44A6
:10BC78005A6922F480725A615A6922F480525A61D0
:10BC88005A6922F400625A615A6922F480625A6140
:10BC980070680CF0B8F838460CF00EF984F8068095
:10BCA800D7E76FF01500D5E754D30108DCD30108B6
:10BCB8002DE9F84F9A4643689146D3E904728A42BF
:10BCC8000D4604D86FF015042046BDE8F88F1C26F1
:10BCD80038464E43D3F818B00CF0EEF80BEB0608D4
:10BCE8000446E0B95BF80630022BEBD80D4B38461A
:10BCF80053F825200C4B53F822100A9A3944C1F8FE
:10BD08004C90C1F850A08B6C1B0C1B0413438B6424
:10BD18000123294688F80630FFF74CFFD4E76FF077
:10BD28000F04D1E754D30108DCD301082DE9F04F03
:10BD38004FF01C08D0F804A008FB01F8DAF818B096
:10BD48001446DAE904928A4203460E4687B00BEBA2
:10BD5800080706D8A54B039102930023CDE90033C9
:10BD680041E0B87900F0FF0280B1A14B0391029342
:10BD78000023CDE90033012218469E490CF034F81F
:10BD88006FF00F05284607B0BDE8F08F4846CDE9AB
:10BD980004230CF091F8DDE90423054630B1964BF5
:10BDA8000396CDE9012300921346E4E7586831462B
:10BDB8000CF029F8638803F47E63B3F57E6F07D12E
:10BDC8000123BB717B71A3697B6163693B61D9E71F
:10BDD80023695B69B3F5803F0DD30393874BCDE9A6
:10BDE80001532B4600950122184682490BF0FCFFAF
:10BDF8006FF01505C6E7A288E38893420AD0804B06
:10BE08000122CDE9015328462B467A4900950BF0CB
:10BE1800EBFFEDE7042B05D05A1E012A02D9039344
:10BE2800784BDCE70123BB71A3697B61637803F07E
:10BE380007034BF8083063693B61A388BB60E3885C
:10BE4800FB6023691B6843B96F4A1846CDE9013284
:10BE58006849022200930BF0C7FF23695B6843B966
:10BE68006A4A1846CDE901326249022200930BF072
:10BE7800BBFF2369D3E90012654B53F82600654BD5
:10BE880053F8200009EB0003D9641A652168C1F34F
:10BE9800C331042902D9604B03915DE7DFF888C1FB
:10BEA8005A695CF8211022F440020A435A61627808
:10BEB80002F00702012A06D0022A7FD0002A7FD08A
:10BEC800564B039248E74FF480615A6C22F4C062E3
:10BED8000A435A642269127FC2F38102012A72D08E
:10BEE800022A73D0002A75D11A6C42F008021A642B
:10BEF8002269127FC2F30112012A64D0022A6DD08E
:10BF0800002A6FD11A6C42F400221A645BF80820E8
:10BF1800DFF818C1911E4A424A413A71A28892FA42
:10BF2800A2F1002AB1FA81F108BF4FF0FF311A6C73
:10BF38005CF8211022F003020A431A64E288DFF851
:10BF4800F0C092FAA2F1002AB1FA81F108BF4FF0CD
:10BF5800FF311A6C5CF8211022F440320A431A644B
:10BF68009A6C2169120C496912040A439A64596C43
:10BF7800227821F07F010A435A64D4F810E09EF831
:10BF88001C20510656D45A6942F480325A61DA6F3D
:10BF980022F47F4222F0FC02DA675A6942F4807286
:10BFA8005A615A6942F480525A615A6942F40062ED
:10BFB8005A615A6942F480625A61E3E6002184E7D3
:10BFC8004FF4007181E76FF08505DBE61A6C22F00B
:10BFD80008028CE703230393114BBDE61A6C22F485
:10BFE800002292E7032303930E4BB5E64951030859
:10BFF8006D5103086CBB010884510308A55103085F
:10C00800BC510308DE5103080252030821520308F9
:10C0180054D30108DCD301083E52030851520308E7
:10C028006552030880520308B4D30108D0D301082D
:10C03800C4D30108DAF81CC0C2F38108C2F3011A9C
:10C04800D0450CEBC60125D1DEF800204CF836208F
:10C0580022694FF0C05452684A6059F800200E0C0B
:10C0680092B23604324349F80020D86F144A21F0BE
:10C07800030109040240090C0A432243DA6701223A
:10C088003A765A6922F480325A615A6942F4007247
:10C098005A6182E712F00C0F06D1DEF800204FF04B
:10C0A80080544CF83620D8E712F0300F05BFDEF880
:10C0B80004204FF0006400244CF83620CDE700BF80
:10C0C8000300FE01064A11680B6823F004030B60A5
:10C0D8005068044B196883685B6803B11847704758
:10C0E800040100207001002010B5094BD3E900407D
:10C0F800084B196883681B6803B19847236843F0A5
:10C1080004032360236843F00803236010BD00BFC5
:10C11800040100207001002008B5EFF311811023FD
:10C1280083F31288BFF36F8F0120084B93F84820E0
:10C1380083F8480081F31188BFF36F8F22B9FFF7A6
:10C14800D3FF5E20FBF7E6FA002008BD04010020BB
:10C15800F8B51646837890F803C0EFF311821024DF
:10C1680084F31288BFF36F8F077890F801E0DB1B28
:10C1780003EA0C039E4288BF9EB2BD190CEA05056E
:10C188003C46057082F31188BFF36F8F8A198A4283
:10C198001AD177450CD1EFF31182102181F312885F
:10C1A800BFF36F8F0178417082F31188BFF36F8FEF
:10C1B80002799B1B9A4205D30DF047FE60B10848EF
:10C1C80004F032F93046F8BD05196D79013401F8EB
:10C1D800015B04EA0C04DAE7FFF79EFFF2E700BF11
:10C1E8003C0100202DE9F8430D461446124F07F193
:10C1F800560807F1180914B92046BDE8F8834FF02E
:10C20800FF324FF0FF33384603F05CFF22462946E1
:10C218004046FFF79DFF064630B94FF0FF324FF01A
:10C22800FF33484603F04EFF3846A41B03F010FFC7
:10C23800A4B23544DFE700BF0C01002038B504691B
:10C248004568344860600DF05FFA00285ED0606889
:10C25800296883681B6803B19847012204F1080024
:10C2680011460DF0FEFC0122002104F120000DF022
:10C27800F8FC294904F138000DF09EFD072384F8E5
:10C288006130042384F862300F23002284F84C3094
:10C298000C2311465E2084F85E2084F85F2084F821
:10C2A800602084F8492084F84A2084F84B2084F8D8
:10C2B8004D300AF00BFE194B19491B681A681869AA
:10C2C80022F07C4222F07F028A4203D149F6AE2155
:10C2D80088420FD0196821EA0201124A0A431A60FB
:10C2E80049F6AE221A611A6822F080421A601A686A
:10C2F8005200FCD41A6842F004021A601A6842F02C
:10C3080008021A60FFF708FF002038BD6FF012001E
:10C31800FBE700BFCCB40108E97E01080401002056
:10C32800000DF600000DF64010B51D4B01461B68C8
:10C33800EFF31184102282F31288BFF36F8F5A68CB
:10C34800500605D45A68D2071DD46FF00A0015E0CC
:10C358001A6842F080421A601A6822F080421A6015
:10C368000A221868400005D45868400602D4586864
:10C378004007E7D5013AF4D16FF0040084F311883F
:10C38800BFF36F8F10BD5A689207F5D4586810F044
:10C398004000F1D19B680B60002BEFD1D5E700BFBF
:10C3A800040100202DE9F347D8070F46144605D4A9
:10C3B8002E48FFF7CDFE02B0BDE8F087002A37D03F
:10C3C800EFF31185102383F31288BFF36F8F5E207C
:10C3D800FBF7C2F906465E20FBF7AAF985F3118838
:10C3E800BFF36F8FDFF88880FFF77EFED8F8003044
:10C3F8005A68510714D45B685A0611D44FF0804A22
:10C408002546DFF87090C9F888A1D8F800305B6835
:10C41800DB070FD4BFF34F8F20BF40BF20BFF4E727
:10C4280001A8FFF781FF0024E6B15E20FBF772F94F
:10C438002046C0E701A8FFF777FF0028C9F888A1C0
:10C44800E3DB6A1E291F019B17FA82F289B2013DBC
:10C45800ADB202F801391B0A002DE5D08D42F6D1A4
:10C468000193D2E7FFF72EFEE2E700BF4D0100205F
:10C478000401002000E100E02DE9F74301A8FFF7DF
:10C4880053FF002844DB0021042788460846264C31
:10C49800019A94F84B3094F84CC094F84AE0A3EB16
:10C4A8000E053CEA05055FFA82F91ED194F8600092
:10C4B80094F85F6094F86150861B35EA06062AD125
:10C4C80009B184F84B30B8F1000F00D001925E201A
:10C4D800FBF72EF9FFF7F6FD002384F848301348E0
:10C4E80003B0BDE8F04303F0B3BDE11881F84E9006
:10C4F800012101330CEA0303013F4FF001084FEA21
:10C508001222CCD109B184F84B3001920028E6D12F
:10C5180003B0BDE8F08326180130054086F8639023
:10C52800012084F86050E7E704010020240100207E
:10C53800004870471CD40108044BB3F8A0379B028D
:10C548000B60002318464B60704700BF0000FA0BD1
:10C5580070B51C4616460023224686B00D460BF0E1
:10C568004FFD034668B90B4A0090CDE90102CDE9B9
:10C578000354012208490BF00EFD6FF0150006B0B8
:10C5880070BD2CB12246304605F100610EF079FDF0
:10C598000020F4E7E952030884BB010870B5064699
:10C5A80086B06422002304A80DF039FFDDE90445B4
:10C5B80033691B681A6A12F0FA0212D01A6A02F07A
:10C5C800FA021A626FF0040006B070BD22462B46CC
:10C5D80004A80DF049FFDDE9043213430CBF012222
:10C5E800002233691B68186A10F48030ECD0002AE6
:10C5F800ECD00A230393054B01220293002304493C
:10C608001846CDE900330BF0C6FCDBE713530308EB
:10C6180084BB010870B5036906461D6849B1FFF778
:10C62800BDFF044650B13069043003F011FD2046C7
:10C6380070BDAB6A002B06DB0024F8E7AB6A43F059
:10C648000043AB62F8E7034BAB6003F18833AB60A0
:10C65800F2E700BF23016745F0B5012387B005461F
:10C668000F4616460BF0CCFC034670B9184ACDE9C4
:10C678000376CDE901021749012200900BF08BFCEB
:10C688006FF01504204607B0F0BDFEB128690BF025
:10C6980092FC00212846FFF7BDFF044640B1012166
:10C6A8002846FFF7B7FF2869043003F0D1FCE9E713
:10C6B80032463946284600F055F8012104462846F6
:10C6C800FFF7A8FF002C08BF0446ECE73446D9E77B
:10C6D8002753030884BB01082DE9F0411E46904604
:10C6E8000123324686B005460F460BF089FC034607
:10C6F80078B91A4ACDE90376CDE901021849012231
:10C7080000900BF048FC6FF01504204606B0BDE819
:10C71800F08106B328690BF04EFC00212846FFF78C
:10C7280079FF044640B101212846FFF773FF2869C5
:10C73800043003F08DFCE8E7334642463946284684
:10C7480000F0BCF8012104462846FFF763FF002CDF
:10C7580008BF0446EBE73446D7E700BF5253030847
:10C7680084BB01082DE9F04F4E4B17461B680D4658
:10C7780085B0834603F001080026FDF73BF8013F2A
:10C78800DFF83091DFF830A12F44AF4211D3DBF846
:10C7980010301C68A36A002B14DA434B0122029361
:10C7A800002342491846CDE900330BF019FC6FF01D
:10C7B8000406B8F1000F01D0FDF70AF8304605B0BD
:10C7C800BDE8F08F5846FFF7E9FE061EF1DBDBF8FF
:10C7D80010301B681B6C9B021AD54FF6FF71B9F815
:10C7E800A020236C8A4203F4801307D1B5F5801F7B
:10C7F80044D24BB1A36A43F4006308E0002AF5D0A1
:10C80800B5EB422F37D22BB9A36A23F40063A36296
:10C818006B0B09E0B5F5801FECD3A36A23F4006322
:10C82800A362A5F580135B0BA26A584642F0020288
:10C83800A262A26A22F47E72A262A26A42EAC303D8
:10C84800A362A36A43F48033A362A36AFFF7A6FE38
:10C85800DBF8103006461B681B6C13F4001FA36A34
:10C8680014BF03EA0A0323F002030028A362A0DB33
:10C8780005F5005589E7B5F5801F05D3002BCCD108
:10C88800A36A43F40063CBE7094B01220293002318
:10C8980006491846CDE9003303950BF0A1FB6FF06C
:10C8A800150686E700040340B85303088CBB01084B
:10C8B800C55303080007FA0BFDF7FFFF2DE9F04FFA
:10C8C80000259846384B0C4685B01F6806469146A9
:10C8D800AB46FCF78FFF07F0010704F10064D84569
:10C8E80012D93369D3F800A0DAF82830002B12DA0D
:10C8F8002E4B0122029300232D491846CDE900331F
:10C908000BF06EFB6FF004050FB1FCF761FF2846D2
:10C9180005B0BDE8F08F3046FFF740FE051EF3DB9B
:10C928002BF003034B44191F0A460C3352F8040F2B
:10C9380000BB9A42FAD1DAF8282042F00102CAF87C
:10C948002820DAF82820224651F8040F994242F8A4
:10C95800040BF9D13046FFF721FEDAF82830051E1E
:10C9680023F00103CAF8283004F11004CCDB0BF1E2
:10C97800100BB4E720460022056801350ED00D4B98
:10C9880004F1784402930023144418460122CDE9A7
:10C998000033074903940BF023FBB3E70132042A61
:10C9A80000F10400E8D1C6E700040340B8530308C7
:10C9B8008CBB0108DE53030830B5104C104D0C60D9
:10C9C800236813B12B68136030BD03691B68196CA9
:10C9D8001B6C9B020FD54FF6FD700A4BB3F8A030C5
:10C9E800591E89B281428CBF4FF48073DB082360E3
:10C9F8004FF40053636001232B60E4E7AC1B002075
:10CA0800A81B00200007FA0B2DE9F843D0F8048092
:10CA18001746D0F81090D8F808000D461E460AF0C0
:10CA280004FCB7F5001F044616D12846D8F808407C
:10CA3800FCF78CFA84420CD129460AF0F6FB04462E
:10CA4800FCF720FA2046FCF76FFA00212046FCF795
:10CA580023FA0020BDE8F883B7F5800F20D0B6F19F
:10CA6800806F19D0B6F1C06F18D0B6F1007F1AD117
:10CA780002264A4620460F49FCF736FAB0B928463E
:10CA8800D8F808100AF0D4FB20463146FCF704FA1F
:10CA98002046FCF7DFF9DCE70126EAE70326E8E7AA
:10CAA8006FF08500D6E76FF01500D3E76FF00F0041
:10CAB800D0E700BFB382010838B50369044658605F
:10CAC8000C4D28460CF020FE88B10B4A136943F040
:10CAD80000531361AB6861681B680C3123B12846A9
:10CAE800984700EAE07038BD6FF05700F9E76FF03B
:10CAF8001200F8E7CCB40108000802461FB5026925
:10CB080092F85C306BB9094A1846CDE901320849F8
:10CB1800012200930BF02DFC6FF0040005B05DF8C6
:10CB280004FB136B00200B60F8E700BF3E550308B9
:10CB38009CBB01087FB542680369D26883F85E1020
:10CB480031B9136823F44013136007B05DF804FB90
:10CB58000491036801220393044B054902930023BF
:10CB68001846CDE900330BF004FCEEE75C550308EA
:10CB78009CBB01080022F0B50446436806691F48BB
:10CB88000F46DD685968836887B0DB68059273B91A
:10CB98001B4B0122029300231A491846CDE90033A2
:10CBA8000BF0E7FB6FF00404204607B0F0BD05AAC0
:10CBB80098470028ECDB376306F118074FF0FF327F
:10CBC8004FF0FF33384603F07DFA2B68204623F0F8
:10CBD80001032B6096F85E10FFF7ACFF204605991D
:10CBE80000F0BEFA96F85D3004461BB12B6843F09E
:10CBF80001032B60384603F02BFAD5E7CCB40108C3
:10CC0800705503089CBB01087FB505464468066952
:10CC18004FF0FF32002130460DF023F823682846F4
:10CC28009847002386F85C3086F85E30012206F1CA
:10CC3800180011460DF015F82A480CF065FD03465A
:10CC480060B9294A2949CDE90102009001220BF077
:10CC580090FB6FF01204204604B070BD284600F027
:10CC680053F82369224A93422FD023D8214A93426A
:10CC78002DD0214A93422CD00024204B012202932C
:10CC880020462346CDE9004418490BF072FB44F0D6
:10CC980010012846FFF76EFF041E4FF000031CDA50
:10CCA800174A1846CDE901321049012200930BF0CA
:10CCB80060FBD0E7134A93420DD002F5C31202F588
:10CCC80020629342D8D10A24E1E70624DFE7022450
:10CCD800DDE70424DBE70824D9E701221C4686F8AF
:10CCE8005C20B8E7CCB40108661D03089CBB0108AA
:10CCF80040420F00A0860100801A06009E550308D6
:10CD0800B955030840E1330030B5456887B00021C4
:10CD1800686905AA0BF00AFD041E07DB059B0022C3
:10CD28001979186800F0A2FA041E0DDA124B0122D4
:10CD38000293002311491846CDE9003303940BF000
:10CD48006FFB204607B030BD0D48696883681B68D3
:10CD580063B90C4B01220293002308491846CDE918
:10CD680000330BF05DFB6FF00404EAE798470446D4
:10CD78000028E6D0EDE700BF43560308A4BB01082E
:10CD8800CCB40108615603081FB5154B98421FD053
:10CD980013D8144B98421DD0134B98421CD0002432
:10CDA800124B2046029301222346CDE90044104944
:10CDB8000BF069FB204604B010BD0E4B98420DD015
:10CDC80003F5C31303F520639842E8D10A20F2E77C
:10CDD8000620F0E70220EEE70420ECE70820EAE767
:10CDE80040420F00A0860100801A06009E550308E5
:10CDF800ACBB010840E1330070B505694068C06804
:10CE08004468E60107D543684A6823F47F0343EA88
:10CE18000243436070BD2C6B1F4E14F0010F446831
:10CE28002DD044F400644460446834402343436094
:10CE38000B7A9C072BD452B313785B0727D443682B
:10CE480043F0807343604368049A23F0007343609F
:10CE5800436823F480631343436043684A6823F4B8
:10CE68007F0343EA02434360012385F85F30036888
:10CE780043F001030360436843F40053C9E724F413
:10CE8800006444604468344044EA4303CFE743689D
:10CE980023F08073D6E700BF00FCFFFF2DE9FF41B8
:10CEA800436806460D460769DC6829B96FF0150620
:10CEB800304604B0BDE8F0817A6E12B1BA6E002A2D
:10CEC80050D197F85F80B8F1000F4BD11869FFF780
:10CED8005BFF01463046FFF74DFE061E0BDA234B7B
:10CEE8000122CDE90183404643462149CDF800801F
:10CEF8000BF0C9FADCE7236843F0010323607B6E7B
:10CF0800F3B97D662B791B49012B13D1A268EB88F5
:10CF18000A4043F480631343A360A36843F40043C7
:10CF2800A360012387F860302368002643F00803D4
:10CF38002360BDE7A368EA880B4043EA4203EBE7B6
:10CF4800BD662B79012BB1D0E368EA8823F4FF632F
:10CF580023F0060343EA4203E360E36843F4004333
:10CF6800E360DEE76FF00F06A2E700BFB9550308DC
:10CF7800ACBB010800F8FFFF2DE9F04143680569E3
:10CF8800DC6895F86030074686B0002B00F0998081
:10CF980095F85F30002B40F094806E6E3379012B4A
:10CFA8000AD0A369F288C3F346439A4204D0AE6E0E
:10CFB800CEB1F2889A4216D1A369D6F808809A07AA
:10CFC80014D53046D8F80C300DF1170198470028D1
:10CFD80047DA5F4B0122029300235E491846CDE9E8
:10CFE80000330BF050FA06B0BDE8F081A3695B0787
:10CFF8003BD4A369DD0645D4A369980610D5384605
:10D008000BF022FA0123A361E369304643F02003C1
:10D01800E361D8F818309847636823F400436360E5
:10D02800A3691907DFD5E36943F00803E361A5693C
:10D0380015F4803530D13046D8F8003098470028AC
:10D0480025DA454B0095CDE901532B4601221846B8
:10D0580040490BF018FA786806B0BDE8F0410BF0CB
:10D0680022BA9DF81730A362BDE7616A3046D8F846
:10D078000830C9B298470028B5D0636843F4004324
:10D088006360B0E7E36943F01003E361B4E7236842
:10D0980043F004032360DEE73046D8F804300DF18E
:10D0A80017019847002805DA2C4B02930023CDE995
:10D0B8000033CBE79DF81730A362236843F00203DF
:10D0C800E8E76B6D8BB1A3699A0742BFAB6D1B781C
:10D0D800A362A3695B0742BFAB6D626A1A70AB6D4E
:10D0E8000133AB656B6D013B6B65A369DE0616D436
:10D0F800A36998061DD4A369590603D4A3691A061F
:10D108007FF571AF2B6D1B7A9B070ED438460BF059
:10D118009BF9284606B0BDE8F04102F099BFE369E3
:10D1280043F01003E3610123AB64636843F4804375
:10D13800A6E73846E36943F02003E361636823F018
:10D148008073636006B0BDE8F0410BF0BEB900BF64
:10D1580091560308ACBB0108AA560308C356030836
:10D168002DE9F04F0C220D4600264768D0F81080B4
:10D17800FC6885B0FB69B34214D8D8F83030C3F3E3
:10D188004203012B2CD0022B59D0344B029300239D
:10D1980001221846CDE9003331490BF074F96FF0DC
:10D1A800150018E002FB06FAD7F818B00BEB0A09CD
:10D1B800D9F80400FFF7E8FDD8F830300C224340D6
:10D1C80013F00E0F0AD15BF80A30AB4206D1D9F83A
:10D1D80008300020236105B0BDE8F08F0136C9E7AB
:10D1E80041F25C2E4FF47A6C40F2E2474FF4FA7643
:10D1F80002201C4B421EB5FBF2F2B3FBF2F2BCFB61
:10D20800F2F10139FF2923D8BEFBF2F808F1FF3803
:10D21800B8F1FF0F1CD8B6FBF2F9B9F10F0F17D808
:10D22800B7FBF2F2013A0F2A12D8023848EA09434A
:10D2380043EA007343EA025343EA0123C9E740F291
:10D24800145E4FF4167C4FF4FA7740F27716CFE766
:10D2580001301128CED1044B98E700BFDC560308F3
:10D26800ACBB010800CA9A3B575703082DE9F047A1
:10D27800044600251D4F00EBC106B44201D1002031
:10D2880014E02068C30600F01F0911D4656845F052
:10D298002005C0F3481AC0F34420102823D857F8B3
:10D2A8002080B8F1000F0DD16FF01200BDE8F087B3
:10D2B800B9F1100F04D0B9F1110FEAD16568E8E7A8
:10D2C8003025E6E740460CF01FFA0028ECD04B4624
:10D2D8002A4640460AF00F010AF0FDFF002804F133
:10D2E8000804CADAE2E76FF01500DFE7B0D50108F5
:10D2F800B1F5807F28D016D8102927D00FD801295A
:10D3080026D0042908BF012318BF09231349026A3C
:10D31800C85C02238340134023FA00F07047402979
:10D3280008BF0323F0E7B1F5804F13D007D8B1F554
:10D33800806F11D0B1F5805F08BF0623E4E7B1F52F
:10D34800803F08BF0823DFE70423DFE70223DDE788
:10D358000023DBE70723D9E70523D7E7D1580308DC
:10D368002DE9F04F01F1FF3C8DB0BCF1050F1746D8
:10D378009946BDF8588045680FD9A24B039102938E
:10D38800002301221846CDE900339F490BF0FCF930
:10D398006FF015000DB0BDE8F08F2868B0F1804F30
:10D3A80027D0B0F1A04F24D0984B984221D003F158
:10D3B800805398421DD0964B98421AD003F180535F
:10D3C800984216D0934B984213D003F18053984259
:10D3D8000FD0B2F5803F0CD98F4B01220293002366
:10D3E80089491846CDE900330BF0CEF96FF0850076
:10D3F800D0E78A4B042953F82C4008F4807B0BD9DA
:10D40800BBF1000F11D12646DA46AFB9036A23EA09
:10D41800060303620020BDE7814B53F82CA0BBF143
:10D42800000F05D0BAF1000F04D17E4B0391A6E797
:10D438002646EAE75646E8E7AB6873BB013F036A4E
:10D4480008F0010836EA03034FEA48084BD1B6F55D
:10D45800807F00F0CD8033D8102E00F0CB802BD801
:10D46800012E00F0C980042E08BF012218BF09222E
:10D478006D49036A895C02228A4023EA020308FA9A
:10D4880001F843EA08030362684B494653F82C3015
:10D49800286898472B68DF62BCE7102B02D109F196
:10D4A800FF39CBE723F04002202A01D0402B9DD141
:10D4B8004FEA59097F08C2E7402E08BF0322D5E783
:10D4C800B6F5804F00F09A8008D8B6F5806F00F066
:10D4D8009780B6F5805F08BF0622C7E7B6F5803F9C
:10D4E80008BF0822C2E704A80CF0F5F860230493EB
:10D4F8000123BBF1000F24D00693CDF824802B68BC
:10D5080021461B6A34EA03030CBF01230023059359
:10D518002868FFF7EDFE0890CDF81C902146286892
:10D5280004AA01F01FFF00B3414B0122029300231C
:10D5380035491846CDE900330BF026F96FF00400A1
:10D5480028E70593CDF82080BAF1000FE4D02B68C6
:10D5580051461B6A3AEA03030CBF012300230693D2
:10D568002868FFF7C5FE0990D6E72A68B4F5807FDA
:10D57800136843F0800313602A6831D01FD8102C39
:10D5880030D018D8012C04D0042C08BF012018BFB3
:10D598000920284B1832195C274B5458185C08236B
:10D5A8008340234353502B68DF622A68536943F052
:10D5B800010353612EE7402C08BF0320E7E7B4F5C9
:10D5C800804F11D007D8B4F5806F0FD0B4F5805FC5
:10D5D80008BF0620DBE7B4F5803F08BF0820D6E780
:10D5E8000420D6E70220D4E70720D2E70520D0E7B9
:10D5F80004223DE702223BE7002239E7072237E70A
:10D60800052235E78A570308E4BB010800040040F7
:10D6180000080040000C00409F5703088CD7010801
:10D628007CD70108D8570308D158030864D70108E4
:10D63800FF570308E5580308DB5803082DE9F043B2
:10D64800076945688BB0524E30460CF05DF80346CA
:10D6580068B9504A5049CDE90102009001220BF007
:10D6680093F86FF0120420460BB0BDE8F083D6F8AB
:10D67800089005F10C08D9F8003083B141463046CE
:10D688009847041E0EDA454B0394029300230122A7
:10D698001846CDE9003340490BF076F8E3E76FF020
:10D6A8005704F0E7D9F80C30F3B14146304605AAE3
:10D6B8009847041E1ADBD7E90101059B3B60836884
:10D6C800DB68B3B90021686905AA0BF02FF8041EBE
:10D6D80007DB059B002219791868FFF7C7FD041EB0
:10D6E80009DA2F4B0394D0E76FF057042D4B0394BE
:10D6F800CBE79847E6E7002405A80BF0E3FF6B6843
:10D7080005A9ADF81430AB68CDE90744069328683D
:10D7180001F070FD60B1244B2046CDE9014300942F
:10D72800234601221C490BF02FF86FF004049AE7F6
:10D738002B681E4A93421FD002F1805293421BD09D
:10D748001B4A934218D002F18052934214D0194ACE
:10D75800934211D002F1805293420DD0164A93425F
:10D768000AD002F18052934206D0144A934203D061
:10D7780002F18052934203D15A6C42F400425A6437
:10D788002A680024136843F0010313606BE700BFA5
:10D79800CCB40108661D0308E4BB0108944F0308D4
:10D7A80029580308B44F0308F14F0308002C01401F
:10D7B800003401400040014000440140004801405D
:10D7C800CB0702D503683B2B2DD88A0702D54368BF
:10D7D8003B2B28D84B0702D58368172B23D8CA06BA
:10D7E80002D503690B2B1ED80B0703D5C368013B71
:10D7F8001E2B18D88A0602D54369C72B13D84B06A7
:10D8080002D58369062B0ED80A0603D5C369B3F57A
:10D81800B77F08D2CB0508D5406A054B98428CBF24
:10D82800002001207047002070470120704700BF8A
:10D83800FFC99A3B0D4BD3F82838C3F308021B04E1
:10D8480006D5C2F500730A4A534303F5806309E01D
:10D858005342DB0FF7D0074B5A43B2F5806301D52B
:10D8680002F2FF33DB1200200B60704700700046A5
:10D8780065CD1D009B32E2FF30B54D6985B005F2DC
:10D888006C73B3F5FA6F45D38C69631C42D0087A80
:10D898000AF0CBFF8DF80C0008790AF0C6FF8DF866
:10D8A8000D0008780AF0C1FF8DF80E0005F29C7093
:10D8B800C0B20AF0BAFF8DF8070008690130C0B29B
:10D8C8000AF0B3FF8DF80500087B0AF0AEFF002CC4
:10D8D80008BF07248DF806008DF80440EFF3118483
:10D8E800102383F31288BFF36F8FF8F763FB02AA44
:10D8F80001210A480BF07FFE012101AA074801F027
:10D9080017FCF8F775FB84F31188BFF36F8F0020BD
:10D9180005B030BD6FF01500FAE700BF007800468B
:10D928002DE9FF410D461C461746066902B173B939
:10D938004F4B0122029300234E491846CDE900338C
:10D948000AF07CFF6FF0150004B0BDE8F081EFF33A
:10D958001188102383F31288BFF36F8F00293DD1FC
:10D9680028224FF0FF3120460DF0B2FB424A043620
:10D97800106C00F07F000AF04FFF2060106CC0F3BD
:10D9880006200AF049FF6060106CC0F305400AF0F9
:10D9980043FFA060106CC0F303600AF03DFFA06174
:10D9A800106CC0F305600AF037FFE060106C00F0FF
:10D9B800803080F08003C3F3C013010458BF43F0E4
:10D9C8000203020258BF43F00403002849DB002D7C
:10D9D80040D0012D49D1284A926C3DE0012927D138
:10D9E80028224FF0FF3120460DF072FB224A2836DC
:10D9F800906C00F07F000AF00FFF2060906CC0F37D
:10DA080006200AF009FF6060906CC0F305400AF038
:10DA180003FFA060906CC0F303600AF0FDFEA061F4
:10DA2800906CC0F305600AF0F7FEE060906CBEE70A
:10DA3800124B03910293002301221846CDE90033CB
:10DA48000C490AF0FBFE6FF0150088F31188BFF34C
:10DA58006F8F79E7084A126CC2F303622AB143F068
:10DA68004003B38200203B80EFE743F00803F8E768
:10DA780014590308ECBB0108007800462159030833
:10DA88001FB513466AB9104A1846CDE901320F4945
:10DA9800012200930AF0D2FE6FF0150005B05DF880
:10DAA80004FB01294FF000000AD9094B0391CDE985
:10DAB800010301220346054900900AF0BFFEEBE787
:10DAC8004F221A80EAE700BF35590308ECBB01086A
:10DAD800215903081FB50369EFF31184102282F35B
:10DAE8001288BFF36F8F41B9043372B6002293F8DE
:10DAF800200083F8202062B610E0012901D12833E4
:10DB0800F3E7094B03910293002301221846CDE95C
:10DB1800003306490AF092FE6FF0150084F311886D
:10DB2800BFF36F8F04B010BD21590308ECBB010887
:10DB380030B5006985B0EFF31184102585F312889C
:10DB4800BFF36F8F21B9011D0020C1E9062311E041
:10DB5800012902D100F12801F6E7094B039102934C
:10DB6800002301221846CDE9003306490AF066FE73
:10DB78006FF0150084F31188BFF36F8F05B030BDC7
:10DB880021590308ECBB01080B4B5B6823F07F436A
:10DB980023F0C00318041A0D00F47C1040EA0210A8
:10DBA800C3F303421043DA0202F0E062104303F4C5
:10DBB800F8531843704700BF00780046064B1A68B0
:10DBC800064B134003F47C1002F07F02104303F469
:10DBD800FE431843704700BF007800467F7F3F0030
:10DBE8002DE9FF470C46476871B9354B2046CDE90A
:10DBF800011300910B46012232490AF01FFE6FF013
:10DC0800150004B0BDE8F087EFF31189102383F302
:10DC18001288BFF36F8FDFF8B4A0DAF80C30DB0698
:10DC280006D489F31188BFF36F8F6FF03C00E8E7E3
:10DC3800FFF7AAFF0546FFF7C1FFDAF8081080468C
:10DC4800FFF7BCFF40450646F5D1FFF79DFFA84208
:10DC5800EED189F31188BFF36F8FE8B20AF0DCFDCB
:10DC680064306061C5F307200AF0D6FD01382061F1
:10DC7800C5F307402D0E0AF0CFFD072D08BF00257C
:10DC8800E060A561C6F307400AF0C6FDA060C6F3D0
:10DC980007200AF0C1FD6060F0B20AF0BDFD206007
:10DCA8007A680948511A0023A1FB00010132F3F7F1
:10DCB800D7F94FF0FF336062C4E907330020A0E7CB
:10DCC80047590308ECBB010800CA9A3B0078004694
:10DCD8002DE9F0430446D0F80490066985B0544F06
:10DCE80038460BF011FD034668B9524A5249CDE94E
:10DCF8000102009001220AF0A1FD6FF012052846EA
:10DD080005B0BDE8F083D7F80880D9F80810D8F82E
:10DD1800003063B9494B0293002301221846CDE92C
:10DD2800003345490AF08AFD6FF00405E7E73846F5
:10DD3800984705460028EDD1F8F73CF9D9F80810BE
:10DD4800CB68FF2B0CD0D8F8183008311BB9F8F77E
:10DD58004FF93B4BDFE72A46384698470028F6DB61
:10DD6800CA20384AD2F8F03043F40043C2F8F03001
:10DD78006768354CA16922692369606253204906A6
:10DD8800606209D47968C2F30E028A4204D13A6803
:10DD9800C3F3064393421CD02B480BF0C2FB002868
:10DDA80043D1A36923F04003A36123697A6823F46C
:10DDB800FF4323F07F031343236123693A6823F465
:10DDC800FE0343EA024323611F4AD36823F080031A
:10DDD800D3601D4B9A6922F408029A619A6942F04D
:10DDE80020029A61FF225A62F8F702F90022022003
:10DDF800114609F06BF80220F9F78CFCEFF3118457
:10DE0800102383F31288BFF36F8F24220021301D63
:10DE18000DF05EF92422002106F128000DF058F9D2
:10DE280084F31188BFF36F8F69E76FF00405CBE7C0
:10DE3800CCB40108661D0308ECBB0108FE500308BA
:10DE48005D590308000C024600780046284A01F58F
:10DE5800ED2303F5F46393422DE9F04142D8CB0258
:10DE68000029B4BFA3F56E2303F56E23214AB4BF7E
:10DE7800A3F2B26303F2B26393FBF2F3002BCBBFBE
:10DE88004FF400470027C3F500765E4201F0F0F832
:10DE98000446194DDFF86480EB68DB0318D4EC689E
:10DEA80014F4803421D1F8F785F8CA236B62532320
:10DEB8006B62AB6A374323F4014323F0FF033B4310
:10DEC800AB62FF236B62F8F793F82046BDE8F08158
:10DED80001F0CEF8031B4345E1D200210A200CF0E3
:10DEE80084F8D9E76FF01500F0E76FF00400EDE76C
:10DEF800F9E20E0065CD1D00007800460024F4000C
:10DF08002DE9F0411A4E0546336D0469DA0713D539
:10DF1800F8F750F8CA237362532301277362FF236B
:10DF2800F7657362F8F764F8E36984F824701BB145
:10DF380000212846226A98470D4E336D9B0715D558
:10DF4800F8F738F8CA237362532373620223F36520
:10DF5800FF237362F8F74CF80121236C84F848100A
:10DF680023B12846626CBDE8F0411847BDE8F0814E
:10DF7800007800462DE9F0430E4617461C46056911
:10DF880087B0EFF31188102383F31288BFF36F8FE4
:10DF980029BB0435002F4DD1002C67D1142221460E
:10DFA80028460DF095F8C5E9064485F82040F8F7AD
:10DFB80001F86EBB7C4B1A6DD0070ED5CA225A6287
:10DFC80053225A629A6922F480729A619A6922F4F9
:10DFD80080529A61FF22744B5A6200249EE0012904
:10DFE80001D12835D6E7714B039102930023012212
:10DFF8001846CDE900336E490AF020FC6FF015048D
:10E0080088F31188BFF36F8F204607B0BDE8F0830F
:10E01800012EE2D1644B1A6D9107DED5CA225A62ED
:10E0280053225A629A6922F400729A619A6922F418
:10E038000052CEE727F04F0363B15E4B01220293F3
:10E048000023CDE903671846CDE9003358490AF0A3
:10E05800F5FBD3E754B9584B0122CDE901432046DB
:10E068002346534900940AF0E9FBC7E7394620469E
:10E07800FFF7A6FB0028C1D00023FA072B606B60CE
:10E088004FD520780AF0D1FB4C49A871BB0705D5BC
:10E0980020790AF0CAFB21F400416871780705D598
:10E0A800207A0AF0C2FB21F40001287117F040031E
:10E0B8003CD04FF08043EB60A069002834D0C0B258
:10E0C8000AF0B3FB21F000412874AF824FF0CA096F
:10E0D8005327354CA960F7F76DFFC4F824906762A1
:10E0E8006EBBA3692A4623F48073A361A369012147
:10E0F80023F48053A3612046EE600BF02AF9002830
:10E1080044D02F4B01220293002329491846CDE918
:10E11800003303960AF092FB6FF08B04F7F768FF61
:10E128006EE74FF08031B1E70720CBE73A07CCD54F
:10E13800EB60207B21F000410AF077FBC4E7012E59
:10E148001ED1A3692A4623F40073A361A36931464B
:10E1580023F40053A36100232046EB600BF06DF914
:10E168000028CED1C4F824906762A36943F40073F1
:10E17800A3610223E365A36943F40053A36129E77C
:10E188000023EB60C4F82490676223E7C4F8249066
:10E198006762A36943F48073A3610123E365A369FC
:10E1A80043F48053EAE700BF00780046215903088A
:10E1B800ECBB0108755903089C590308008080804E
:10E1C800AF59030843681B6803F1080252E8002F9F
:10E1D80042F0010203F1080040E800210029F3D1D0
:10E1E800174A93421ED002F1805293421AD0154A20
:10E1F800934217D002F18052934213D0124A9342AD
:10E2080010D002F1805293420CD0104A934209D0A8
:10E2180002F18052934205D00D4A934202D0B3F1E5
:10E22800502F03D15A6842F040025A6053E8002F39
:10E2380042F4807243E800210029F7D1704700BFFB
:10E24800003801400044004000480040004C0040B5
:10E258000050004043681B6803F1080252E8002F91
:10E2680022F0010203F1080040E800210029F3D15F
:10E27800174A93421ED002F1805293421AD0154A8F
:10E28800934217D002F18052934213D0124A93421C
:10E2980010D002F1805293420CD0104A934209D018
:10E2A80002F18052934205D00D4A934202D0B3F155
:10E2B800502F03D15A6822F040025A6053E8002FC9
:10E2C80022F4807243E800210029F7D1704700BF8B
:10E2D800003801400044004000480040004C004025
:10E2E800005000400129034608461AD002290BD0E5
:10E2F800C9B91B680D4A934217D002F180529B1A84
:10E3080018BF0123180370471868084B98420AD0B1
:10E3180003F18053984214BF4FF440504FF400501B
:10E328007047002070474FF40050704700240046A3
:10E3380070B500261D46094B6C0833F81220334689
:10E34800F2F78EFE090241EA1061000220182A46FF
:10E35800334641F10001F2F783FE70BDDCDF0108AE
:10E368002DE9F04302694368074610680C461D68AA
:10E37800D968836889B0DB6863B9334B012202939B
:10E38800002332491846CDE900330AF0FDFA09B0F6
:10E39800BDE8F08307AA98470028EEDB2C4B9D4286
:10E3A80003D003F180539D423FD10026DDF81C8045
:10E3B800DFF8A890234640460021B2B2FFF7B8FF25
:10E3C800A0F54070484510D901360C2EF2D10494BE
:10E3D8003B68012203931F4B1C49029300231846F4
:10E3E800CDE900330AF0D0FAD1E7EB6A23F00F0346
:10E3F8003343EB62002CCAD0174B404633F8162043
:10E4080000231946F2F72CFE090241EA106163085D
:10E418000002C01822464FF0000341F10001F2F754
:10E428001FFEC0F31300E860B1E72B6823F4004334
:10E438002B60079B002CAAD003EB5403B3FBF4F327
:10E448009BB2EB60A3E700BF7055030824BC01082A
:10E4580000240046F9590308DCDF0108FFFC0F001F
:10E468002DE9F84307460D7940683B69012D0E46B2
:10E478000468D3F8048067D0AB1ED3F1000949EBD8
:10E4880003094FEA89297179FFF72CFFB27903460E
:10E49800022A5CD0042A5ED0002D66D0033D012DEF
:10E4A8005BD94FF48050B3F5805F60D0B3F5405F1F
:10E4B8005FD0002B0CBF0123032399424DD149465D
:10E4C8000AF0CCF9824248D1F37953B3012B52D1E7
:10E4D8002A4B9C4225D003F180539C4221D0284BE3
:10E4E8009C421ED003F180539C421AD0254B9C427B
:10E4F80017D003F180539C4213D0234B9C4210D079
:10E5080003F180539C420CD0204B9C4209D0B4F1BB
:10E51800502F06D01E4B9C4203D003F180539C42DF
:10E528001BD12368314623F00103384623600AF0E3
:10E538001EFB236843F00103236096E8030088E884
:10E5480003000020BDE8F8834FF4C0699BE73DB99C
:10E558004FF08050A7E7002DA3D06FF08500F1E7BA
:10E56800033D012DF9D900209DE728469BE70023AC
:10E57800A3E70223A1E7032BAAD0EEE70038014066
:10E588000044004000480040004C0040005000405B
:10E59800002400462DE9F0410646476804696F48A3
:10E5A80086B020600BF0B0F8034668B96C4ACDE934
:10E5B80001326C49012200930AF0E6F96FF0120467
:10E5C800204606B0BDE8F0812068F96883681B68BA
:10E5D8000BB39847044600BB0021386A05AA0AF025
:10E5E800A5F8041EECDB059B002219791868FEF7D4
:10E5F8003DFE041EE4DB756833692C68D3F804809B
:10E60800236823F00103236068680BF07DF8034654
:10E6180080B9554ACBE76FF05704544B0122029357
:10E62800002350491846CDE900330AF0ADF9002C13
:10E63800C6DBD1E7D5E901018368DB6803B19847F8
:10E6480054E8003F43F00C0344E80032002AF7D1B5
:10E65800414630460AF08BFA2B7D1BB1A36843F084
:10E668000803A3606B7D1BB1636843F400436360D8
:10E67800AB7D1BB1636843F480336360EB7D1BB1F2
:10E68800636843F4003363602B7E002B51D0384B12
:10E698009C4234D003F180539C4230D0354B9C428D
:10E6A8002DD003F180539C4229D0334B9C4226D075
:10E6B80003F180539C4222D0304B9C421FD003F17F
:10E6C80080539C421BD02E4B9C4218D0B4F1502F43
:10E6D80015D02C4B9C4212D003F180539C420ED093
:10E6E800336801220393284B1E49029300231846DE
:10E6F800CDE900330AF048F96FF0150460E7736854
:10E708001A68936843F48043936023686A7E23F011
:10E71800787343EA425323602368AA7E23F4F813EC
:10E7280043EA02432360EB7E1BB1A36843F4004332
:10E73800A3602B7F1BB1236843F000532360236839
:10E7480043F001032360E3699A02FCD5E3695B02A5
:10E75800FCD530467B6A9847002431E7CCB40108E1
:10E76800661D030824BC0108D64F0308105A030885
:10E77800003801400044004000480040004C004080
:10E788000050004000240046305A030810B50446E3
:10E79800406986B010F4787015D00C4B0490039340
:10E7A8000B4B0122029300230A491846CDE9003396
:10E7B8000AF0A6FB6FF0040063695B0642BFA36919
:10E7C80043F04003A36106B010BD00BF625B0308BD
:10E7D800A55A030804BC01082DE9F041054606695D
:10E7E800476888B0444C20460AF08EFF034668B953
:10E7F800424A4349CDE90102009001220AF080FB18
:10E808006FF01204204608B0BDE8F081A368B9692A
:10E818001B6873B120469847041E0DDA394B012254
:10E828000293002336491846CDE900330AF068FB05
:10E83800E8E76FF05704F1E70021786807AA09F0C4
:10E8480075FF041E07DB079B002219791868FEF77D
:10E858000DFD041E0BDA2C4B0122029300232849DC
:10E868001846CDE9003303940AF04AFBCAE7BB68AF
:10E87800012728469847B568D6E9023203EBC20358
:10E888009D4204D330460AF06DFB0024BAE728689D
:10E898000AF03AFF034668B92A79194904922A68A6
:10E8A800126800900392194ACDE9010201220AF088
:10E8B80027FBA5E728682979EB88D0F810C0DA0784
:10E8C800DCF8004054BF43F4B01383F4D01323F4AE
:10E8D800801207FA01FEDB07D0F808804CBF44EA33
:10E8E8000E0424EA0E04CCF80040D8F8003098470B
:10E8F800041E87DB0835BFE7CCB40108661D030892
:10E9080004BC0108B05A0308CB5A0308E95A0308A3
:10E918002DE9F04F9846436893B082460F469146DA
:10E9280006691D6806931AB9B8F1000F00F08482D1
:10E93800BB889A0400F113814FF0FF324FF0FF3388
:10E9480006F1100001F0BEFB77609DF87030DFF82B
:10E9580000C586F84C301D9B0AAC73641E9BB364DB
:10E96800DAF81030DAF804B00793BCE80F000FC4E7
:10E978009CE80F0084E80F00079BDBF800401B6849
:10E988009F42BB8840F0F7801B0508D5B9F1000FFE
:10E9980000F0EE804FF4C12120460AF089F9BB88C7
:10E9A8004246C3F34513082B0CBF012302234946F3
:10E9B80030460AF0A2F92C68EB6804F4006403F40A
:10E9C800C0231C43069B1B7FEBB1BB88D8071AD416
:10E9D800002C40F0A481494638460AF06FFAB0F19D
:10E9E8000009C0F2D080414638460AF067FA00288C
:10E9F800C0F220828145B8BF81466B681B0C1B049E
:10EA080043EA09036B602B6843F001032B60EB6852
:10EA1800590200F19181DAF810703868002840F046
:10EA28009481069B1B7F1BB12B6943F008032B6164
:10EA38002B6943F020032B612B6943F040032B61C2
:10EA48002B6943F080032B612B6943F480732B619E
:10EA58002B6943F400732B61B8F1000F03D02B69C5
:10EA680043F001032B612B6906F1280743F00203E9
:10EA78002B61D6F800C096F84C20BCF8043003F09F
:10EA88000103002A00F06E81002B40F0B081B4F53C
:10EA9800C12F736E50D1069A1068002B45D1F26EC3
:10EAA800002A42D032689288D40715D41C46D6F87A
:10EAB8005CC0644540F0A681C2F3022293FBF2F1E8
:10EAC80002FB1131002940F0B281B3FBF2F3416837
:10EAD8000A0C1204134343604FF4C0210AF0E8F80B
:10EAE800036843F001030360C368590200F1918190
:10EAF800069B1B7F002B40F09581036943F02003A0
:10EB08000361036943F040030361036943F0800331
:10EB18000361036943F480730361036943F4007379
:10EB28000361036943F0010303612C68EB6804F493
:10EB3800006403F4C0231C43736E002B99D1F36E59
:10EB4800002B96D1994633682BB19B889B0402D43D
:10EB580096F84C30BBB1484613B0BDE8F08FB369A6
:10EB6800002B7FF4E9AE73689F427FF4E5AEECE6D4
:10EB78004FF4C02110E7C3F34512082A0AD0102A1F
:10EB880008D06FF085090023736006F1100001F0CA
:10EB98005FFAE0E7180448BFE368A84842BF23F4D7
:10EBA800601343F40023E3608368DBF81810DB6824
:10EBB80063B9A34B012202930023A2491846CDE969
:10EBC80000330AF09DF96FF00409DCE709AA9847B9
:10EBD8000028EEDB0123099A396822FA03F08842FB
:10EBE80014D90133092BF8D1130A0593964B52080F
:10EBF80002930023CDE9031218460122CDE9003320
:10EC080090490AF07DF96FF01509BCE7226812A94E
:10EC180022F001022260A26801EB830353F8243C2E
:10EC280022F070421343A360BB88990703D4E368BA
:10EC380023F0007302E0E36843F00073E360BB88ED
:10EC480013F0040FE36814BF43F0807323F080735C
:10EC5800E360B98811F4006104D0B9F1000F52D013
:10EC68004FF4C12120460AF023F8BB8813F0100F97
:10EC7800E36814BF43F4000323F40003E360A368CC
:10EC880023F48003A360BA68BB88002A3ED0DA0761
:10EC980006D4E368DB005EBF236843F48053236037
:10ECA800E36823F0105343F08063E360BB8813F0FC
:10ECB800010FE36814BF23F4800343F48003E36087
:10ECC800BB88C3F34513082BA36823F01F030CBFAD
:10ECD80043F0070343F00F03A360E368DBF8102059
:10ECE80023F00F031343E360E368DBF80C2023F001
:10ECF800F00343EA0213E360A36823F4F073A3600C
:10ED0800079B1F604BE64FF4C021ABE713F0010FE0
:10ED1800E36823F0105308BF43F00053C5E7B4F588
:10ED2800C12F0CBF4946414638460AF0C7F80028AB
:10ED38008146BFF662AE26E72B6843F400732B606A
:10ED48002B689A053FF567AEFAE78368002B3FF416
:10ED580068AE012108300AF0E3F83B6818690AF048
:10ED6800C4FC5EE6B3BB1A46706D824224D1002211
:10ED78001146D6F85CE0714525D1934238BF134659
:10ED88004FF4FA525A43DCF80030B2FBF3F20A238C
:10ED9800C832A2FB0323384601F094F9F0B12B4B9B
:10EDA80001220293002327491846CDE900330AF0CF
:10EDB800A7F86FF07309E6E6316D01EBC201496807
:10EDC80001320B44D1E7B06D00EBC100406801315E
:10EDD8000244D0E74FF0FF321346DCE73368D6F839
:10EDE80040909B88DB0704D5B9F1000F05D1D6F810
:10EDF8007090B9F1000F3FF44AAEB9F1000FFFF679
:10EE0800C2AEA0E6B16D01EBC401496801340B4400
:10EE18004FE6036843F40073036003689A053FF5FF
:10EE280067AEFAE7036943F00803036165E62B68F8
:10EE3800EB68E8E68146A6E6C1468CE6CCB4010854
:10EE4800014F030804BC01080D5B03083C5B030881
:10EE5800D0CB01084FF0E02310B50F499C691A691F
:10EE680008689B690D4902F4803234B993B90346A6
:10EE78004AB90A681044C01A10BD002B08BF0346DF
:10EE88000AB9A342F5D90A6802440A604FF0E022A1
:10EE98001269EEE70446F3E70C1E0020081E002066
:10EEA80010220A4B002083F823204FF47A52084B93
:10EEB8001A60084B43F67F6218604FF0E0235A61EE
:10EEC80098611A6942F007021A61704700ED00E084
:10EED8000C1E0020081E0020684620F007018D4601
:10EEE80019B5FFF7B7FF1149114B0868D3E900427C
:10EEF800001942F10002C3E9000200230B604FF43D
:10EF08007A530C4AD2E90041001BB0FBF3F04343AB
:10EF18001B1941F10001C2E9003102F0D3FAF8F7F8
:10EF280065F8BDE819408546704700BF081E0020F7
:10EF380030120020281200202DE9F041DFF8F0807F
:10EF480099B1421C0BD14FF0E022136923F0010361
:10EF580013614FF07F43C8F80030BDE8F081D8F85E
:10EF68000060012807DC00270BE0431CD8F800608C
:10EF7800F7D140F21740B0F5836FA8BF4FF4836014
:10EF8800471EEFF31185102383F31288BFF36F8FA9
:10EF9800FFF760FF4FF0E023214C9969D4E9002383
:10EFA80080184FF0000243F10003C4E900031D4B31
:10EFB8001A601D4B1A68831A2ED44FF47A5C0CFB26
:10EFC800073303F579533F33B3FBFCF7131A0CFBF4
:10EFD8000733B3F5806F38BF4FF48063134A934209
:10EFE80028BF13464FF0E022C8F80030013B906973
:10EFF8005361002381429361A1EB000338BF9B1941
:10F00800D4E900125B1842F10002C4E9003285F32A
:10F018001188BFF36F8FA0E74FF48063E2E700BF6A
:10F0280030120020081E002028120020809DFF00BA
:10F038000C1E002038B5EFF31185102383F31288D6
:10F04800BFF36F8F084B1C68084B1B68E41AFFF767
:10F0580001FF85F31188BFF36F8F4FF47A53204473
:10F06800B0FBF3F038BD00BF30120020281200209A
:10F0780038B5EFF31185102383F31288BFF36F8F30
:10F08800044B1C68FFF7E6FE85F31188BFF36F8F0A
:10F09800204438BD3012002010B5EFF3118410233E
:10F0A80083F31288BFF36F8FFFF7D4FE054AD2E9C6
:10F0B8000031C01841F1000184F31188BFF36F8F4C
:10F0C80010BD00BF30120020034A136823F07003FC
:10F0D80003431360704700BF00740046034A136877
:10F0E80023F0020303431360704700BF0074004617
:10F0F80038B50A4C236843F00103236007F034FC59
:10F10800054623681B0701D5002038BD07F02CFCF5
:10F11800401B0A28F5D90320F7E700BF0074004612
:10F12800024A136823F00103136070470074004615
:10F13800F8B504461546A1B95378CA2213F0100F42
:10F148000AD15323626263620AF0EBF901282AD1DB
:10F158000120FF236362F8BD23F010030A336B70AC
:10F16800EFE7CA234362532343620AF0DAF901281E
:10F17800EED061681E4AAB780A4013432A7843EA06
:10F188004233EA7843EA02436A7843EA0223636037
:10F19800E36823F08003E360A3699B0626D4204636
:10F1A8000AF0E7F9D5E70A20AB786A78B3FBF0F6FE
:10F1B80000FB1633E97843EA061367682E780C4D8E
:10F1C800DBB23D4045EA46352B43B1FBF0F500FB89
:10F1D800151141EA0511C9B243EA0143B2FBF0F146
:10F1E80000FB112242EA0112D2B2CEE70020B0E7BA
:10F1F800C00000FF524A036890426DD002F180526D
:10F20800904269D0B0F1804F66D0B0F1A04F63D082
:10F218004C4A904260D002F1805290425CD04A4AF7
:10F22800904211D002F18052904255D0474A904204
:10F238004AD002F18052904215D0454A904218D0E7
:10F2480002F18052904243D14A6823F0700313437D
:10F258003D4A904244D002F18052904240D03B4A0D
:10F2680090420AD13CE04A6823F070031343394ABC
:10F27800F6E74A6823F070031343354A90422FD0CB
:10F2880002F1805290422BD0334A904228D002F1AA
:10F298008052904224D0314A904221D002F18052CB
:10F2A80090421DD02E4A90421AD002F180529042CC
:10F2B80016D003608B68C3620B888362436943F08E
:10F2C80001034361002070474A6823F07003134329
:10F2D8001E4A9042CBD103E04A6823F070031343DF
:10F2E800CA6823F44073134303608B68C3620B88B6
:10F2F8008362134B98421FD003F1805398421BD06E
:10F30800134B984218D003F18053984214D0124BF3
:10F31800984211D003F1805398420DD00F4B984278
:10F328000AD003F18053984206D00D4B984203D07F
:10F3380003F180539842C1D10B690363BEE700BF54
:10F34800002C01400004004000080040000C004070
:10F3580000340140000C00500040014000440140CE
:10F3680000480140B1F5805F30B500F05B810AD8F4
:10F37800102900F0A680B1F5807F00F0F680012901
:10F388004DD0012030BDB1F5803F00F09F81B1F52F
:10F39800801FF6D1036A23F480130362036A016DA8
:10F3A800146821F0807121F4E04141EA04241169D4
:10F3B80023F4001343EA0153516823F4801343EA0A
:10F3C8000153934988421FD001F1805188421BD0D4
:10F3D8009049884218D001F18051884214D08E4952
:10F3E800884211D001F1805188420DD08B49884262
:10F3F8000AD001F18051884206D08949884203D059
:10F4080001F18051884206D14168956921F4802133
:10F4180041EA852141600465D268C2644EE0036A0E
:10F4280023F001030362036A41688469156824F4C0
:10F43800803424F073042C43156923F002032B4312
:10F44800556823F001032B43714DA8421FD005F1E5
:10F458008055A8421BD06F4DA84218D005F18055A1
:10F46800A84214D06C4DA84211D005F18055A8428D
:10F478000DD06A4DA8420AD005F18055A84206D0A1
:10F48800674DA84203D005F18055A84212D15569AD
:10F4980023F0080343EA8503956823F0040343EA4D
:10F4A8008503956921F480712943D56921F4007198
:10F4B80041EA450141608461D268426303620020E9
:10F4C80060E7036A23F010030362036A41688469F2
:10F4D800156824F0807424F4E64444EA0524156988
:10F4E80023F0200343EA0513556823F0100343EA89
:10F4F8000513474DA8421FD005F18055A8421BD0DF
:10F50800444DA84218D005F18055A84214D0424D68
:10F51800A84211D005F18055A8420DD03F4DA84210
:10F528000AD005F18055A84206D03D4DA84203D027
:10F5380005F18055A84213D1556923F0800343EAA9
:10F548008513956823F0400343EA8513956921F4F0
:10F55800806141EA8501D56921F4006141EAC5016C
:10F5680041608461D2688263A8E7036A23F48073E8
:10F578000362036A4168C469156824F4803424F07E
:10F5880073042C43156923F4007343EA0523556873
:10F5980023F4807343EA05231D4DA8421FD005F1CB
:10F5A8008055A8421BD01B4DA84218D005F18055A4
:10F5B800A84214D0184DA84211D005F18055A84290
:10F5C8000DD0164DA8420AD005F18055A84206D0A4
:10F5D800134DA84203D005F18055A84213D15569AF
:10F5E80023F4006343EA8523956823F4806343EAA0
:10F5F8008523956921F4805141EA0511D56921F4E3
:10F60800005141EA45114160C461D268C26355E7BF
:10F61800002C0140003401400040014000440140FA
:10F6280000480140036A23F480530362036A416877
:10F63800C469156824F0807424F4E64444EA052477
:10F64800156923F4005343EA0533556823F48053BE
:10F6580043EA0533424DA8421FD005F18055A84220
:10F668001BD0404DA84218D005F18055A84214D0AF
:10F678003D4DA84211D005F18055A8420DD03B4D13
:10F68800A8420AD005F18055A84206D0384DA842B4
:10F6980003D005F18055A84213D1556923F40043DE
:10F6A80043EA8533956823F4804343EA85339569B3
:10F6B80021F4804141EA8511D56921F4004141EAEC
:10F6C800C5114160C461D2680264F7E6036A23F495
:10F6D80080330362036A016D146821F4803121F0DC
:10F6E800700141EA0405116923F4003343EA014338
:10F6F800516823F4803343EA0144194B98421FD0E0
:10F7080003F1805398421BD0164B984218D003F14E
:10F718008053984214D0144B984211D003F180536F
:10F7280098420DD0114B98420AD003F18053984269
:10F7380006D00F4B984203D003F18053984206D16C
:10F748004168936921F4803141EA032141600565EC
:10F75800836CD2681B0D1B05134383640462AEE6F9
:10F76800002C0140003401400040014000440140A9
:10F7780000480140A8B1304BDA6802F44032B2F5D3
:10F78800403F10D12D4B984251D92D4B984250D91A
:10F798002C4B984235D92C4B984216D92B4B984272
:10F7A80031D901207047DA6802F44032B2F5003FDF
:10F7B8000DD1274B98423AD9264B984239D9264B36
:10F7C80098421ED9254B9842EBD803201CE0DB68F1
:10F7D80003F44033B3F5803F0AD1214B984226D930
:10F7E8001B4B984225D91F4B98420AD9194BEAE777
:10F7F8001D4B98421BD91D4B98421AD91C4B984255
:10F80800CFD8022000E004201A4A136823F00F031F
:10F8180003431360136803F00F0398420EBF0346B7
:10F82800136803F00F03C01A18BF012070470020A7
:10F83800EAE70120E8E700BF000802460048E801BF
:10F848000090D00300D8B8050020A10700688909F6
:10F8580040787D0180F0FA02C068780400E1F5057F
:10F8680020BCBE0060343C0200127A000024F40080
:10F8780000366E0100200240014806F06CBE00BF51
:10F88800EA5B030870B5044688B10378C3B10D4D2F
:10F898000D4EB54201D3002409E02968A14208D1E0
:10F8A800284609F031FF002814BF2C4600242046C2
:10F8B80070BD2046F1F70AFC0028F1D02035E8E7B2
:10F8C8001C46F4E7CCB401084CB901081FB504463E
:10F8D800F6F792FC064B01220293002305491846CD
:10F8E800CDE9003309F033FF204609F040FF00BF9F
:10F8F800235C0308DCBB01082DE9F041054686B00E
:10F908000E46EFF31188102383F31288BFF36F8F2D
:10F918000024042898BF234B234A98BF53F820306B
:10F92800976888BF214B127C2149CDE90432214BCD
:10F9380003900293012223462046CDE9004409F0B2
:10F9480006FF6EB1F369C3F308034BB11A4B0122EA
:10F95800CDE90143204623461549009409F0F7FEF6
:10F968002FB138460AF07AFA08B1037803B9134878
:10F97800134B012202930023CDE90370CDE9003334
:10F9880018460B4909F0E3FE31462846FFF79EFF6B
:10F9980088F31188BFF36F8F384606B0BDE8F04191
:10F9A800F7F732BE74D90108101E0020325C030834
:10F9B800DCBB0108485C0308705C0308405C030872
:10F9C800915C030838B50A4B53F82040013053F8CE
:10F9D8002050A54200D838BD606830B1037FDB07EE
:10F9E80001D409F0CFFE0834F3E723689847FAE713
:10F9F80088D90108012270B52E4B032086B01A70F1
:10FA0800FFF7E0FFFFF738FF2B4C2C4DAC421AD123
:10FA18000420FFF7D7FF2A4C2A4D2646AE4204F1B0
:10FA2800300416D301F01AF9254C274EAC422CD3DA
:10FA380001F028F906F08BF9244A137B23F001031F
:10FA4800137306B070BD54F8043B002BE0D0984700
:10FA5800DCE754F80C3C059354F8103C049354F834
:10FA6800143C039354F8183C029354F81C3C01933B
:10FA780054F8203C009354E90A2354E90C0100F09F
:10FA88001BFE54F8303C5E65C7E7D4E90A23B3F19E
:10FA9800FF3F08BFB2F1FF3F05D052EA03012068DB
:10FAA80003D101F0EBF93034C0E73146183001F0EA
:10FAB80079FCF8E7E01F00202CBB01082CBB0108EB
:10FAC8004CB901084CB90108899F0108401300206E
:10FAD80008B50348034A0021121A09F06AFE08BD56
:10FAE800A0110020042000204FF4847370B5144E38
:10FAF80086B003FB0066134B012205930F23CDE963
:10FB080003320023CDE9013318234FF4A0720E4DC0
:10FB18000E4903FB0055044602FB00110C4B30460E
:10FB2800009500F0C9FD737B2C7423F004037373F4
:10FB3800084B013403EBC423EE606B6006B070BD64
:10FB480038120020F35C0308101E00200828022049
:10FB5800E798010808200220BFB50020FFF732FF10
:10FB6800274B83F308880025F023264C264F84F87A
:10FB78002230E57725766576A57684F82050636A85
:10FB880043F4E0236362F7F709FDF7F795FE4FF0BA
:10FB9800FF33A362E362F6F709FB1C4800F022FE7C
:10FBA80009F0B1FDF6F75AFA0120FFF70BFF022022
:10FBB800174CFFF707FF01F099F8164B01229C61DB
:10FBC800154B1649059305232046CDE90332CDE9A7
:10FBD80001553B464FF40042009500F06DFD064686
:10FBE800627B204622F0040262730AF086F92846F6
:10FBF800FFF77AFF3A4631462046F7F733FE00BF53
:10FC08000828022000ED00E0FDF90008701500202A
:10FC180040130020101E0020201E0308482902203F
:10FC280038B5064C064DAC4201D3002038BD2046FD
:10FC3800D4E9011209F00CFE1834F4E74011002051
:10FC4800701100201FB5054CCDE9002302940A4627
:10FC5800002109F0BBFD04B010BD00BF2D620108F2
:10FC680030B5054B85B0DDE908450293CDE900457F
:10FC780009F0ACFD05B030BD33620108002038B58D
:10FC8800054C064DAC4200D338BD204609F007FEAE
:10FC98000028F9DB2034F5E740110020401100204E
:10FCA80070B50025094C0A4E00230122194620464A
:10FCB8000AF0DFF821463046013509F0FFFF0A2D2A
:10FCC80004F15004F0D1002070BD00BF48A9022003
:10FCD800841100202DE9F34104460E4600F108087E
:10FCE800EFF31187102181F31288BFF36F8F406AF9
:10FCF8002169884239D22568AC4218D0BDB128465E
:10FD080009F0F8FD05F118000AF05BFB3146E268DE
:10FD180028690BF0B6F900232846C5F8C0300AF068
:10FD2800ECF84046394600F055FF00202AE03146FD
:10FD3800E268206A0BF0A5F9236AE26810211344EF
:10FD4800A2692362934208BF636904F1280008BFCF
:10FD58002362636A013363620AF0D3FC0028E0D1AE
:10FD680087F31188BFF36F8F0CE052EA03010CD0C0
:10FD78000749404689680E61CDE900233946224685
:10FD880000F094FE02B0BDE8F0816FF02200E7E7D2
:10FD9800101E0020F7B50446084604F10807EFF3E3
:10FDA8001186102181F31288BFF36F8F616A0029D1
:10FDB8003AD0E268E1690BF064F9E369E268256822
:10FDC8001344A269E361934204BF6369E361636A10
:10FDD800AC4203F1FF33636234D02846002D32D0A1
:10FDE80009F088FD05F118000AF0EBFAE2682969C4
:10FDF800206A0BF046F9236AE26828461344A26990
:10FE08002362934204BF63692362636A01336362B6
:10FE18000024C5F8C0400AF070F83846314600F0B2
:10FE2800D9FE204603B0F0BD52EA030110D00A49BA
:10FE380089680861CDE9002331462246384600F03A
:10FE480035FEEFE7002086F31188BFF36F8FE9E7EF
:10FE58006FF02200F7E700BF101E00202DE9F341E4
:10FE6800044617461E46EFF31188102383F31288C1
:10FE7800BFF36F8FC368334A7BB18068916888424B
:10FE880019D057EA060318D188F31188BFF36F8F8A
:10FE98006FF00F0002B0BDE8F081916891F90E1083
:10FEA8000133E36093682161A36088F31188BFF38D
:10FEB8006F8F0020EEE72169F2E791F90E1090F9B3
:10FEC8000E306FF07E029942A8BF19469142B8BF22
:10FED80011468B422DDD09F0CFFD054622464146ED
:10FEE800CDE90076184800F0E1FD0028E1D0EFF3F5
:10FEF8001186102383F31288BFF36F8FA068D0B1E7
:10FF0800236821699C420AD04BB193F90E3099427B
:10FF1800A8BF19466FF07E039942B8BF194609F089
:10FF2800ABFD40B13146084800F054FE6FF00A00BE
:10FF3800B0E70025D2E7002DF4D186F31188BFF38E
:10FF48006F8FF3E7101E0020E11F0020F8B58368CB
:10FF58000546002B40D0234A926893423FD1C3689C
:10FF6800012B03D9013BC3600020F8BDEFF31187D3
:10FF7800102383F31288BFF36F8F0169806809F03B
:10FF88007BFD2C68A54207D10023C5E9023387F31E
:10FF98001188BFF36F8FE7E7002CF5D0D4E9003262
:10FFA800002613605A60637BC4E9006623F00203ED
:10FFB8006373A66004F118000AF003FAAC6094F9C0
:10FFC8000E3020462B61C4F8C06009F096FF394610
:10FFD800054800F0FFFDC7E76FF01500C5E74FF0D3
:10FFE800FF30C2E7101E0020E11F002037B5EFF3F5
:08FFF8001185102181F312882C
:020000040801F1
:10000000BFF36F8F04689CB12368426823F0030339
:100010009442036008BF43600121204609F0BBFD04
:10002000044685F31188BFF36F8F204603B030BDBF
:1000300052EA0301F5D0CDE90023294600F10C0274
:10004000083000F037FD0028EFD1024B9B681C6997
:10005000EBE700BF101E002070B5EFF311861023F0
:1000600083F31288BFF36F8F0468A0421BD0D4B112
:10007000D4E90032002513605A60637BC4E900555F
:1000800023F002036373A56004F118000AF09DF9E0
:100090002046C4F8C05009F034FF3146BDE8704036
:1000A000094800F09BBDD0E902329A4218BF0133E3
:1000B0000221836010300AF028FB0028EDD186F37E
:1000C0001188BFF36F8F70BDE21F002013B5EFF3EF
:1000D0001181102484F31288BFF36F8F846844B1B8
:1000E000013C846081F31188BFF36F8F002002B060
:1000F00010BD52EA030406D181F31188BFF36F8F5C
:100100006FF00F00F3E7CDE900230246014800F04D
:10011000D1FCECE7E21F00202DE9F8430546EFF3A0
:100120001188102383F31288BFF36F8F00266FF0BE
:100130000A0937462C68A54216D0ACB1D4E9003282
:1001400013605A60637BC4E9007723F00203637392
:10015000A76004F118000AF038F92046C4F8C090EE
:1001600009F0CFFE0126E5E700230221AB6005F18F
:1001700010000AF0CAFA30B92EB988F31188BFF31B
:100180006F8FBDE8F8834146BDE8F843014800F0B1
:1001900025BD00BFE21F002073B50C46EFF31181AF
:1001A000102585F31288BFF36F8FD0E90365B54240
:1001B0000AD92B1F036155F8043C236081F3118891
:1001C000BFF36F8F002008E052EA030507D181F3E7
:1001D0001188BFF36F8F6FF00F0002B070BDCDE9D3
:1001E00000230246083000F065FC10F10B0FF4D03C
:1001F000024B9B681B692360E4E700BF101E0020D0
:1002000007B5074B4FF48062009306494FF0FF3368
:10021000054800F013F9002003B05DF804FB00BFAF
:10022000A0D9010868AC0220481400202DE9FF4144
:10023000044610274E4EEFF3118887F31288BFF360
:100240006F8FD4F80C51F5B9022104F5927009F0C2
:1002500077FD002868D004F58E750022012128461C
:1002600009F000FF0028F8D100234FF0FF3202937D
:100270004FF0FF334146CDE900233E4804F58A7232
:1002800000F002FFD7E7D4F810212B689542C4F89C
:100290000C3108BFC4F81031D4F8243143F0020304
:1002A000C4F82431EB6823F0040343F00103EB604E
:1002B0006B6888F31188BFF36F8F28469847EFF378
:1002C000118887F31288BFF36F8FEB68D80623F08D
:1002D000010236D4EA60EB689A0716D5306823F03D
:1002E0000203EB6088B10021036870B14268954257
:1002F00035D1036869BB72683360824200D1736094
:10030000002340F8083BFFF7A7FED4F8243123F080
:100310000203C4F8243188F31188BFF36F8FDB0523
:1003200089D400F02FFD86E7D4F82431D9069BD577
:10033000C4F8240188F31188BFF36F8F04B0BDE8BF
:10034000F08123F01103EB6005F11000FFF784FE4C
:10035000C1E70B607368834208BF7160D0E723B1C7
:100360001A68014618461346BFE71A46F9E700BF68
:10037000381E0020E31F0020F8B5C36804469A0722
:100380000F46C3F340062ED45B071CD40B680BB991
:1003900083680B60E368DD0742BFA36802263B6009
:1003A0003D6858BF0126002D3CD0204B9A68D5F8F7
:1003B00008319A420AD0D5F82431D807C3F3800215
:1003C00014D46FF0120600233B6025E009F041FDD4
:1003D000D5F824310028F0D1D907C3F3C002F0D5F5
:1003E00052B15B0708D46FF00F06ECE7002AFAD190
:1003F000C3F3C003002BF6D100232360D5F81031DE
:1004000063B9C5E94344284609F0B4FCE36843F006
:100410000403E3603B68A3603046F8BD1C60C5F888
:100420001041F0E76FF01506CDE700BF101E002069
:100430000146014809F0E0BC48140020F0B504462C
:10044000002089B0C4E943000E9D04F58A70C4E918
:10045000450004F58E70C4E9470055B3287900289B
:1004600040F2011008BF0120C4F8240100204FF021
:10047000FF364FF0FF37CDE90330CDE90100CDE97C
:10048000066720460C4B009400F084F955B12968AA
:1004900011B1204600F004F96B791BB1237B43F0C6
:1004A00001032373204600F0EDFCC4F8084109B0B5
:1004B000F0BD0120D8E700BF2D02010837B501903B
:1004C0000846EFF31184102181F31288BFF36F8F78
:1004D000C16811F01E0F16D153EA020508D101A917
:1004E000FFF74AFF84F31188BFF36F8F03B030BD6D
:1004F00041F00801C160019910308161034900F0A9
:1005000055FF0120EEE70020ECE700BF859D0108C4
:1005100001460148FFF7D2BF48140020F7B50C464A
:1005200016461D460190EFF31187102383F31288BE
:10053000BFF36F8F084609F00EFC55EA060309D198
:10054000204601A9FFF718FF87F31188BFF36F8FCB
:1005500003B0F0BDE368324643F00803E360019B5B
:100560000449A36204F110002B4600F01FFF012094
:10057000EAE700BF859D010838B5EFF31185102328
:1005800083F31288BFF36F8F0468A04213D094B135
:10059000204609F04DFC04F1180009F016FF002375
:1005A0002046C4F8C03009F0ACFC2946044800F0ED
:1005B00015FB002038BD85F31188BFF36F8FF8E776
:1005C000E41F00202DE9F0410546EFF311871023C9
:1005D00083F31288BFF36F8F0468A04222D00CB35C
:1005E0000026204609F024FC04F1180009F0EDFE75
:1005F000B0462046C4F8C08009F083FC2C68013660
:10060000A54208D03CB1204609F012FC04F11800C4
:1006100009F0DBFEEDE73946054800F0DFFA304629
:10062000BDE8F08187F31188BFF36F8F0026F6E7EE
:10063000E41F00202DE9F34105460C4617461E46EF
:10064000EFF31188102383F31288BFF36F8F0846EE
:10065000FFF780FC2A464146CDE90076074800F0C6
:1006600029FA05464FF0FF324FF0FF332046FFF7DF
:10067000F9FB284602B0BDE8F08100BFE41F00206E
:10068000EFF305833BB9054B9B68D8897F288CBF66
:100690000020012070470020704700BF101E00207E
:1006A00010B5044608B9054B9C681F2204F1880068
:1006B0000AF0FCF9002084F8A70010BD101E0020ED
:1006C0002DE9F04F984685B000F15803C0E9163384
:1006D000129B002503730423D61D26F007064373DF
:1006E000119B01EB060A0F46C0E90655514685608D
:1006F0008373C5730446DDF838B0DDF84C90F6F727
:100700007BFA109B073020F00700C4E92A76C4F872
:10071000B00002930F9BAAEB0006CDE900B332466E
:10072000434639462046F7F75DF80F9BC4E91D8B19
:10073000E367109B656584F87050C4F88030EFF370
:100740001183102282F31288BFF36F8F104F7A6AE1
:100750007C62C4F8842083F31188BFF36F8FB9F1F2
:10076000000F11D01F22494604F188000AF09EF9BB
:1007700084F8A750BB680BB1D3F8B4303046C4F846
:10078000B43005B0BDE8F08F84F88890F2E700BF80
:10079000101E0020F0B5002587B00595109DDDE9FD
:1007A000127604950F9D044603950E9D02950D9DAE
:1007B00001950C9D0095FFF783FFB6F1FF3F08BF41
:1007C000B7F1FF3F05D056EA070305D1204600F0F8
:1007D00059FB204607B0F0BD3A46334604F11800F5
:1007E000014900F0E3FDF4E7899F010840F201139D
:1007F0008381002310B50446C0E92A3301F0C4F810
:10080000014B9C6010BD00BF101E00206FF00A015C
:10081000094A9368C3F8C0100849C3F8BC004B6884
:1008200043F080534B60002383F31188BFF36F8F35
:100830009368D3F8C0007047101E002000ED00E060
:1008400070B590F90D20437B002A36DBD90634D1F0
:100850001B4C63F07F032246437352F81C3F216A0E
:10086000934207D1C0E900210860206211E099425B
:10087000F8D01B68002BF5D090F90E5093F90E605C
:10088000B542F4D0AE42F2DD5968C0E900310860EB
:100890005860E569954200D005B9E568A3685A7BC0
:1008A000D20604D1DA897F2A01D9AA6932B1AB42D2
:1008B00002D0284600F09CFCA56170BDA361FCE756
:1008C000101E002038B590F90D200146002A437B08
:1008D00004DA03F07F03437309F0D9FA0D4D2A4679
:1008E00052F81C4FAB68944200D004B9EC688B42BC
:1008F00007D05A7BD20604D1DA897F2A01D9A269AE
:100900002AB1A34202D0204600F072FC2346AB611C
:1009100038BD00BF101E0020B3F1FF3F08BFB2F189
:10092000FF3F03D00249183000F040BD704700BFC0
:10093000899F010870B590F90D200146002A437B7C
:1009400004DA03F07F03437309F0A1FA1C4C4B7BDC
:10095000224663F07F034B7352F81C3F206A934298
:1009600007D1C1E900200160216211E09842F8D06E
:100970001B68002BF5D091F90E5093F90E60B5422B
:10098000F4D0AE42F2DD5868C1E900300160596030
:10099000E569A368954200D005B9E5688B4207D0A8
:1009A0005A7BD20604D1DA897F2A01D9AA692AB1F1
:1009B000AB4202D0284600F01BFC2B46A36170BD61
:1009C000101E0020F8B5394C0746A268824224D197
:1009D000EFF305830BBBEFF31186102383F312882B
:1009E000BFF36F8F537B03F07F0343F01003537308
:1009F00009F04DFA234653F81C5F9D4200D005B91B
:100A0000E568A3689D4202D0284600F0F1FB30461D
:100A1000A561BDE8F840FFF7F9BEEFF3118510239B
:100A200083F31288BFF36F8F7B7BD90604D585F3E0
:100A30001188BFF36F8FF8BDD90943F0100219D1A7
:100A40007A73E6691A4B9E4200D006B9E668A3683D
:100A5000B34202D0304600F0CBFBA368A6619F42B0
:100A6000E5D1EFF30583002BE1D13A7BD2070AD41D
:100A70002846CEE703F07F0343F0100338467B732C
:100A800009F005FADDE785F31188BFF36F8F83F373
:100A90001188BFF36F8F0423184602DFEFF3118034
:100AA000102383F31288BFF36F8FB2E7101E00206C
:100AB0002C1E0020F8B5DDE906670D4B0C46986842
:100AC00011460C4A1060EFF31182102282F3128853
:100AD000BFF36F8F9D68284609F0EBF92846324630
:100AE0003B46FFF719FF2046BDE8F840FFF78EBEF2
:100AF000101E0020401E0020F8B50446EFF31187B9
:100B0000102383F31288BFF36F8F437B49B203F046
:100B10001F02002A0CBF0126002639D103F07F03F3
:100B20002D4D437309F0B3F92A46437B817363F07B
:100B30007F03437352F81C3F934227D1286AC4E9CC
:100B4000002004602C620FE09842F8D01B68002B54
:100B5000F5D093F90EC06145F6D08C45F4DD5968A7
:100B6000C4E900310C605C60EC69944200D004B9C7
:100B7000EC68AB689C4202D0204600F039FBAC61C7
:100B800087F31188BFF36F8F3046F8BD286ADEE720
:100B90009B071ED5856809F07AF981732B689D4201
:100BA00009D16B68C4E900531C606C60E8E76A68AF
:100BB0009342F6D01B68002BF3D093F90E2091429C
:100BC000F5D08A42F3DD5A68C4E9003214605C60F3
:100BD000D6E78173D4E700BF101E002049B9EFF3B8
:100BE000058030B9054B9A699B689A4201D0FFF79E
:100BF0000DBE81F31188BFF36F8F7047101E002068
:100C000010B5EFF31184102282F31288BFF36F8FB7
:100C1000427BD10604D484F31188BFF36F8F10BDDB
:100C200022F010024273FFF70BFE2146BDE8104090
:100C30000148FFF7D3BF00BFE51F0020034648B9B6
:100C4000EFF3058232B9064A91699268914201D068
:100C5000FFF7DCBD83F31188BFF36F8F704700BFD0
:100C6000101E0020EFF31181102383F31288BFF3CD
:100C70006F8F054B9A68D37B013BD37381F3118847
:100C8000BFF36F8F704700BF101E002070B5EFF3E9
:100C90001186102383F31288BFF36F8F144DAB6856
:100CA000DA7B0132DA732A4652F81C4F944200D0A4
:100CB00004B9EC685A7BD20604D1DA897F2A01D9BB
:100CC000A2692AB1A34202D0204600F091FA23463D
:100CD000AB6186F31188BFF36F8FEFF311801023A0
:100CE00083F31288BFF36F8FBDE87040FFF7A6BF94
:100CF000101E0020024B03F11C02C3E907227047BB
:100D0000101E002008B5FFF7F7FE70B1074B9B6877
:100D1000DB7B53B9EFF31180102383F31288BFF309
:100D20006F8FBDE80840FFF789BF08BD101E002087
:100D300070B5EFF31186102383F31288BFF36F8F22
:100D40000E4D2B4653F81C4F9C4200D004B9EC6862
:100D5000AB685A7BD20604D1DA897F2A01D9A2690D
:100D60002AB1A34202D0204600F042FA2346AB61EA
:100D70003146BDE870400248FFF730BF101E00202A
:100D8000E51F002070B5EFF31186102383F312885E
:100D9000BFF36F8F1B4CA168206A0B68814214BFA0
:100DA0001A46002249680B605960A368216A2AB973
:100DB000154AC3E900210B6023620CE093F90E0091
:100DC00092F90E50A84218D0854216DD5168C3E949
:100DD00000210B605360E5690B4B9D4200D005B9C3
:100DE000E568A3689D4202D0284600F001FAA5619B
:100DF0003046BDE87040FFF709BD8A42D8D012687E
:100E0000D5E700BF101E00202C1E0020F8B550EAC8
:100E1000010306460C4603D1FFF7B4FF0020F8BDDE
:100E2000EFF31187102383F31288BFF36F8F124DF6
:100E3000124BA8681860FFF745FDA86823463246A4
:100E40000F49183000F0B2FAAA680446537B3846BE
:100E500043F004035373FFF7D9FCAB68D3E90A23CB
:100E6000B3F1004F08BF002AD8D109F0D6FA201AF2
:100E700020EAE070D3E700BF101E0020401E0020D3
:100E8000899F010838B50446EFF31185102383F3D9
:100E90001288BFF36F8F437B5B070FD5183009F0C3
:100EA00094FA637B204623F004036373FFF7C8FCC6
:100EB0002946BDE838400448FFF790BE85F3118805
:100EC000BFF36F8F38BD00BFE51F0020014B98684E
:100ED000704700BF101E00202DE9F8430446077B31
:100EE000EFF31185102383F31288BFF36F8F437BD9
:100EF000190705D585F31188BFF36F8FBDE8F88317
:100F0000D90943F0080260D14273A36813B12046A7
:100F100008F0C5FF04F1180009F057FAA66D04F1B6
:100F20005808B04511D04FF0000976B1304608F0AE
:100F3000B6FF06F1180009F048FA3046C6F8C0902E
:100F4000FFF77EFCA66DB045EFD1DFF8CC80D8F876
:100F500008309C4241D1EFF30589B9F1000918BF6F
:100F60004FF00109D8F81C60294A964200D00EB90A
:100F7000D8F80C60B34202D0304600F039F9204670
:100F8000C8F81860F6F74EFC204600F089F9B9F170
:100F9000000F02D01F48FFF729FCD8F808309C4208
:100FA00031D1EFF3058373BB227BD20718D42846D7
:100FB000FFF72CFCFB07A1D5002383F31188BFF3B7
:100FC0006F8F0423184602DF98E703F07F0343F096
:100FD0000803437308F05BFF97E74FF00009C1E790
:100FE00085F31188BFF36F8F83F31188BFF36F8F81
:100FF0000423184602DFEFF31180102383F31288D5
:10100000BFF36F8FD4E785F31188BFF36F8FD1E7FC
:101010002C1E002070150020101E0020F8B501467F
:1010200015461C46EFF31186102383F31288BFF395
:101030006F8F437B1B0718D452EA04031BD0114F58
:10104000B86888421AD08A6800F158039A4215D0CD
:10105000583108F02EFFB8682A462346FFF75CFC9B
:101060003046BDE8F840FFF7D1BB002086F3118879
:10107000BFF36F8FF8BD6FF00F00F7E76FF02C0034
:10108000F4E700BF101E0020D3B5DDE90667089C19
:10109000CDE90067FFF70EFD1CB1034B9B681B6990
:1010A000236002B0D0BD00BF101E00202DE9F04D1E
:1010B00000248CB0CDE9091205461646DDE914235B
:1010C00004A80F460B9409F0AEF9DDE904ABEFF389
:1010D0001183102282F31288BFF36F8F089395F863
:1010E0002C308DF81F409A0749D405F104082A8A4C
:1010F0002B899B1A6A699BB29A4205D105F124009B
:1011000009F02EF88DF81F000B994046721A3944E9
:1011100005F0EAFB0B9BC418B4420B940CD1344687
:101120009DF81F3073B3089905F11800FFF756FDBD
:1011300020460CB0BDE8F08D95F82C30DB0704D4C8
:10114000002C08BF6FF01F04EAE7114B09AA9B6847
:1011500029461A610DF11F03CDE900AB029308AADD
:1011600005F11C0008F0C3FF04460028BFD010F1B1
:101170000B0FD5D10B9B002B18BF1C46D0E76FF08F
:101180008B04CDE7089B83F31188BFF36F8FCFE704
:10119000101E00200122044BC01A044BC0105843FB
:1011A000034B1A54704700BF78160020ABAAAAAAB6
:1011B000E61F0020C3897F2B12D80A4B1B6863B13E
:1011C000094B90F90E201B689A4209DB437BDB0632
:1011D00006D1064BC31A18BF012303F00100704764
:1011E0000023FAE704030020441E002038120020E8
:1011F00070B50E4B0E4C1E7C054606EB460304EB09
:10120000C304204609F0E1F800220A4B28469A550B
:10121000FFF7D0FF48B1084B2046BDE870401A6880
:101220000649013AD31700F0C1B870BD101E002066
:1012300078160020E61F0020040300209511010805
:1012400038B5EFF31185102383F31288BFF36F8F46
:10125000104B114A9C681068A04206D1FFF7C8FFE6
:1012600085F31188BFF36F8F38BD00211B7C11609F
:101270000A4AD35C002BF3D02046FFF79BFF0028DF
:10128000EED0637BDB0602D12046FFF753FB2046FE
:10129000E4E700BF101E0020401E0020E61F0020D3
:1012A000EFF31181102383F31288BFF36F8F0C4A81
:1012B000536A834208D1D3F88430536281F3118892
:1012C000BFF36F8F70471346002BF7D0D3F88420FD
:1012D0008242F8D1D0F88420C3F88420EEE700BF22
:1012E000101E0020F8B505460E46EFF311871023B7
:1012F00083F31288BFF36F8F064B5C6A24B987F3C0
:101300001188BFF36F8FF8BD20463146A847D4F847
:101310008440F3E7101E0020074808B5074A084933
:10132000121A08F04CFABDE808400648064A074978
:10133000121A08F044BA00BF00000020A0110020DB
:10134000105E03080000002000000020105E03086B
:10135000024B1868984208BF00207047080300201D
:10136000034B1B680BB9FDF769BE0020704700BF37
:10137000481E002030B570B10B4B5B6898420AD014
:10138000036843B1D3E90421D0E90445121941EBC4
:101390000501C3E90421D0E9003213605A6000233B
:1013A000C0E9003330BD00BF08030020B3F1FF3FA8
:1013B00008BFB2F1FF3F2DE9F84F044699461546A4
:1013C0001F467AD08160EFF31188102383F31288CF
:1013D000BFF36F8FB9F1000FDFF8E8A020DBFFF754
:1013E000BFFFDAE90027013549F100092D1849EB63
:1013F000E07306464FF00109C4E90453AD1843EB0E
:101400000707FFF7A5FF0346DFF8BCE0DEF804A0FE
:10141000EBB9C4E900EACAF80040CEF8044028E07D
:101420006FF00103DAE900125B1A4FF0FF3161EB54
:1014300002025B1B62EB0902012B72F10001BCBFCF
:10144000012300224FF00009C0E90432D9E7D3E9B3
:10145000041CD4E904208A4270EB0C0B24DA891AAC
:101460005A686CEB0000C3E90410C4E90032146050
:101470005C60FFF76DFF84420ED1114B1B685BB9B6
:10148000B9F1000F02D1FFF76BFF0646304608F0B6
:1014900085FF0021FDF754FD88F31188BFF36F8F9E
:1014A00028463946BDE8F88F521A60EB0C009A4581
:1014B000C4E90420ADD01B68AAE700252F46EFE75A
:1014C000481E002090160020080300202DE9F04758
:1014D000EFF31185102383F31288BFF36F8F254F2D
:1014E0004FF0000838604FF00009FFF731FF224E3F
:1014F0003B68D6E9001E4FEAE37C50B1D0E90442D4
:10150000A3427CEB020A19DAE41A62EB0C02C0E98E
:10151000044200245B184EEB0C022046C6E9003260
:101520003C6008F03BFF2146FDF70AFD85F311887A
:10153000BFF36F8FBDE8F047FFF782BE61184EEB37
:10154000E473C0E90489C6E90013FFF713FF85F3CC
:101550001188BFF36F8F83689847EFF311851023CD
:1015600083F31288BFF36F8F3B681B1B3B60FFF751
:10157000EFFEBDE7481E00209016002010B5EFF3E7
:101580001184102383F31288BFF36F8FFFF7E8FEF7
:101590000346054AD2E90001181841EBE37184F3D0
:1015A0001188BFF36F8F10BD90160020F8B5054667
:1015B000EFF31187102383F31288BFF36F8F036853
:1015C00023B187F31188BFF36F8FF8BDD0E90A46C6
:1015D000611C46F10002022972F1000236D3012C8F
:1015E00076F10002BCBF01241E46013C46F1FF36E5
:1015F00008F017FF013041F10001001946EB01012D
:10160000012871F1000130DB08F00BFF6FF00203DD
:10161000013041F10001001946EB010183426FF0F6
:1016200000438B4126DB08F0FCFE013041F1000154
:101630006FF00102001946EB01034FF0FF31121A5F
:1016400061EB030328461C49FFF7B0FE2B6B013307
:101650002B632B6A93B93C462B4653F8185F9D4287
:1016600000D0D5B984F31188ADE76FF001024FF0D7
:10167000FF33E7E700224FF00043E3E787F31188E9
:10168000BFF36F8F28462B6A9847EFF3118410231E
:1016900083F31288BFF36F8FDEE7284608F040FC23
:1016A0000023C5F8C03084F31188BFF36F8F28463C
:1016B000BDE8F84008F025BCAD1501082DE9F04162
:1016C00005461C4690461F46EFF31186102383F310
:1016D0001288BFF36F8FB4F1FF3F08BFB2F1FF3F35
:1016E00005D186F31188BFF36F8FBDE8F081002C20
:1016F00009DB012A74F10003BCBF0122002412F1AE
:10170000FF3844F1FF37284608F05FFEDDE9062385
:10171000C5E90A23002342462B6328463B4602497B
:10172000FFF744FEDDE700BFAD15010837B50446FD
:10173000EFF31181102585F31288BFF36F8F006BD3
:1017400098B923688BB14FF0FF334FF0FF320B484D
:10175000CDE9002304F11802FFF7ACF9EFF3118192
:1017600085F31288BFF36F8F206B0023236381F30F
:101770001188BFF36F8F03B030BD00BFE71F00209B
:101780001423F0B50024102703FB0100134E01B908
:10179000F0BD10F8073CA0F1140C03F03F03102B30
:1017A00040F80C4C0CD826FA03F3DB0708D550F8A8
:1017B000143C2BB150F8105C2B605D6040E905448F
:1017C00082F31188BFF36F8FEFF3118287F31288D2
:1017D000BFF36F8F60460139D9E700BF16010100E2
:1017E0002DE9F74F1D46274B16469F68012387F8C2
:1017F000603087F8613052EA05030CBF01230023F3
:1018000007F16002804608F0B6FE8146EFF3118BC7
:101810004FF0100A8AF31288BFF36F8F97F8604079
:101820004CB901465A464046FFF7AAFF8BF3118890
:10183000BFF36F8F0BE0002387F8603056EA050393
:1018400009D18BF31188BFF36F8F6FF00A04204624
:1018500003B0BDE8F08F5946CDE900650A4A0B4850
:10186000FFF728F90446EFF311858AF31288BFF3D6
:101870006F8F2A4649464046FFF782FF85F311885D
:10188000D6E700BF101E002010030020E81F002034
:1018900038B50346EFF31185102282F31288BFF3A7
:1018A0006F8FC160012181600068834206D185F39A
:1018B0001188BFF36F8F0024204638BDD0E9003275
:1018C00013605A600023C0E9003308F0DBFE2946AC
:1018D00004460248FFF782F9EEE700BFE81F002048
:1018E0002DE9F743002600F10C080096EFF311896B
:1018F000102484F31288BFF36F8F8568694005EA6E
:1019000002070A4055400C496A468560019508F077
:10191000CCFB009C44B12046C4F8C060A566002101
:10192000646E08F00EFBF5E740464946FFF756F9AE
:10193000384603B0BDE8F083E5A701082DE9F04182
:1019400005460E46174608F084FA30B9074B9B68E7
:10195000D3F8B44014B9BDE8F081054C3B4632469B
:1019600029462046BDE8F04108F070BF101E002057
:101970004011002002460021014B024808F066BFDA
:101980002D62010840110020014BC0F8B4307047AF
:1019900040110020014AFFF7D1BF00BF33620108A8
:1019A0000146024A0020FFF7C9BF00BF2D620108AF
:1019B000B0F5806F37B504460D4603D96B070ED5D9
:1019C00000200AE001210A4801AA04F096FE00283E
:1019D000F4DB019B074800EB832003B030BD0820F7
:1019E000E11D21F0070103B0BDE83040FFF7D2BF91
:1019F0001803002068300320002330B587B0CDE9FC
:101A00000430044604A91E48FFF76CFC049A8AB10E
:101A1000537B13F009030DD103921A4A1846CDE9FE
:101A2000013219490122009308F036FF6FF00F00D0
:101A300007B030BDF4B1154A94421BD302F50063E0
:101A40009C4217D2A21AC2F309059DB90121104880
:101A5000921204F0A4FE80B10E4B2846CDE901534A
:101A600001222B4608490394009508F015FF6FF0FA
:101A70001500DDE7204608F001FF0020D8E700BF91
:101A80008BA801084A5D0308DCBB0108683003200D
:101A9000180300205C5D030870B50A4C09F054FC83
:101AA000094A2358051909496E685A4301FB062261
:101AB000A3FB0131013342EB010223506A6022F0A3
:101AC000004070BD080000002DF451582D7F954C4A
:101AD000054B014600B509F037FCC2181950002328
:101AE00053605DF804FB00BF0800000008B5054B1B
:101AF000044613B1002100F02BF803F0C1FB20468F
:101B0000F5F71EFF511B01082DE9F0410E4C06466A
:101B10000E4890460F4605F012FA00232246A568AB
:101B20005DB90C214B43D118D750C1E90186074854
:101B300005F00BFA2846BDE8F08101330C34202B68
:101B4000EDD14FF0FF35F2E7501E0020701100205C
:101B50002DE9F8430646DFF864800027404605F08B
:101B6000EEF9154A1F231146D2F87C418CB10C22A4
:101B70005343CA18CD58D2F80490CF50C2E9017728
:101B8000404605F0E2F9032CE8D8DFE804F012093A
:101B90000D0F013B0C3A581CE6D12546A146EFE754
:101BA00049463046A847D9E7A847D7E74846A84757
:101BB000D4E7BDE8F88300BF501E0020701100205C
:101BC00010B5054A0446012309F0BEFB0244204635
:101BD000BDE8104008F0B2BF18000000F7B501687A
:101BE00004463B2911D93C22684609F07DFA019A46
:101BF00063680099002A0B44B4BF3C3222606360E2
:101C0000BEBF03F1FF332260636061683B2911D9D5
:101C10003C22684609F068FA019AA3680099002AF4
:101C20000B44B4BF3C326260A360BEBF03F1FF331C
:101C30006260A360A168172911D91822684609F0CB
:101C400053FA019AE3680099002A0B44B4BF183292
:101C5000A260E360BEBF03F1FF33A260E3602169CD
:101C60000B2911D90C22684609F03EFA019A6369E2
:101C70000099002A0B44B4BF0C3222616361BEBFDD
:101C800003F1FF3322616361606900F26C7008F058
:101C90007DFFE368002814BF1D211C21002B06DCFA
:101CA0000B26214FE568002D0DDD03B0F0BD1E4D64
:101CB0000226D4E90332012A1ED19942F5DA5B1AD1
:101CC000C4E90336F5E72369013B236101330BD1F6
:101CD0006069431E00F26B70C4E9046308F056FFAC
:101CE00000280CBF1C211D212369012B14BFFB5CA4
:101CF0000B462B44E360D5E7A85C8342D5DD013277
:101D00001B1A0C2AE3602261D3D16069431C00F2E4
:101D10006D7063610023236108F038FF00280CBF59
:101D20001C211D21C5E700BF775D03082DE9F041A7
:101D300006468846FFF752FF3C227769D6E90053F2
:101D400002FB0355B3684FF4616202FB0355284A56
:101D5000D6E90343013C32F91320012B144405DD7D
:101D600007F26C7008F012FF00B1013407F51C5344
:101D700044F62062F4611033934235D8462F18DDC3
:101D8000462140F26D1601F26C70013108F0FEFE42
:101D900000280CBF33464FF4B7738F421C44F2D176
:101DA000E917144B2846C8F80040C4FB0301BDE8FE
:101DB000F081F5D0452140F26D1607E0002801F1D1
:101DC000FF310CBF33464FF4B773E41A01F26C7065
:101DD00008F0DCFE8F42F1DB002840F26D1318BFE3
:101DE0004FF4B773E41ADBE74FF0FF300146DEE74C
:101DF000F4DF0108805101002DE9F04F85B0054660
:101E000003A9FFF793FFB1F1FF3F08BFB0F1FF3F18
:101E100004460E4667D0D5F8149003F085FA804644
:101E2000554805F08CF800F067F9544B1B68002BFF
:101E300000F09B806869D8F8043000F26C702F6A5B
:101E4000834232D1D8F850C0D8E908124FEAEC7377
:101E5000B1EB0C010193D8F8283062EBEC72D8E9B1
:101E6000120EB0EB030B6EEBE37A5C4576EB0A0ADD
:101E70003EDAD8F8000018B18C4276EB020244DB5F
:101E8000E7B9A3EB0C0A01272B682846D5F80CB05C
:101E900053442B60FFF7A2FEEA68B2EB0B023AD183
:101EA0001AEB040446EBEA7606E000F069F8002835
:101EB000C8D1012FA8BF0127012F57D1D8F8503022
:101EC00001271C1946EBE3762B4805F03EF8039BEF
:101ED00007222F62043393FBF2F2C2EBC2029B1A79
:101EE00048BF0733AB612046314605B0BDE8F08FEF
:101EF000B0EB0C0A01986EEB000E544576EB0E0E1B
:101F0000D7DBD8F800000028B6D0002F2DDDACEBD1
:101F1000030A0027B8E7012A14DC931CD8BF01226A
:101F2000039B13440393EB69D1180ED509F26B7030
:101F300008F02CFE002840F26D1308BF4FF4B67372
:101F4000EB61ADE74FF0FF32EAE709F26C7008F0A1
:101F50001DFE002840F26D1318BF4FF4B77399426D
:101F600001DAE9619CE7CB1AEAE70027D8F82830C4
:101F70001C1946EBE376A7E770110020D41F002060
:101F80002DE9F047044603F0CFF940F2B1739C42CB
:101F900040F3AC806FF4F662A4F2B2736FF4C865DC
:101FA00000F15007A11840F26D12514E89104460A3
:101FB00002FB03116FF06302A4F26D7393FBF2F363
:101FC0004FF4C87219446319B3FBF2F30246194483
:101FD000137A55694A2B3CD114F0030F01EB05032A
:101FE00034D14FF0640E94FBFEFC0EFB1C4CBCF194
:101FF000000F08D14FF4C87894FBF8FE08FB1E4E82
:10200000BEF1000F05D13B2DD4BF4FF0000C4FF0B7
:10201000010C6344013B95694FEAE57CC3FB065C18
:10202000936AED184CEBE373C2E9085328329742E8
:10203000CED1D0E90843D0E912128C429341B4BF0B
:102040000123002303600120BDE8F0874FF0000C5E
:10205000DFE7442B01D14B19DDE7A3073DD14FF05A
:10206000640C94FBFCF30CFB1343C3BB4FF4C87C20
:1020700094FBFCF30CFB1343B3FA83F35B094FF0BF
:102080000C0CDFF87080D2F80C900CFB03880B4628
:1020900008F1FF3C9CF801E00CF1010A0CF1020C84
:1020A000ACEB080CE1451CDC03F104084FF0070C15
:1020B00098FBFCFCCCEBCC0CA8EB0C0CB5EB0C0CA3
:1020C000156905F1FF3548BF0CF1070CC5EBC505D7
:1020D0006544754508DA2B449DE70023CFE70123CB
:1020E000CDE77344D446D5E7073DF2E70020ABE7E0
:1020F00080510100775D03082DE9F04F8DB0DFF8C6
:1021000008A303F011F90446B34808F0F5FFB34FF4
:102110000546D8B9B24BCAF800001860B14BC7E900
:1021200000334A2100220023A562217284F8301076
:102130002565C4E90355C4E90555C4E90823C4E984
:102140000D55C4E90F55C4E912238AE00023A44ABF
:10215000002000211360A44ACAF80030A36223655E
:10216000C7E900224A22C4E90333227284F83020EE
:10217000C4E90533C4E90801C4E90D33C4E90F33E8
:10218000C4E912012B783A2B08BF01352B783C2B80
:102190005BD16E1C0AAB954A9549304600F01EFA99
:1021A00000285EDD0A9BDA1E072A5AD8F35C3E2B14
:1021B00057D102350A9B05EB0308EB5C2D2B53D15D
:1021C00008F101084FF0FF39002308AD07AA89493B
:1021D000ADF81E304046ADF820300AAB0393CDE990
:1021E00001350DF11E0300930AAB00F0F7F900284A
:1021F00037DDBDF81E303C22BDF8206002FB0366CF
:10220000BDF81C304FF4616202FB03660A9B09FBB8
:1022100006F608EB030918F803303C2B40F0F68073
:1022200009F101080AAB744A7149404600F0D6F939
:10223000002820DC99F801303E2B1CD16B4BA662A4
:10224000CAF80060C7E900330BE00AAB674A6B4984
:10225000284600F0C3F9002803DD0A9B033B072B47
:10226000A8D90DB0BDE8F08F2B2B4FF0010908BFA6
:1022700008F10108A8E70A9BDA1E072AF1D818F826
:1022800003303E2BEDD109F102090A9B09EB03084B
:1022900019F803302D2B40F0C88008F101084FF0E9
:1022A000FF39002307AA53494046ADF81C30ADF86A
:1022B0001E30ADF820300A930AABCDE902530193EA
:1022C0000DF11E0300930AAB00F088F9002800F31B
:1022D000B380A6F5616304934FF0000B0A9B08EBF3
:1022E0000305A0462B782C2B08BF013595F80090EC
:1022F000B9F14D0F40F0B3800AAB0DF12602404911
:1023000028460393CDE9013209AA00920DF1220279
:1023100000F064F90328A4D1BDF822104B1E0B2B4A
:102320009FD8BDF82420531E042B9AD8BDF8263020
:10233000062B96D888F80890C8F81430C8E903121C
:102340000A9B05EB030900254FF00203ADF81E5070
:10235000ADF81C30ADF820500A9599F800302F2BBD
:102360000FD10AAB08AA274948460393CDE90132A9
:102370000DF11E02009207AA00F030F9A8427FF783
:10238000D0AEBDF81E203C21BDF8203008F1280851
:1023900001FB0233BDF81C204FF4616101FB0233E5
:1023A00048F8103C0A9D4D44BBF1000F54D0049BEB
:1023B000606823650D4BA6623B600F4B7B60FFF7A7
:1023C000DFFDA26A236DCAF800209B1A044A18BFD9
:1023D0000123136045E700BF8F5D03082803002039
:1023E000D41F0020925D0308AB1E0308F51F0020D8
:1023F000965D0308CB5D0308E91F0020A95D030873
:10240000B75D0308CA5D0308D01F00200AAB2B4A42
:102410002B49484600F0E2F800287FF70FAF0A9BEF
:10242000033B072B7FF631AF1BE72B2B4FF0010946
:1024300008BF08F1010834E7BDF81E203C21BDF8B3
:10244000203001FB0233BDF81C204FF4616101FB19
:10245000023309FB03F33EE74FF0010B42E7B9F10A
:102460004A0F4FF00A020BA906BF01354B46442321
:102470002846059300F048F9DDF82C90059BA94506
:10248000ADF8260014D14D23BBF1000F07D1032175
:1024900023720223C4F814B0C4E9031353E70B22D8
:1024A00084F830300123C4E90D230023E3634AE7B5
:1024B00080B288F80830C8F8140044E7E91F00200B
:1024C000A95D03080FB407B504AA064B52F8041B14
:1024D0001868019200F018FA03B05DF804EB04B03C
:1024E000704700BF44D00108014B196808F0FEBED8
:1024F00044D00108F8B50E4B06461D68AB789B0723
:1025000012D56F6816F8014B29462CB90A20B84736
:10251000002805DB204609E02046B8470028F1DA0C
:10252000AB7843F00403AB704FF0FF30F8BD00BF51
:1025300044D001080CB430B589B005460C461C22C5
:10254000002101A808F0C8FD022305958DF806308A
:102550000D4B029323462CB1B4F1004F28BF4FF02E
:102560000043013B1D440DAA0C9901A80695009259
:1025700000F0CAF914B1059B00221A7009B0BDE839
:10258000304002B0704700BFDDB201080EB470B534
:1025900089B004461C2200210DAD01A855F8046B3A
:1025A00008F09AFD022301A82A4631468DF806302C
:1025B000094B0594029304F100430095013B0693F7
:1025C00000F0A2F90028A4BF0023235409B0BDE8FD
:1025D000704003B0704700BFDDB201080EB470B5A3
:1025E00089B005461C2200210DAC01A854F8046BEB
:1025F00008F072FD012301A8224631468DF806300D
:10260000054B05950393009400F068FE09B0BDE802
:10261000704003B0704700BFC9B20108242A2DE9F9
:10262000F041044601D8012A4CD1364B162208F05D
:102630008BFE1A5001B10C6000273846BDE8F081CE
:1026400035462E4616F8010B2028F9D0A0F10907CF
:102650000346042FF4D92B2836D02D2837D14FF03C
:10266000010CAE1C6B78302B38D1307840F0200054
:1026700078282FD132F010002CD1737834461022F4
:1026800002360CF1004000270138B0FBF2FE02FBDD
:102690001E08392B82BF03F1FF3343F02003263B92
:1026A000303B9A421ED9774502DC03D1984501D2CE
:1026B0004CF0020C354607FB0237344615F8013B57
:1026C0002E46E6E70546BCE74FF0000CC9E74FF0A1
:1026D000000CC8E7002A08BF0822D2E7002A08BF7A
:1026E0000A22CEE701B10C601CF0010F18BF7F4237
:1026F0001CF0020FA1D0034B2222074608F024FE53
:102700001A509AE714000000242AF0B5044601D8B4
:10271000012A40D12E4B162208F016FE1A5001B1A4
:102720000C600020F0BD2F463D4615F8010B202817
:10273000F9D0A0F109060346042EF4D92B282CD099
:102740002D282CD10126BD1C7B78302B2DD128784B
:1027500040F02000782824D132F0100021D16B788D
:102760002C46102202350020392B82BF03F1FF33A3
:1027700043F02003263B303B9A421AD9A0FB0204C7
:102780000CB9C01801D346F002062F462C4617F8A4
:10279000013B3D46E8E70746C6E70026D3E70026AB
:1027A000D3E7002A08BF0822DDE7002A08BF0A2273
:1027B000D9E701B10C60F20748BF4042B307B1D579
:1027C000034B222208F0C0FD1A504FF0FF30A9E75A
:1027D000140000002DE9F04101260746B24201DC59
:1027E000BDE8F0813B461F4613F8014B002CF7D0A3
:1027F000252CF8D11C780237252CF3D00023DFF8E4
:1028000004819C461D461F2D18D8A4F1200EBEF150
:10281000100F09D9A4F1300EBEF1090F1ED80A24F9
:10282000202504FB03E304E028FA0EFE1EF0010F4E
:1028300006D017F8014B002CE5D128E07F2D1CD8DD
:10284000A4F1300EBEF1090FE9D9242C10D1BCF14E
:10285000000F46D0B34246D00023EAE724F0040E2E
:10286000BEF12A0FF8D06C2C09D145F08005E0E7C5
:1028700024F0040EBEF12A0FEED06C2C22D06C2C6A
:102880001BD8682C23D06A2C28D04C2C26D0BCF125
:10289000000FA5D0B445A1D144F020070B68A7F1E3
:1028A000650CBCF1020F01D9612F1ED1073323F053
:1028B0000703083301360B608FE7742CB9D07A2CEC
:1028C000B7D0E4E72C0648BF45F40075CDE7EC052A
:1028D00048BF45F4007545F48075AAE745F42075B6
:1028E000A7E79C46B8E76324D6E7692C02D007D84F
:1028F000632C03D02F0601D5AC05D7D40433D9E718
:10290000732CF6E7892801002DE9F04F436893B056
:102910008046019383789807CDE9061216D50B46B9
:1029200000250B921F789FB1252F15D001330593F9
:1029300041463846019B01359847002880F245847E
:1029400098F8023043F0040388F802304FF0FF3566
:10295000284613B0BDE8F08F5F789A1C252F0592AA
:10296000E6D000242646A246A346BBF11F0F32D86C
:10297000A7F12003102B0AD8DFE803F02409092A65
:102980000909091B09090922092709091900A7F1E1
:102990003003092B2DD92A2F39D154B90B9B1BF0A9
:1029A000400F53F8042B0B9329D0164601E04BF04F
:1029B000010B059B13F8017B0593002FD5D15BE03C
:1029C0004BF0020B4BF0040BF3E74BF0080BF0E776
:1029D0004BF0100BEDE7BBF17F0F3FD8A7F13003B1
:1029E000092BD8D81BF0400F03D00A2202FB063671
:1029F000DFE70A2202FB0A3A4BF0200BD9E7B2F1DB
:102A0000000AF9DACAF1000A4BF0280BD1E72E2FA1
:102A100005D11BF0400F9BD14BF0400BC9E7242F91
:102A20001CD1002C00F03F81079B1BF0400F0B9343
:102A30000AD152460BA90698FFF7CCFE0B9B1A1D34
:102A4000D3F800A00B92B4E732460BA90698FFF723
:102A5000C1FE0B9B1A1D1E680B92AAE76C2F00F09B
:102A60000F8100F20681682F00F012816A2F00F0BA
:102A700017814C2F00F0148134B1079B22460BA91B
:102A800006980B93FFF7A6FE002E47F02003B8BF71
:102A90002BF0400B0293A3F16503BCBF00261FFA85
:102AA0008BFB022B40F20481029B612B40F072826F
:102AB000FF431BF0400F0CA84BF4C05407F0200359
:102AC00014BF31464FF0FF31A346049301270B9BFF
:102AD000073323F0070303F1080293ED000B0B9279
:102AE000049A08F010FB431C0646DDF83090DBB278
:102AF00003937023029309F10903122B0CD909F1F6
:102B00006303C62B40F20D8109F2E73340F2CE7227
:102B1000934294BF032704279DF8342002F00C034E
:102B200012F0010240F018811BF0020F40F01181F9
:102B30001BF0040400F0F780002B40F010812023EC
:102B40001BF4405F22D1039A002E02F1480208BF15
:102B500001266A44133A039921B112F8011D302964
:102B600000F032811BF0100F039A18BF324619F1A2
:102B7000040FC0F22E81B14580F22B814A454BF4FF
:102B8000005B40F3288109F10106961B1BF40052FB
:102B9000089200F0228129EAE974013403B101347A
:102BA000002E00F02181721C1444A245CCBFAAEB78
:102BB000040400241BF0090F04D12C44A54240F06A
:102BC000188100243BB118464146019B01359847C6
:102BD0000028FFF6B5AE1BF4006F12D0414630203E
:102BE000019B98470028FFF6ABAE049B4146023597
:102BF000C3F17800019B00F0F80098470028FFF629
:102C00009FAE1BF0080F05D12C44AC4240F0FD8074
:102C100025460024089B002B00F0268129EAE97A4A
:102C20007642A9EB0A02039B0AF1FF3A6F1C02925B
:102C3000934289BF0CAB3020D3185879564500F326
:102C4000ED804146019B9847029A002802F101025B
:102C5000FFF676AEBAF1FF3F09D141462E20019B27
:102C6000029298470028FFF66BAEAF1C029A3D46D1
:102C7000D9E7742F3FF49DAE7A2F3FF49AAEFBE66E
:102C80001BF0800F18BF4BF4007B4BF0800B90E6DD
:102C90001BF4807F18BF4BF4007B4BF4807B88E6ED
:102CA0004BF4207B85E626465446B346B24680E682
:102CB000FF431BF0400F07F0200308BF06260493D4
:102CC0000B9B073323F0070303F1080293ED000B7E
:102CD000029B0B92652B12D1711C00224BF4805B7E
:102CE000C9B2134611290CA84FF0020728BF1121C1
:102CF00000F04CFFDDF83090C3B20393FBE6029B7B
:102D0000662B05D14BF4005B334601221121E9E724
:102D1000F1B20022652001291346029038BF01213B
:102D2000E0E70227F8E6002B3FF40AAFBAF1030F01
:102D300039DC9DF83430A44E13F0080FA34B08BFC4
:102D40001E46B1464F4619F8010BA0BBAE1B3744D7
:102D500085E023BB2B23F3E61BBB2D23F0E62022CB
:102D6000BAF1040F12DD1BF0080FAAF104040ED112
:102D70002C4441462020019B0135029298470028AF
:102D8000FFF6DEADA542029AF3D192B1002441468E
:102D90001046019B013598470028CADAD0E52B225E
:102DA000DEE72D22DCE71BF0080FAAF10304C0D1F7
:102DB000DEE71446BDE7049B4146C01A019BC0B242
:102DC00098470028BEDABBE503990139C9B20391DF
:102DD000C1E6561EDAE60026D8E61BF4006F0CBFEB
:102DE000032405243C44D9E61BF0100F18BF01341E
:102DF000DBE609934146019B20209847002805F116
:102E00000105099BBFF6DAAE9AE541463020019BE9
:102E1000013598470028BFF6F8AE91E5D1450AD1B3
:102E20009DF83530352B1DD805D19DF8343013F081
:102E3000100F08BF31204146019B98470028FFF63C
:102E40007FAD1BF0100F0AD0BAF1FF3F07D1AF1CC6
:102E500041462E20019B98470028FFF671AD3D4664
:102E60003C4436E23120E6E79DF835004146312802
:102E70001EBF9DF8343023F010038DF83430019BD1
:102E800098470028FFF65CAD002E68DD41462E20F5
:102E9000019B98470028FFF653AD4FF0010A039BB2
:102EA0004146D3469A45B7BF0CAB302053445879BE
:102EB000019B98470028FFF643AD0AF1010A5645E9
:102EC000EDDA02355D44029B4146049A981A019B53
:102ED000C0B298470028FFF633ADB9F1000F04DB0C
:102EE0004AD19DF83430DB0646D5C9F100092D20C2
:102EF0004146019B98470028FFF622AD042F3DD1A3
:102F00004FF47A774146019B033599FBF7F606F1BA
:102F10003000C0B298470028FFF612AD07FB1699A3
:102F200064274146019B013599FBF7F606F1300015
:102F3000C0B298470028FFF603AD07FB16990A2791
:102F40004146019B013599FBF7F606F13000C0B20E
:102F500098470028FFF6F4AC07FB169914E01BF025
:102F6000100F01D10135AEE741462E20019B0235FD
:102F700098470028A7DAE3E42B20B9E7032F05F1EF
:102F80000205CDD0012FDAD109F130006F1C414686
:102F9000C0B25FE7A7F16303122B00F2FF80DFE806
:102FA00013F017005700FD00FD00FD00FD00570065
:102FB000FD00FD00FD00FD00FD001701F800FD0013
:102FC000FD002C00FD00B900E85D03088AE6010859
:102FD0000B9B01240CAF1A1D1B680B928DF830302F
:102FE0001BF0080F2AD007EB04093E464E4527D1B7
:102FF000EF1B3744AAEB040431E70B9B1A1D0B921D
:103000001F68AA4B002F08BF1F461BF0400F384611
:1030100014BF31464FF0FF3107F058FD0446DFE79B
:1030200041462020019B98470028FFF689AC013ECD
:10303000B442F5D35544B246AD1BD4E75646F7E744
:10304000414616F8010B019B98470028CEDA77E439
:103050001BF0800F0B9B35D01BF4007F2DD0073366
:1030600023F0070303F10802D3E900010B922BF0D0
:10307000100900291FFA89F936DA404249F48069BB
:1030800061EB41010DF1300B0A235A4607F094FD24
:1030900019F0400FA0EB0B0B65D029F001025E4543
:1030A00092B240F3B280002F00F0A98019F0100313
:1030B0003446914626D002345CE01A1D18680B9203
:1030C000C117D4E71A1D1BF4807F19680B9201D138
:1030D0000846F5E71BF4007F19BF48B241F3C01161
:1030E00008B241F3C031C2E750EA0103CAD11BF074
:1030F000400FC7D0002EC5D12BF0110B34461FFA5C
:103100008BF9B34640F2064319EA03031CBF0134AE
:1031100000232FE02BF0100B0A231FFA8BFB1BF070
:1031200080040B9A57D01BF4007115BF0732101D95
:1031300022F007020B900FBF106802F108010B91FB
:10314000D2E9000150EA010252D12BF016091BF01E
:10315000400F1FFA89F94FD0002E4DD12BF0170BDD
:103160001FFA8BF9B34619F0100352D0002F4ED13D
:103170000BF1010419F0080F5ED119F0010F06D010
:10318000A2456DDDAAEB040404EB0B06544622466F
:103190004DE04BF0100B10237827C0E7029B782BF3
:1031A00004D1C7F1780343F01003B8E74146252066
:1031B000019B98470028FFF6C3AB41463846019B68
:1031C00098470028FFF6BCAB0235059BFFF7AABB6A
:1031D00008230027A3E7111D10680B911BF48071D1
:1031E000B0D01BF400711ABFC0B2214680B2A9E76B
:1031F0002BF0060B1FFA8BF90DF1300B45E729F088
:10320000110934461FFA89F97CE79146ABE75C4621
:1032100051E75C4676E7CDE9022341462020019B39
:1032200098470028FFF68CAB029A039B0132924527
:10323000F1DC2C1BA5181446EBB141463020019B54
:1032400098470028FFF67CAB67B901352F462E441E
:10325000F31B5B4521DC5D460CAE4DBB5F44C9E60C
:103260005E4694E7023541463846019B9847002860
:10327000ECDAFFF765BB40F2064319EA030FE5D02D
:1032800019F0020F05F10105414614BF2B20202043
:1032900019F4806F18BF2D20E7E741463020019BCD
:1032A000013798470028D3DAFFF74ABBEC5D0308E3
:1032B000013D4146019B705D98470028CDDAFFF73C
:1032C0003FBB41462020019B013598470028FFF66F
:1032D00037AB631B002BF4DC77E700BF2DE9F04F21
:1032E000002399B0824607920E920F9304930D46E5
:1032F00015F8016BAEB1202E17D0A6F10903042BEF
:1033000013D9252E17D00FA9504607F07CFC031EB9
:10331000C0F21181DBB2B3420BD00FAA514607F0C5
:1033200092FC049819B0BDE8F08F0FA9504607F041
:1033300095FC2946DBE74E788D1C252EE3D02A2EFE
:1033400003BFCD1C8E78012400240027A6F1300392
:10335000DBB2092B19D9A30723D5242E23D1079B30
:1033600024F0020400220E93A4B201239F4215DC34
:1033700042B17B1E002F0E9A4FEA8303D8BF002371
:103380001A440E9215F8016BDFE744F002040A229A
:1033900015F8016BA4B202FB0737D7E7013301220E
:1033A000E4E74FF0FF376C2E34D007D8682E23D0D7
:1033B0006A2E3ED04C2E36D026B9B2E7742E35D0C8
:1033C0007A2E33D03146984807F041FB0028A8D028
:1033D00014F001030C9311BF00230E9B1A1D0E92D3
:1033E00008BF1B686E2E029326D10F9A0023029805
:1033F000009407F012FC9CE72E78682E04D044F06D
:103400002004A4B20135D7E744F030046E78A4B2AA
:103410000235D1E72E786C2E02D044F00404F0E798
:1034200044F00C04F2E744F00C04A4B215F8016B6C
:10343000C2E744F00804F8E7632E19D114F0020F34
:1034400008BF01270FA9504607F0DDFB002872DBFB
:10345000029B13B103F8010B0293013FF2D10C9BC5
:10346000002B7FF466AF049B0133DBB2049360E76B
:103470005B2E40F082802022002110A807F02CFE55
:1034800000224FF0010C16461146144615F8013B78
:10349000002B4AD05E2B03D1F2B901240132F5E7AB
:1034A000A24219DD5D2B1FD02D2B15D1C1B118A85B
:1034B00003F00701B34200EBD3000CFA01F110F85E
:1034C00020EC41EA0E0100F8201C0BD034BF013380
:1034D00003F1FF33DBB2EAE7002908BF1E46E6E747
:1034E0000121DBE70021D9E729B19DF8453043F000
:1034F00020038DF845302CBB01240FA9504607F05E
:1035000082FB031E10DBC3F3C401DAB203F007032E
:103510006031694411F8201C41FA03F3DE071BD423
:103520000FAA514607F08FFBFCB19AF8023013F056
:103530000C0F3FF4F6AE049B002B14BF18464FF05F
:10354000FF30EFE6202310AA1178013B6FEA01015A
:1035500002F8011BF8D1CFE7029B13B103F8012B4E
:103560000293013F4FF00004C7D1029B002B3FF4B0
:1035700076AF0023029A137071E70FA9504607F047
:103580006DFB0028D7DB582E6BD0643EF3B2142BB2
:1035900000F2AD80142E00F2AA80DFE806F00BA83E
:1035A000A8A8A841A8A8A8A8A85F62A8A84EA80B88
:1035B000A8A862004FF00A080FA9504607F023FBA5
:1035C0002B2804D02D280AD144F04004A4B2013F96
:1035D000ABD00FA9504607F016FB0028A5DB30281A
:1035E00067D1B7F1010918D00FA9504607F00BFBBE
:1035F000002812DB40F0200344F08004782BA4B2B2
:1036000032D138F0100334D1B7F1020905D00FA937
:10361000504607F0F8FA002852DA002637463CE018
:103620004FF00008C8E700BFF35D0308029B13B129
:1036300003F8010B0293013F97D00FA9504607F002
:10364000E2FA002891DB202803D0A0F10903042B23
:10365000ECD80FAA514607F0F6FA86E74FF00808B3
:10366000AAE74FF01008A7E7B8F1000F08BF4FF026
:103670000808002637463928034682BF00F1FF3389
:1036800043F02003263B303B98451CD80FAA5146F7
:1036900007F0D9FA20067FF548AF610602D57642D9
:1036A00067EB470732463B460298009407F0B5FAAD
:1036B000D5E6B946B8F1000FDBD14FF00A08D8E7DC
:1036C0004FF01008D5E7A8FB066244F080049E196D
:1036D00008FB0722A4B242F10007B9F10109DCD0CE
:1036E0000FA9504607F08FFA0028C4DAD5E70FA9D2
:1036F000504607F088FA03909DF80C302B2B04D02D
:103700002D2B0DD144F04004A4B2013F3FF40DAF86
:103710000FA9504607F077FA031E0393FFF605AF93
:10372000039B43F02003692B28D06E2B58D04FF019
:1037300000080A234646C146CDE90588220555D52D
:10374000039A42F02002D2B2A2F1610105294DD8BC
:10375000573AD2B293424EDC039A04F0800342F00F
:103760002002782A65D1002B63D056EA090360D184
:1037700044F4006B10231FFA8BFB4EE0684E4FF0B1
:103780000008DFF8A89116F801BBBBF1000F13D0B9
:10379000013FF8D00FA9504607F035FA031E07DBAA
:1037A00043F020035B45EED00FAA514607F04BFAD9
:1037B0005C4B9E427FF4B9AE630606D509F1004327
:1037C000CDF828800B93DDE90A89029B002B3FF49A
:1037D00046AE14F00C0F00F08981C3E900893EE683
:1037E000514E4FF00008DFF84891CCE7039A303A89
:1037F000D2B29A426BDA44F0800B14F4807F04F466
:1038000000711FFA8BFB3CD00698002A18BF40F0CD
:103810000100069009B908F10108013F0D935ED03F
:103820000FA9504607F0EFF9031E5C4603930D9B6A
:1038300084DA22067FF579AE14F4006F039A14BF80
:103840007023652342F020029A4240F09480B7F141
:10385000010B00F092800FA9504607F0D4F90346FF
:10386000C2B22B2A04D02D2A57D144F48064A4B2CA
:10387000B7F1020B35D10FAA5146184607F0E3F90C
:103880007BE009B108F1FF38A3FB0661961903FB41
:10389000091141F1000956EA0902BED0059A0A2B26
:1038A00002F10102059204F00C020BD1002A14BFB0
:1038B0001022082205999142AFDD44F4C07B1FFA23
:1038C0008BFBAAE7002A14BF0F220722F2E7FE2A89
:1038D0007FF442AFA105ACD444F4007BEFE75C4633
:1038E000A7E70FA950460D9307F08DF90D9B1F46D2
:1038F0000346A3F13002092A1CD951460FAA1846E3
:1039000007F0A1F9791C04D00FAA5146384607F0F8
:103910009AF90FAA51460398B0E74FF0FF37E8E74E
:10392000085E03080B5E0308055E03080000F07FD5
:103930000000F87F00270A2240F2D3418F42DCBF0B
:10394000A3F1300102FB0717BBF1010B09D00FA94E
:10395000504607F058F9A0F1300103460A22092920
:10396000EAD96205039348BF7F42200548BF4FEA6A
:103970008808B8445F46002FCBD156EA090300F00F
:10398000B080210504F00C0240F18A80002A4FF03B
:1039900001005E4912BF352318236FF07D015F1CC3
:1039A000A3F11F02C7F1200C00FA02F2B84420FA7A
:1039B0000CFCB84042EA0C02864279EB020751D374
:1039C0000127A3F11E02C3F11E0C981C07FA02F294
:1039D00027FA0CFC07FA00F042EA0C02864279EB67
:1039E000020745D2884543DB069A324316464A46CB
:1039F00006F00300032803D006F0060006280BD1CA
:103A0000043649F10002B2F5000F21BF760808F133
:103A1000010846EAC2765208B608C3F13500C3F180
:103A20001507153B46EA8276920806FA07F726FA4A
:103A300003F3824006FA00F03A431A43334B9942AB
:103A400025D1B8F5806F5BDAB2F5801F25D308F277
:103A5000FF3822F4801242EA085308900993DDE906
:103A60000889A9E6B61908F1FF3849EB0909A3E767
:103A7000770806F0010608F1010847EAC9774FEA1E
:103A800059093E43AAE7001808F1FF385241B2F540
:103A9000801F32D218F57F7FF5DA4FF00008DAE7A1
:103AA000059B43446AB113F5A27F1ADDB3F59B7FF2
:103AB00026DA424649463046EDF716FF59EC108BA0
:103AC0007AE613F12D0F0CDB272B19DC414630462B
:103AD00007F009F910EE100AECF73CFD8046894624
:103AE0006AE64FF000084FF0000965E64046494697
:103AF000EDF780F8029B1860B1E4B8F5806FA6DBA3
:103B00004FF00008DFF8089056E600BF02FCFFFF08
:103B10000000F07FF0B589B005460C46164600213E
:103B20001C2201A81F4607F0D7FA0223204605955C
:103B30008DF806300A4B02932CB1B4F1004F28BF28
:103B40004FF00040013805443A46314601A8069539
:103B5000FEF7DAFE14B1059B00221A7009B0F0BD21
:103B6000DDB201081FB502AB074A00934FF0CC331A
:103B700007F040FADDE90201C00840EA4170C908D7
:103B800005B05DF804FB00BFCDCCCCCC2DE9F04FE7
:103B90009DB055EC104BCDE90B122A46290D0D9323
:103BA000C5F31303D20FC5F30A5507908DED050A2F
:103BB0000A9275B922461A431BD1302301260560AB
:103BC00043710A9B43F00203037130461DB0BDE808
:103BD000F08F40F2FF7295424DD1059A00261343B3
:103BE0000A9B079A14BF43F0080343F004031371C0
:103BF000EBE7059A4FEA83089A46B14D02F00102BD
:103C00000992059A48EA9278970001221646C5F172
:103C1000000B0892584600F017FAB5F1FF3FACBF11
:103C20008146A0F10109ABEB090B09EB05035846EE
:103C3000069300F01DFA18A9A0F17D05584600F082
:103C400037FA14AB089AA9EB0505019312AB02925F
:103C50005146009318AA2B46059807F0D4F8B9F1FD
:103C6000010F04460D4600F2D880099B002B40F05E
:103C7000CB8001276FE0059A43F4801AA5F2354501
:103C800002F001024FEA8A080992059A134348EAB2
:103C900092784FEA82074BD140F2FE7319420CBF73
:103CA00001260026002D3246B1DB284600F0C6F979
:103CB0000346032DC8BF013B1846069300F0D8F910
:103CC000069B7C3018A95D1B0544184600F062FA7B
:103CD00014AB18AA0598019312AB514602960093B3
:103CE0002B4607F090F8069B04460D46152B00F274
:103CF000888016AB734A3846414600934FF0CC3368
:103D000007F078F9169B179A9B0843EA827303EB36
:103D10008303BB42DDE9129A0CD13846414600F0DC
:103D2000AFF9069B83428CBF00270127002612E0D3
:103D30000126B7E7099B002B53D1013F48F1FF3122
:103D4000B81B61F1000100F09BF9069B099F8342BB
:103D50008CBF002601260C9B002B40F09280DDF8E2
:103D60002CB04FF000084FF00A0ACDF82080CDF8B3
:103D70001480DDE91201FFF7F5FE149BCDE90E0179
:103D8000184615991093FFF7EDFE0E9B81460F9A8A
:103D900098420B461191934180F08D802046294630
:103DA000FFF7E0FE0AFB09F3109AB8F1000F14BF09
:103DB000002707F001070AFB10480D46934214BF85
:103DC000002606F001060E9B5FFA88F8044612935F
:103DD0000F9BCDE91339119B1593089B0133089371
:103DE000C7E7B81C48F1000100F04AF9069B83427E
:103DF0008CBF00200120B9EB00006AF10002CDE980
:103E0000120200273E46A6E7129B0127139A013BA8
:103E100042F1FF32CDE9123288E7B9F13E0FF0D816
:103E20004FF0FF33A9F12000C9F1200103FA09F294
:103E300003FA00F023FA01F103FA09F3024327EA37
:103E400003070A4328EA020857EA08070CBF0127BC
:103E500000276BE700FB02FC0133A1FB0012624468
:103E60008C4275EB020CF5D2069A13440D9A13445A
:103E70000B9A012BB8BF01239A42A8BF1A4693465A
:103E80006FE70A21002201230846E9E70AFB03F055
:103E90000131A2FB0A230344944275EB0300F5D2DF
:103EA000594511DDBBF1000F02D154EA05030BD0D7
:103EB0000123059372E70A2200230121ECE700BFEA
:103EC000CCFBFFFFCDCCCCCC7EB34FF00A0A149BC9
:103ED000159918460F93FFF745FE0F9B0AFB00F25A
:103EE00081460E919A4220D1B8F1000F14BF0027ED
:103EF00007F00107DDE91201FFF734FE10900F9182
:103F000020462946FFF72EFE0F9B0AFB1048109A09
:103F100004460D465FFA88F81292CDE913390E9BDC
:103F20001593089B01330893D1E7069B089A134425
:103F30009946002F5BD0B8F1050F58D114F001035A
:103F40004BD1059A32B9DDE914239D4208BF944252
:103F500060D0059B18194FF00A044FF000024FF093
:103F6000010645F100012546A04271EB020754D23B
:103F7000EBB1B3451BDA0C9B63B106EB09030D9A59
:103F80001A4422EAE2730B9A9A42A8BF1A46964252
:103F900093460CDD053009F1010906F1FF364FF0BB
:103FA0000A024FF0000341F10001EDF75DF85E45B4
:103FB0000FFA89F9079BA8BF5E4636B2B14406F1F5
:103FC000050809F1FF3798444FF00009B1452BDB94
:103FD000079B0A9A1F601A71F7E5059B2BB9DDE96B
:103FE00014239D4208BF944209D00123B2E7059BE8
:103FF00053B9DDE914239D4208BF944204D1099BC3
:10400000002BF2D1002EF0D0B8F1040F94BF0023A2
:1040100001239FE74FF00408F1E705FB02F70136A3
:10402000A4FB05423A449FE70A220023EDF71CF85F
:10403000303209F1010908F8012DC7E7014B584357
:10404000800C704741340100014B5843000D70470C
:10405000FB2E0B00014B5843C00C70474F931200CE
:10406000024B5843C00C0130704700BF4F93120001
:10407000024B5843C00C0130704700BF4F931200F1
:1040800070B50346094A00204FF0CC364FF0333567
:1040900006FB03F402FB0144A3FB023121449D42D1
:1040A00075EB010401D30130F2E770BDCDCCCCCC6F
:1040B0001A232DE9F04FB0FBF3FA334E03FB1A033A
:1040C00089B004460D4606EB0A1653B9D6E900231B
:1040D000C1E90023D6E90201C5E9020109B0BDE842
:1040E000F08F2A4A02EBC303D3E9008904AB4046B0
:1040F00049460093D6E9022306F07CFF06AB8346CF
:104100000F46404649460093D6E9002306F072FF69
:1041100000238146DDE9066216EB0B0652EB070829
:1041200028BF012333B1049B059A013342F10002F9
:10413000CDE9043220460391FFF79AFF07461A2083
:1041400000FB0AF0FFF794FF3F1A32464346484609
:104150000399009706F069FF0D4A4FEA141C6400AA
:1041600004F01E0352F82C40DC4004F00304241831
:10417000304641F10001DDE90423C5E90041414633
:10418000009706F052FFA7E7C0CC0108F0CB01086A
:10419000ACD901082DE9F04F1A2700F11905DFF815
:1041A000E8A089B004460E46B5FBF7F56F434FEA29
:1041B000051B0AEB05153A1A0AD1D5E90023C1E916
:1041C0000023D5E90201C6E9020109B0BDE8F08F7C
:1041D0002B4B03EBC203D3E9008904AB40464946AD
:1041E0000093D5E9022306F005FF5AF80B206B680F
:1041F000013ACDE9020106A963F1000340460091AE
:10420000494606F0F7FE8A46029900238146DDE919
:1042100006526D18039952EB010828BF012333B1F0
:10422000049B059A013342F10002CDE9043238467D
:10423000FFF71EFF07462046FFF71AFF3F1A2A46E0
:10424000434648465146009706F0EFFE0D4A4FEAB6
:10425000141C640004F01E0352F82C40DC4004F0EF
:10426000030401342418284641F10001DDE9042348
:10427000C6E900414146009706F0D7FEA3E700BF1C
:10428000F0CB010800DA010890CD0108644A2DE95D
:10429000F04157EC106BBA433B4616D1002F08DAB9
:1042A00000F0A6FF28B147EC106BBDE8F041F0F735
:1042B00057B832463B4630463946EBF7EDFF0646E7
:1042C0000F4647EC106BBDE8F081002F304615DC3F
:1042D00027F000423243F4D0002FE6D10022002B19
:1042E00078D00021DF0279D54C1E121B21B1C1F11B
:1042F000200420FA04F42343884001E03A15EDD06D
:10430000C3F31303D607A2F2FF354FF0000243F4C4
:1043100080134FF0160C4FEA6505964658BF5B00B8
:104320004FF400115CBF03EBD07340005B0046000C
:1043300003EBD0730EEB01009842DEBF1B1A01EBBA
:10434000000E5218BCF1010C4FEA43034FEA510131
:1043500003EBD6734FEA4606ECD167464FF02008D0
:104360004FF00040734500EB0C013ADC0BD1B14239
:1043700009D8002901EB000C02DABCF1000F37DA92
:104380000023761A07445B00B8F101084FEA500099
:1043900003EBD6734FEA4606E4D133430BD0F1EE7C
:1043A000101A11F440012ED0B1F5800F03D17C1CFE
:1043B0002FD1013200275110D2074FEA570301F1E4
:1043C0007F5148BF43F0004301F500111E4601EB49
:1043D000055776E7C30A153A400580E75B000131CF
:1043E00080E7002901EB000C0BDABCF1000F08DBC1
:1043F0000EF10104B142A3EB0E0300D9013BA64626
:10440000BFE77446F6E7781CD3D07B1C23F0010786
:10441000D1E7B91C07F1020708BF0132CBE700BFA3
:104420000000F07F2DE9F8432DED028B59EC118B44
:10443000B0EE408AF0EE608A00F0DAFE40B9424603
:104440004B4651EC180BEBF727FF41EC180B34E00F
:1044500049EC108B00F0CCFE0028F0D0B0EE480AFA
:10446000F0EE680A00F0C4FE012809D1B0EE480A57
:10447000F0EE680ABDEC028BBDE8F843EFF770BFC1
:1044800029F000474D46464658EA070302D149EC59
:10449000108BEFE718EE90CA18EE101A2CF00043BC
:1044A0000CF00044BB4210DC07DB414505D315D1BD
:1044B000744B03EB147393ED008BB0EE480AF0EEEF
:1044C000680ABDEC028BBDE8F8836F4A0CEA020271
:1044D000002A4FD01815A0F2FF300AE06A4A0CEA11
:1044E0000202002AF6D1002B44D10A466748002A6E
:1044F0003DDC654A2A40002A51D1002F45D1B646FD
:10450000A2F21342BEF1000F3BDCDFF884E17045FC
:1045100049DBCCF3130343F48013DFF874C1624525
:1045200057DBC5F3130545F48015801A5F1BA1EB1B
:10453000060C002862D1B14238BF07F1FF37002FC7
:10454000A4BF61463B4653EA0100B1D0B3F5801FDA
:104550006BDB4F4882426EDBA3F5801302F2FF3221
:1045600023430C4643EA025545EC184BA5E70138B6
:104570005200BCE7DA024648002ABADD0138520090
:10458000FAE7013A4FEA4E0EBCE74FEAC72E404A1F
:10459000BEF1000FB9DD013A4FEA4E0EF8E73A15C9
:1045A000A2F2FF32B1E7AEEB000EBEF11F0F0ADC44
:1045B00003FA0EFC00F21E4321FA03F301FA0EF196
:1045C00043EA0C03A9E7334B1B1A01FA03F300215A
:1045D000A3E7ACEB020CBCF11F0F09DC02F21E4595
:1045E00007FA0CF726FA05F506FA0CF63D439CE7A8
:1045F000284DAD1A06FA05F5002696E7B14238BFF8
:1046000007F1FF37002F05DACF0F490007EB43030F
:1046100001388BE757EA0C033FF44AAF4FEADC73EB
:104620004FEA4C0103EB4703F2E7C80F013A490098
:1046300000EB43038AE7801A14280EDC02F21E42C4
:10464000C14003FA02F203410A4343EA040110465F
:10465000114B0022EBF7D6FFF7E61F2807DC02F22A
:104660001E42C14003FA02F20A432346EDE7C2F1BB
:104670007F4202F57F0202F57B42E23243FA02F208
:10468000F3E700BFF0CE01080000F07FEDFBFFFF75
:1046900002FCFFFFE2FBFFFF0000F03F10EE103ACC
:1046A000F0EE407A23F00042B2F17E5F09D1002B98
:1046B00000F3C080DFED617A9FED610A30EE270ADA
:1046C000704701D900F0C8BDB2F17C5F3ED2B2F1B3
:1046D0000C5F9FED5C0ADFED5C6A02D830EE260AC3
:1046E000704727EEA77ADFED595A9FED596A9FED83
:1046F000595A07EE256ADFED585A56EE075A9FEDD4
:10470000576A05EE876ADFED565A56EE075A9FED57
:10471000556A05EE876ADFED545A17EE255ADFED2C
:10472000535A26EE076A45EE075A9FED515A15EE89
:10473000875AF7EE005A45EE075A86EE257A47EE7D
:10474000676A77EEE66A30EE660A7047002BF7EE8E
:10475000006AB6EE006A9FED3D1ADFED3D2A9FED3F
:104760003E3ADFED3E3A9FED3E4A9FED3E7ADFED69
:104770003E1ADFED384A9FED3D5ADFED3D5A28DA0B
:1047800030EE260A20EE060AB1EEC06A40EE012A9B
:10479000DFED2D7A50EE214A12EE803A04EE805A77
:1047A00043EE003A55EE005A13EE804A45EE806A19
:1047B00004EE007A27EE007A9FED210AC7EE265A12
:1047C00055EE867A77EE867A77EEA77A30EE670A2C
:1047D000704736EEC00A20EE060AB1EEC02A40EE5F
:1047E000012A12EE103A50EE214A23F47F6323F09F
:1047F0000F0312EE803A06EE103A04EE805A43EEB2
:10480000003A55EE005A13EE804A45EE806A04EEF7
:10481000007A27EE007A06EE460AC7EE265A36EEF2
:10482000027AC0EE077A45EE827A37EE860A30EEDB
:10483000000A70479FED0F0A704700BF68212234BD
:10484000DA0F4940DA0FC93F6821A23308EF113867
:10485000047F4F3A6133303F4611243DA80A4E3E53
:1048600090B0A63EABAA2A3E2EC69D3D2D570140D4
:1048700039D119400000000010EE102AF0EE407A05
:1048800022F00043B3F17E5F0CD19FED5C7ADFED47
:104890005C6A20EE077A00EE267AF0EE477AB0EEF8
:1048A000670A704701D900F0D7BCB3F17C5FF7EE1F
:1048B000006A0BD2B3F1485F50D29FED527A30EECE
:1048C000077AB4EEE67AF1EE10FAE8DCB6EE007A9A
:1048D0009FED4D6AF0EEE77A76EEE77ADFED4B5A20
:1048E00067EE877A9FED4A7A07EE876A9FED497AED
:1048F00016EE277A9FED486A07EE276A9FED477A02
:1049000016EE277A9FED466A07EE276A9FED457AF5
:1049100017EEA57ADFED445A26EE276A47EE275AAE
:104920009FED427A15EEA77A47EE276AB1EEE77A55
:104930003F49C6EE265A8B423FD905EE877ADFED16
:104940003D7A37EE077A37EE277ADFED2D7A77EE6C
:10495000C77A002AD8BFF1EE677AA0E720EE007A86
:10496000DFED2B5A9FED286A9FED285A07EE256A46
:10497000DFED285A56EE075A9FED276A05EE876A43
:10498000DFED265A56EE075A9FED256A05EE876A37
:10499000DFED245A57EE055A9FED235A26EE076A9B
:1049A00005EE875ADFED215A55EE075A45EE876A24
:1049B00086EE267A47EE007A71E717EE103A37EE68
:1049C000075A23F47F6323F00F0306EE903A46EE76
:1049D000E67A37EE267A76EEA66A87EE876A9FED4C
:1049E000077ADFED157A77EEE66A36EE066A37EE7D
:1049F000467A15EE257A37EE667AA8E72EBD3BB3E8
:104A0000DB0FC93FCAF24971047F4F3A2EC69D3D64
:104A100008EF11384611243DA80A4E3E90B0A63E3C
:104A2000ABAA2A3E6133303F2D57014039D119409E
:104A30009999793F2EBD3B33DB0F493F10EE102A89
:104A400022F00043B3F1A14F12D3B3F1FF4F02D9CB
:104A500030EE000A7047002A9FED4F0ACBBFDFED12
:104A60004F7ADFED4F7A37EE800A37EEC00A704793
:104A70004C498B4211D8B3F1445F0BD2DFED4A7A37
:104A8000B7EE007A70EE277AF4EEC77AF1EE10FAFC
:104A900000F381804FF0FF3315E04449F0EEC07A17
:104AA0008B424FD8A1F5D001B7EE007A8B4241D8A6
:104AB00077EEA76A002336EEC77AF0EE006A77EE4B
:104AC000A67A87EE270ADFED3A7A591C9FED396AFC
:104AD000DFED395A60EE006A26EEA67A07EE276A05
:104AE000DFED367A46EE077A9FED356A07EE876A84
:104AF000DFED347A46EE077A9FED336A07EE876A78
:104B0000DFED327A57EE275ADFED317A55EE877AAC
:104B1000DFED305A57EE875ADFED2F7A55EE877A60
:104B200067EE877A46EE267A67EE807A1FD130EEFE
:104B3000670A704777EEC76A012377EE877A86EEB9
:104B4000A70AC0E725498B420BD8F7EE086A022373
:104B5000B7EE007A37EEE66A07EEA67A86EE070A27
:104B6000B1E7BFEE007A032387EE270AABE71C49C3
:104B7000002A1C4801EB830100EB830393ED007ACC
:104B800077EEC77A77EEC07A91ED000A30EE670AC9
:104B9000B8BFB1EE400A70476821A233DA0FC93FAF
:104BA000DA0FC9BFFFFFDF3ECAF24971FFFF973F2F
:104BB000D769853C59DA4B3D6BF16E3D356B883DCD
:104BC0006E2EBA3D2549123EABAAAA3E21A215BDC2
:104BD00095879D3D388EE33DCDCC4C3EFFFF1B407D
:104BE000ECDB0108DCDB010810EE902AF0EE407AE5
:104BF00022F00041B1F1FF4F10B506D810EE100AB7
:104C000020F00043B3F1FF4F04D977EEA07AB0EE65
:104C1000670A10BDB2F17E5F03D1BDE81040FFF717
:104C20000DBF941704F0020444EAD0748BB9022C2F
:104C300008D0032CEBD1DFED407A9FED407A77EE80
:104C4000C77AE4E7DFED3E7A9FED3C7A77EE877A2C
:104C5000DDE739B9002802DADFED3A7AEDE7DFED7A
:104C60003A7AF1E7B1F1FF4F2CD1B3F1FF4F1DD1EB
:104C7000022CDFED327A0BD0032C10D0012C02D0A5
:104C80009FED327AE2E79FED327A77EE677ABEE700
:104C9000B0EE087ADFED2D6A46EE877AB7E7B8EE18
:104CA000087ADFED2A6A56EE877AB0E7022CC9D07F
:104CB000032CC0D0012CDFED277A9FED277A47FE29
:104CC000877AA4E7B3F1FF4FC4D05B1AB3F1F45F66
:104CD0004FEAE35112DBDFED1C7A9FED207A77EE8D
:104CE000C77A012C1AD0022C1FD0002C8FD09FED38
:104CF0001C7A77EE877A9FED127AA0E7002A01DA14
:104D00003C3108DB87EEA00AB0EEC00AFFF796FE42
:104D1000F0EE407AE5E7DFED107AE2E717EE903A41
:104D200003F1004307EE903A71E79FED0D7A77EEBD
:104D3000877A9FED037AA8E7DB0F49C06042A20D96
:104D4000DB0F4940DB0FC9BFDB0FC93FDB0F493F1A
:104D5000DB0F49BF00000080000000002EBD3B3388
:104D60002EBDBB3310EE103A07B523F000431E4AA8
:104D7000934206D8DFED1D0A03B05DF804EB00F0A6
:104D8000D7BAB3F1FF4F04D303B05DF804EB00F0E2
:104D900063BA684600F02CF800F0030001280BD03D
:104DA000022812D0C0B9DDED010A9DED000A00F025
:104DB000BFFA03B05DF804FBDDED010A9DED000ACA
:104DC00000F08EFDB1EE400AF3E7DDED010A9DED46
:104DD000000A00F0ADFAF5E70120DDED010A9DEDD6
:104DE000000A00F07DFDE4E7D80F493F0000000015
:104DF000F0B510EE105A864A87B0044625F00043FD
:104E0000934205D8002380ED000A4360002022E091
:104E1000804A93423AD825F00043002DDFED7E7A98
:104E200023F00F037D4A18DD934230EE670A09BF75
:104E3000DFED7B7A9FED7B7A30EE670A9FED7A7A21
:104E400070EE477A30EE670AC0ED007A30EE470A1E
:104E500080ED010A012007B0F0BD934230EE270A31
:104E600009BFDFED6F7A9FED6F7A30EE270A9FED75
:104E70006E7A70EE077A30EE670AC0ED007A30EE97
:104E8000070A80ED010A4FF0FF30E4E7674A9342DA
:104E900070D8F6EE007A9FED667AB0EEC00A40EE6A
:104EA000077AFDEEE77AF8EEE76A17EE900ADFED93
:104EB0005A7A1F2806EEE70ADFED5A7A66EEA77ADD
:104EC00030EE677A17EE106A09DC25F00042471EC3
:104ED000584922F0FF0251F827108A4206D1C6F342
:104EE000C751DA15C1EBD353082B14DC266094EDBF
:104EF000007A002D30EE470A30EE670A84ED010A91
:104F0000A9DAB1EE477AB1EE400A84ED007A84ED79
:104F1000010A40429FE7DFED427A9FED436A66EE69
:104F2000A77A30EE677A30EE470A70EE677A56EE6F
:104F3000867A37EE676A16EE101AC1F3C753D31A92
:104F4000192B04DCB0EE470A84ED006ACFE7DFEDF1
:104F50003A7A66EEA77A37EE670A37EE407A77EE4E
:104F6000677A9FED367A56EE877A30EE677A84ED6F
:104F7000007ABCE7B3F1FF4F06D330EE400A80ED74
:104F8000010A80ED000A41E7DA15DFED2D6A863A65
:104F9000A3EBC25307EE903ABDEEE77AB8EEC77ABC
:104FA00077EEC77A8DED037A67EEA67ABDEEE77AE3
:104FB000B8EEC77A77EEC77A8DED047A67EEA67AF7
:104FC000F5EE407ACDED057AF1EE10FA1ED1B5EE90
:104FD000407AF1EE10FA0CBF01230223194903A80D
:104FE000019102210091214600F0FAF9002DBFF64F
:104FF00032AFD4ED007AF1EE677AC4ED007AD4EDE9
:10500000017AF1EE677AC4ED017A82E70323E5E7DE
:10501000D80F493FE3CB1640800FC93FD00FC93F9F
:10502000004435374344353708A3852E800F494364
:1050300084F9223FFCDB010800A3852E32318D2448
:10504000000080437CDC010810EE103A07B523F025
:1050500000431F4A934207D80020DFED1E0A03B029
:105060005DF804EB00F03CBCB3F1FF4F04D303B098
:105070005DF804EB00F0F0B86846FFF7B9FE00F009
:10508000030001280CD0022811D0D0B90120DDED99
:10509000010A9DED000A00F023FC03B05DF804FB5B
:1050A000DDED010A9DED000A00F042F9F5E701206F
:1050B000DDED010A9DED000A00F012FCB1EE400AA0
:1050C000EBE7DDED010A9DED000A00F031F9F5E7AF
:1050D000D80F493F0000000010EE103A07B523F04A
:1050E0000043124A934207D80120DFED110A03B0B2
:1050F0005DF804EB00F03CBCB3F1FF4F04D303B008
:105100005DF804EB00F0A8B86846FFF771FEDDED2E
:10511000010A40009DED000A00F00200C0F101000C
:1051200000F026FC03B05DF804FB00BFDA0F493F36
:105130000000000070B555EC104BC5F30A5206464E
:105140002B46BAB925F00041214335D00022254B2A
:1051500020462946EBF756FAC1F30A520D460B4694
:1051600021490446363A8E4210DAE80FBDE8704015
:10517000EFF7C6B840F2FF718A4207D122462046B7
:105180002946EBF789F804460D4615E04CF25031FC
:105190008E4204DDD80FBDE87040EFF7C1B832444D
:1051A00040F2FE718A42F5DC002A08DD23F0FF435D
:1051B00023F4E00343EA025545EC104B70BD12F1B5
:1051C000350F01DAD80FD1E723F0FF4336322046FE
:1051D00023F4E00343EA02550022044B2946EBF78F
:1051E00011FAD0E700005043B03CFFFF0000903CB4
:1051F00051EC100B0B4631F0004107D190B10D4A34
:105200001A40002A14BF042003207047094A1342A1
:105210000AD0094B994209D9914209D1B0FA80F0DC
:1052200040097047022070470320704704207047F0
:10523000002070470000F07FFFFFEF7FBFEE007A95
:105240000028F7EE007A9FED030A47FE877A87EE83
:10525000800A70470000000008B52DED028BB0EE0B
:10526000408A00F0B7FC20B938EE080ABDEC028B8A
:1052700008BDDFED027A87EEA70AF7E7000000001D
:1052800038B5074D074C641BA41024B9064B0BB16D
:10529000AFF3008038BD013C55F824309847F4E75F
:1052A0000000000000000000000000002DE9F84FA1
:1052B00005461B48894601F042FE1A4BD3F800B060
:1052C000BBF1000F06D02B461C4613F8012B3AB158
:1052D0003D2AF9D1124801F038FE0020BDE8F88FD0
:1052E000641BDA4656465AF8048BB8F1000FF1D029
:1052F00022462946404605F0C7FB0028F2D118F89F
:10530000043008EB04073D2BECD1A6EB0B06044858
:10531000B610C9F8006001F018FE781CDEE700BF87
:1053200070110020300300200048704798160020BC
:1053300010EE103AB7EE007A23F00043B3F1485F65
:105340003BD360EE006ADFED1E5A9FED1E6AF6EE5B
:10535000007A1D4A60EE200A06EEA56ADFED1B5AB0
:10536000934266EEA77A56EE265A9FED196A05EE2D
:10537000A66ADFED185A56EE265A9FED176A05EE1B
:10538000A66A26EE266A56EE260A04D877EEE07A5A
:1053900037EE670A7047114A934296BF03F17F4385
:1053A000F5EE026A06EE903A77EEE67A37EE660A96
:1053B00077EEE07A30EE670A7047B0EE470A704742
:1053C0004ED747ADF6740F319999993E7CF29334DC
:1053D000010DD037610BB63AABAA2A3D0000483F19
:1053E0002DE9F04F90469B46C14B0F4618F1040F34
:1053F0002DED048BD9B0669ADDF89CC153F822A03C
:105400000BF1FF33019025DBB8F1030248BF08F12F
:105410000402D210551CD41A0AEB03060DF17009D0
:10542000E9009FEDB77AA8EBC50502910CEB840E5D
:105430000021B14210DD1CA90DF58879002601EB91
:105440008B01564528DCDDF804E00C46DFEDAC7A34
:10545000002018E00022DDE7CC4254BF5EF82100B6
:10546000F0EE477A01F101015CBF07EE900AF8EE19
:10547000E77AE9EC017ADCE7FEEC016A013094EDB1
:10548000007A46EE877A9842A4F10404F4DD0136EE
:105490000431E9EC017AD4E708A90CEB8202544606
:1054A000DFED968A01EB8A019FED939A03920491B6
:1054B000A20044A92046059258AA01EB840102EB00
:1054C000840212ED140A08AA16460028A1F104016C
:1054D0004EDC2846CDE9063200F036FBF4EE007AC9
:1054E000B0EE408A60EE277AFBFE677AB2EE007A71
:1054F000002DDDE9063207EEC78AFDEEC87A17EE09
:10550000909AF8EEE77A38EE678A43DD601E08A9C4
:10551000C5F1080C51F8206046FA0CF1894401FAF3
:105520000CF1761A08A941F82060C5F107010E4177
:10553000002E3EDD4FF0000C09F101096046644584
:105540006ADC002D05DD012D00F08380022D00F0C6
:105550008B80022E2DD1B7EE000A30EE488A40B380
:105560002846069300F0F0FA069B38EE408A20E0C9
:1055700060EE287A0138FDEEE77AF8EEE77A07EE7A
:10558000C90ABDEEC00AA6EC010A91ED000A37EE89
:10559000800A9AE705D1611E08A850F82160F6112B
:1055A000C6E7F6EE007AB4EEE78AF1EE10FA31DAE9
:1055B0000026B5EE408AF1EE10FA40F0A380611E9D
:1055C0000020514557DA002871D0013C08AB083D56
:1055D00053F82430002BF8D0B7EE000A284600F02C
:1055E000B3FA631C44AA9FED457A990002EB83024B
:1055F0002346002B80F2B4802346002BC0F2D280D9
:1056000044AADFF8F0C0DFED3E7A002002EB83050C
:10561000E21ABCE002268DE796465EF8041B60B9EC
:1056200081B10CF1010CC1F5807164454EF8041C88
:105630000DDDDEF8001002F1080EC1F1FF014EF899
:10564000041C01210CF1010C7246084677E7012089
:1056500077E7611E08AA52F8212002F07F020DF1BF
:10566000200C4CF8212074E7611E08AA52F8212072
:1056700002F03F02F3E708AA52F821200139104353
:105680009FE7013251F8040D0028FAD0059904EB88
:105690000B000DF1700C661C01F5B07122440CEB8F
:1056A000800069444C39B24204DA144600E7049998
:1056B0000122E7E7039CDDF804C054F8264007EE1A
:1056C000904A05940024F8EEE77AE0EC017A8646E9
:1056D000DFED0B7A9C4203DD0136E1EC017AE2E773
:1056E000FCEC016A01343EED017A46EE877AF1E77F
:1056F000D0DF0108A4DF0108000080430000803BE8
:1057000000000000029BB0EE480AA3EB080000F086
:105710001BFA1FED077AB4EEC70AF1EE10FA19DB97
:105720005FED0A7A08AA083560EE277AFDEEE77A7F
:10573000F8EEE77A07EEC70AFDEEE77ABDEEC00A9B
:1057400010EE103A42F82430013417EE903A42F845
:10575000243041E7BDEEC00A08AA10EE103AF6E781
:1057600008A850F82300013B07EE900A0190F8EEDC
:10577000E77A67EE807A20EE070A62ED017A38E771
:10578000FCEC016A0130B5EC017A46EE877A5045AF
:1057900001DC8242F4DA58A8013B00EB820242EDC0
:1057A000287A2AE7669B022B09DC002B2BDC44D0ED
:1057B00009F0070059B0BDEC048BBDE8F08F669B83
:1057C000032BF5D130AA0B1F204613441A4600289C
:1057D000A2F1040252DC2246012AA3F104035DDC9B
:1057E00030AB5FED397A0B44012C67DCDDED306ABC
:1057F0009DED317A002E67D1C7ED006A87ED017A01
:10580000C7ED027AD4E730AB22461FED437A0B4452
:10581000002A24DA4EB3F1EE477AC7ED007A31AAB6
:10582000DDED307A012377EEC77A9C4220DA0EB1A3
:10583000F1EE677AC7ED017ABAE730AB5FED507AE7
:105840000B44002C05DA0EB1F1EE677AC7ED007A51
:10585000AEE733ED017A013C77EE877AF1E773ED3D
:10586000017A013A37EE277AD2E7F0EE477AD4E7A9
:10587000B2EC017A013377EE877AD6E7D2ED007A7F
:105880000138D2ED016A37EEA67A77EEC77A82ED5B
:10589000007A77EEA67AC2ED017A98E7D3ED007A26
:1058A000013AD3ED016A37EEA67A77EEC77A83ED37
:1058B000007A77EEA67AC3ED017A8DE733ED017AAF
:1058C000013C77EE877A8FE7F1EE666AB1EE477AB0
:1058D000F1EE677AC7ED006A87ED017A90E700BFC5
:1058E00010EE103AF0EE407A23F00043B3F1485F37
:1058F00001D200F01BB960EE006A9FED167ADFED71
:10590000165A56EE875A9FED157A20EE266A05EE56
:10591000A67ADFED135A57EE265A9FED127A05EE5E
:10592000A67A40B9DFED105A56EE875A45EE867AD0
:10593000B0EE670A704726EE077AF6EE005A10EED0
:10594000A57A57EE260A9FED097A46EE470A30EE11
:10595000600A7047D3C92E2F342FD7321BEF383649
:10596000010D50398988083CABAA2A3EABAA2ABE51
:1059700010EE103A23F00042B2F1465F16D2FDEE6F
:10598000C07A17EE901A31BB431C134306D1B7EE11
:10599000007AF0EEC07A87EE270A7047012800F0FF
:1059A0009F80FFEE007A87EE800A70474D498A4259
:1059B00011D3002BDFED4C7ABCBFB1EE400AF1EE03
:1059C000600A77EEC07A9FED490A30EE600ADFED9B
:1059D000480A30EE270A20EE007ADFED466A9FED96
:1059E000466ADFED465A67EE077A3E4920EE075ACF
:1059F0008A4207EEA66ADFED426A46EE276A9FED0D
:105A0000416A06EEA76ADFED406A46EE276A9FED1F
:105A10003F6A06EEA76ADFED3E6A47EEA56ADFED54
:105A20003D5A46EEA75ADFED3C6A45EEA76ADFED28
:105A30003B5A46EEA75ADFED3A6A45EEA76AF0EE0A
:105A4000667AF0EE606A46EE077A47EE856ADFED29
:105A5000357A46EE870A45EE270A30EE207A1DD3C6
:105A600007EE900A27EE076A9B17F8EEE77A03F035
:105A7000020337EE277AC3F10103C6EE076A36EE5A
:105A8000E07A30EE477A37EE077A37EEC77A07EEDC
:105A9000903AF8EEE77A27EE270A704701281DD0E2
:105AA000FFEE007A204B17EE102AC7EE876A1A40E5
:105AB00006EE102AB7EE007A36EE400A70EEC00A03
:105AC00016EE902A134007EE903A06EE277A00EE83
:105AD000A77A47EE267AB0EE670A7047B0EE470A1B
:105AE000704700BF40A12C3FDA0F493F68212233A5
:105AF000000000008453D9377AC095385FAE9BB759
:105B0000B937813948DEBE3A1F37113CD10D5D3DB2
:105B100045F4A338C8261A3A16696B3BA427B33C50
:105B20008988083EABAAAA3E00F0FFFFF7EE007A94
:105B30009FED047A82B077EE877ACDED017A019BF2
:105B400002B0704700008000024610EE100AC0F359
:105B5000C75320F0004183B9A9B3DFED1B7A1B497D
:105B600060EE277A8A4217EE900AC0F3C753A3F17A
:105B7000190307DAC00F00F049B8FF2B02D130EE4D
:105B8000000A70474CF250318A4202DDC00F00F02B
:105B90004BB81344FE2BF9DC002B06DD20F0FF4050
:105BA00040EAC35300EE103A704713F1180FE1DBDF
:105BB000193320F0FF409FED060A40EAC35007EE7C
:105BC000900A27EE800A70470000004CB03CFFFFAF
:105BD0000000003310EE103A33F000400DD0A0F575
:105BE0000003B3F1FE4F0AD3421E074B9A4208D975
:105BF000A0F1FF43584258417047022070470420EB
:105C000070470320704700BFFEFF7F009FED040A2E
:105C10000028DFED047A40FE277A27EE800A7047DD
:105C200000008000000080809FED040A0028DFED66
:105C3000047A40FE277A27EE800A7047FFFF7F7FB5
:105C4000FFFF7FFF51EC100BC1F30A520B4670B5FA
:105C5000A2F2FF340546132C1EDC002C0CDA0029BE
:105C60003CDA21F00043002203431E4B08BF4FF0F3
:105C700000431946104617E01B4A224101EA02067A
:105C8000064311D00029BEBF4FF4801121415B189B
:105C900023EA02030022ECE7332C08DDB4F5806F21
:105CA00002D10246EAF7F8FA41EC100B70BDA2F2FD
:105CB00013464FF0FF32F2400242F5D000290ADAD3
:105CC000142C01D1013306E0C4F134040121A140B8
:105CD00049190D46F6D225EA0202CAE70022134608
:105CE000C7E700BF0000F0BFFFFF0F00704703468B
:105CF0000A4619790123006803FA01F103691B6858
:105D0000194218BF82F0010212B18368DB6818479C
:105D100083681B69FBE70020EFF796BAF8B56827A0
:105D20000646B1FBF7F50024AC4200D1F8BD07FBF5
:105D30000460EFF7FDFA01340021A02004F059F9C6
:105D4000F2E7406A7047F9F7C9BFFAF727B8F0F7EA
:105D50006BB8FAF795BC08B5EFF74CFB002008BD0F
:105D6000FEE7836800EBC101B3F5004F2CBF51F88B
:105D7000220031F81200704700EBC1018068B0F5D5
:105D8000004F2CBF41F8223021F812307047012219
:105D900008B5FFF7E6FFD04008BD836800EBC101FE
:105DA000B3F5004F08D34B681AB143F001034B60C1
:105DB000704723F00103FAE74B881AB143F001035F
:105DC0004B80704723F00103FAE753000122FFF7ED
:105DD000D3BF8368B3F5004F34BF04230823C91A27
:105DE000081AC0087047B0F5004F34BF04230823D9
:105DF000481C0833A0EBD300B0FA80F0C0F11F00BC
:105E000070472DE9F041174603220E460446FFF77E
:105E1000A8FF8642054607F104080AD10122E3687B
:105E2000BA4023EA0203E360002344F82830BDE8C7
:105E3000F081314602222046FFF793FF06462B46AB
:105E400001460322204644F82850FFF795FF3346C9
:105E500029462046BDE8F0410222FFF78DBF70B50C
:105E60000D4686680446FFF792FFB6F5004F0146DF
:105E700001D3012809D03046FFF7B5FF2946024675
:105E80002046BDE87040FFF7BCBF70BD2DE9F0476C
:105E900005468068FFF7A7FF05EB800ADAF8109047
:105EA00088460646B9F1000F1BD00327DAF81040E8
:105EB00028462146FFF76BFF404507D3324621466F
:105EC0002846FFF79EFF2046BDE8F08703222146C3
:105ED0002846FFF746FF013FCAF8100001D0814570
:105EE000E4D14FF0FF34EB680136B4401C40EAD0F7
:105EF00094FAA4F2B2FA82F2131D55F82340DEE7B9
:105F00002DE9F04114460E460546FFF740FFA4EB8D
:105F10000608371B0744424631462846FFF755FF1F
:105F20003A4621462846FFF750FF434600222146C5
:105F30002846FFF721FF21462846FFF728FF3B466A
:105F4000211800222846BDE8F041FFF715BF2DE9D2
:105F5000F041164604460F46FFF719FF3146054645
:105F60002046FFF714FF05442A4639462046FFF72E
:105F70002CFF31462046FFF70AFF2B46311800223E
:105F80002046BDE8F041FFF7F7BE2DE9F0410D4690
:105F900086680446FFF7FBFEB6F5004F014601D3C5
:105FA000012832D03046FFF71EFF04EB80010E6956
:105FB00096B90122E36882401343E36002220D6137
:105FC0002B4629462046FFF7D7FE032229462046C6
:105FD000BDE8F041FFF7D0BE022231462046FFF770
:105FE000C0FE0746034629462046FFF7C5FE0322AA
:105FF000334629462046FFF7BFFE39462B4620464A
:10600000FFF7BAFE02223146E1E7BDE8F081F8B5BC
:106010000C460546FFF7BBFE2618012231462846EE
:10602000FFF79FFEC3070CD431462846FFF717FF42
:1060300021462846FFF7ABFE214622182846FFF7E7
:1060400086FF002221462846FFF78BFE271A0122F1
:1060500039462846FFF785FE10EA020613D1394675
:106060002846FFF7FCFE214632462846FFF779FE18
:106070002246211A2846FFF76AFF21463246284663
:10608000FFF76FFE241A21462846BDE8F840FFF7C7
:106090007CBF2DE9F84305460C46FFF79AFE0646FD
:1060A000A86802F00701B0F5004F2CBF08270427AD
:1060B00007EBC6032B44E31A073103F00704394406
:1060C0002144DC0804EBD20404EBD104844228BF51
:1060D000044631462846FFF75AFE844207460ED052
:1060E00012D23444224631462846FFF709FF314692
:1060F00001222846FFF751FE2146FFF788FF4FF0A7
:1061000001084046BDE8F88306EB00090122494634
:106110002846FFF726FE10EA020826D149462846FF
:10612000FFF735FE38448442EBD849462846FFF74E
:1061300096FE49462846FFF72AFEE71B874209D20A
:106140003444494628462246FFF7DAFE21462846CF
:10615000FFF71BFF4A4631462846FFF7F8FE0122AB
:1061600031462846FFF719FEC9E74FF00008C8E797
:1061700038B571B1056800222846FFF72AFE0446AB
:1061800001462846FFF709FE2146BDE83840FFF7E3
:106190003EBF38BD70B505680C462846FFF719FEAE
:1061A000064601462846FFF7F2FD05EBC605C4EB9F
:1061B000C000284470BD70B5056809B9002070BDE5
:1061C000AB6801F00704B3F5004F2CBF082204228E
:1061D00007341444E40804EBD1049C4228BF1C4655
:1061E00028462146FFF752FE06460028E6D0014623
:1061F0002846FFF7CCFDA04209D934443146284651
:106200002246FFF77DFE21462846FFF7BEFE2846C0
:1062100001223146FFF7C1FDAB68B3F5004F34BF33
:106220000423082303EBC6031844C8E71146FFF70D
:10623000C2BF2DE9F84306681446B26801F1FF3980
:10624000B2F5004F34BF0423082319EA01090F46B1
:106250000BD0494239408B424F4628BF0B468946F6
:1062600054B900252846BDE8F8839942F8D821465C
:10627000BDE8F843FFF79FBFB2F5004F2CBF0825DC
:106280000425FB1AE10804F0070001EBD3010730F5
:1062900003F0070303442B4401EBD301914228BFD1
:1062A00011463046FFF7F2FD80460028D9D0B3688A
:1062B00009EBC005B3F5004F34BF042308231D4488
:1062C00035447B1E1D44B5FBF7F57D43A5EB090561
:1062D00029463046FFF77DFD2C44073424F007049F
:1062E000A41B804507464FEAE40408D20246414613
:1062F0003046FFF705FE41463046FFF746FE394679
:106300003046FFF744FD3844844208D239463046CF
:106310002246FFF7F5FD21463046FFF736FE012203
:1063200039463046FFF739FD9CE7F8B50646174673
:106330001D460C4629B91A463946BDE8F840FFF714
:1063400078BF23B9FFF714FF00242046F8BDE2B15F
:10635000531E194219D039462A463046FFF769FFC5
:1063600007460028F0D021463046FFF713FF85424C
:106370002A46214628BF0246384604F086FE2146BA
:106380003046FFF7F5FE3C46DFE72A4621463068F7
:10639000FFF77FFE0028DED0D7E7B2F5802F2CBFB5
:1063A000082304232DE9F0410026D21A8C18CD1DB4
:1063B00025F0070524F00704641BE4080560214666
:1063C0002046AC60EE60FFF70EFD421D92000130EA
:1063D00002F107074FEAD7073146A2F1100205F193
:1063E0001000B8BF324604F077FE3A4631462846E0
:1063F000FFF7EBFC3346324631462846FFF7BCFC3C
:10640000A4EB0708284631460122FFF7C6FC4246A6
:106410003946FFF7DAFC3B46324639462846FFF755
:10642000ABFC21462846FFF7D0FC434632462146C6
:106430002846FFF7A1FC214628460122FFF7ADFCC4
:106440003946BDE8F041FFF7A0BD2DE9F04706460B
:106450000D46174698462BB34FF0000A98F80040B7
:1064600093F80190DB78A40004EB430498F8023021
:106470001C444444CA4509D339463046AC46D8F892
:10648000042008F10803BDE8F047604714F8013B19
:106490000AF1010A204648F82340EAF72DFE0130B0
:1064A0000444E7E76FF01500BDE8F08770B50025FC
:1064B00002462846144614F8013B0BB9184609E079
:1064C00098B18D4207D1702B04D0A3F140023A2A33
:1064D0000BD8002070BDA3F140063A2E05D85378A2
:1064E0000135941C002BE9D00020252B224608BF43
:1064F00080F00100DEE7F0B4D1E90054D0E90032C9
:10650000002A16DA002C08DA4FF000465F4266EBEC
:106510000206BD4274EB06061ADB5B1942EB04026D
:10652000C0E9003283688A6813448360F0BCEFF7E7
:10653000E5BB53EA0206F0D0012D74F10006ECDB56
:10654000DE43AE426FF00046A6EB0206A641E3E74B
:106550000020F0BC70470020704700F03BBA0FB439
:1065600007B504A951F8040B019100F033FA03B008
:106570005DF804EB04B07047002383F31188BFF388
:106580006F8F0423184602DF70470FB407B504A9C4
:1065900051F8040B0191FFF7E0FF03B05DF804EB45
:1065A00004B07047013A01F01F030A4430B54C09AA
:1065B0000121550902F01F02C26001FA02F2836054
:1065C00001FA03F3511E5B420A43AC42036108BF68
:1065D000134004604560426108BF036130BDF0B5FF
:1065E00087B004460C981D4610B96846FFF7DAFFDD
:1065F00001684768A368B94253F82120066908D1A9
:1066000025B1324343F8212007B0F0BD22EA06024B
:10661000F8E7B5B1324343F821204168A2684569E3
:1066200052F821302B4342F821304FF0FF310368FC
:10663000013342689A42E7D9A26842F82310013335
:10664000F7E722EA060243F82120A268416846697A
:1066500052F8213023EA060342F8213002684368E9
:1066600001329342D0D9A36843F82250F7E7F8B536
:106670000646DDE906051C46FFF794FFD0E9001346
:106680009942B66802690BD156F8213004B9DB4350
:1066900032EA030023D022EA030215BB0020F8BD32
:1066A00056F8217004B9FF4332EA070C02D022EAFF
:1066B0000702F2E756F8237004B9FF43426932EA51
:1066C000070009D0194622EA0702E6E756F821201A
:1066D00004B1D243002AE0D101318B42F6D8012027
:1066E000DDE792FAA2F3002AB3FA83F308BF4FF072
:1066F000FF3303EB41132B60D0E72DE9F04F054644
:106700000E4690468BB0EFF31189102383F3128865
:10671000BFF36F8F002A3FD000293DD00168B142FE
:106720003AD30022406890424FEA42140DD0AB6841
:1067300053F822305F1C01D10132F4E72BB1DB4367
:1067400093FAA3F3B3FA83F31C44A1EB060A0DF109
:106750000C0B04AF544502D96FF01B0012E000236C
:10676000324621462846CDE9007BFFF780FF80B105
:1067700028460123324621460097FFF730FF0020CC
:10678000C8F8004089F31188BFF36F8F0BB0BDE8E4
:10679000F08F039C0134DDE76FF01500F2E72DE97F
:1067A000F0434B1E80460D46164689B01344EFF366
:1067B0001189102282F31288BFF36F8FF9B102683A
:1067C0008A421CD3B2421AD99A4218D9002402AF85
:1067D0000A460123314601940097FFF748FF88B12C
:1067E000404623462A4631460097FFF7F8FE2046EA
:1067F00089F31188BFF36F8F09B0BDE8F0836FF0A4
:106800001500F5E76FF00D00F2E770B506460C884D
:106810008888241A3069A4B2844285B224BF641BDC
:10682000A4B22D1BA8B2984228BF1846336823444F
:1068300013600B8803440B8070BD70B48389858816
:106840000669ED1AADB2731B934228BF134670BCA4
:106850000A46011DFFF7D9BF70B40E460146C58830
:1068600031F80A3FEC1AA3B2934228BF13463246CE
:1068700070BCFFF7CABF10B54B880C88E41AA4B2ED
:1068800094420ED31A4492B28B884A800A800069DF
:10689000D21A92B2824201D2002010BD03448B80F2
:1068A000FAE76FF01500F8E72DE9F34106460F46C9
:1068B00015464FF000082A46304601A9FFF7BDFFF4
:1068C000044640B102463946019804F0DEFB2D1B18
:1068D000A0442744EFD142463046311DFFF7CBFF9D
:1068E000404602B0BDE8F0812DE9F34107460E466F
:1068F00015464FF000082A46384601A9FFF7ACFFBD
:10690000044648B12EB102460199304604F0BDFB61
:1069100026442D1BA044EED14246384607F10A0119
:10692000FFF7A9FF404602B0BDE8F0812DE9F34131
:1069300006460F4615464FF000082A46304601A984
:10694000FFF78AFF044640B102460199384604F039
:106950009CFB2D1B2744A044EFD10022304606F1BA
:106960000A01FFF788FF404602B0BDE8F08170479A
:1069700008B503F056FD0A220023EAF775FB08BDAF
:106980007FB50BAB059303930A9B0122029300236F
:106990001846CDE90033EFF7B5FC07B05DF804FB0E
:1069A0000020704708B503F03CFD0A220023EAF7F7
:1069B0005BFB08BD0346D3E8EF0F421CC3E8E12FA1
:1069C0000029F8D17047002108B50846EFF772FB9F
:1069D000002008BD1FB50023CDE902011A46194663
:1069E0001846CDE90033EFF78DFC05B05DF804FBE8
:1069F00070470020704700207047002070474368B0
:106A0000DA7101224368196043685A71FFF7F0BFD9
:106A100070B515460C4669B1D2E901369B1B994207
:106A20000AD813680A460146981904F02EFBAB6891
:106A30002344AB60204670BD6FF01B00FBE770B5D0
:106A40000E4615461946044618B9BDE87040EFF7E2
:106A5000FBBB33B1C2F34A231030120D184404F0CB
:106A600014FBC4E900562046BDE87040EFF700BCB7
:106A70002DE9F3415F1C4FEA8708064608F117002D
:106A800020F0070080080C461546FFF7B4FF0023EE
:106A90008DF80470ADF805308DF8073068B1034605
:106AA000019AA8F1040143F8102F2A46294452F80C
:106AB000045B8A4243F8045FF9D100233146A20106
:106AC00002F4E07242EA482222F07F4222F470028D
:106AD00022F03F0202B0BDE8F041FFF7B0BF7FB542
:106AE0000BAB059303930A9B0222029300231846E3
:106AF000CDE90033EFF706FC07B05DF804FB07B5FE
:106B00000123019201AAFFF7B3FF03B05DF804FB74
:106B100007B5CDE9002302236A46FFF7A9FF03B0BA
:106B20005DF804FB1FB5CDE90123069B01AA039381
:106B30000323FFF79DFF05B05DF804FBF8B506469B
:106B40000D4614461F4604B9F8BD214628463A466C
:106B5000B047241A0544F6E707B5D1E900328DF8AD
:106B60000700012152680DF107009847002003B08B
:106B70005DF804FB0A2838B504460D4602D10D2005
:106B8000FFF7EAFF29462046FFF7E6FF002038BD61
:106B90002DE9F043054687B008460E8891F800902D
:106BA0000C46D1F808801746EFF774FC011EC6F3B7
:106BB0008216C9F3C2091EDB4846EFF775FB034690
:106BC000214651F8102B6088C2F34A22002A01EBBB
:106BD000020408BF00210022C0F30B10CDE9040716
:106BE000CDE902142846414601960092EFF77EFC5B
:106BF00007B0BDE8F0830023E2E7436800201B688C
:106C00005B689961704743681B681A6852685360F3
:106C1000704701212DE9F04143681B685A681177DC
:106C20001D682F68D5E90136D3E900481CB96B68A7
:106C30001C60BDE8F081214630464246B847241A20
:106C40000644F3E770B543680C461D686B689869A5
:106C5000EFF79AFA214603460F222868BDE87040F4
:106C60001847002908DB8068884205D9401A9042FD
:106C700034BF00200120704700207047704770B576
:106C800016461A4605460C46FFF7EBFF48B1696801
:106C9000E8682144826814683246A446BDE8704022
:106CA00060476FF0150070BD70B516461A46054670
:106CB0000C46FFF7D6FF48B16968E868214482684E
:106CC00054683246A446BDE8704060476FF0150036
:106CD00070BD10B50B460446FFF7C3FF40B16168B5
:106CE000E068194483689B682BB1BDE810401847E1
:106CF0006FF0150010BD6FF05700FBE77FB50BABD1
:106D0000059303930A9B0122029300231846CDE9C1
:106D10000033EFF7F7FA07B05DF804FB2DE9F04117
:106D200087680446FB680D4616469847BB682BB13A
:106D3000324629462046BDE8F04118476FF057001B
:106D4000BDE8F0812DE9F74FDDF830B01F4643EA8A
:106D50000B030B4381460E46144604D56FF0150015
:106D600003B0BDE8F08F0D9B002BF7D00E9B002BDE
:106D7000F4D011EB0B03F1D41BEB0702EED4A042CD
:106D800007D1B94201D10020EAE7914201DA9F42DE
:106D9000E4DB484602F0BCFC10B96FF01200DFE7FC
:106DA000204602F0B5FC0028F7D0A3682046DB6837
:106DB00098470E9BD0F800804345CFD3B3FBF8F53E
:106DC00008FB15330093002BC8D1DA46009B9B4586
:106DD000D9D9C24508D2A3682046DB689847424605
:106DE00041790D9804F078F9C245534638BF4346BF
:106DF0000E9A934228BF1346D9F8082000991268CA
:106E00004846154671180D9A0193A8470028A7DB3C
:106E1000A2680099536820461D460D9A019B39448B
:106E2000A84700289CDBDDE900231A440092AAEB66
:106E3000030ACBE7704770B505460024061D2B6991
:106E4000A34200D870BD56F8343013B155F8340061
:106E500098470134F3E711461A46EFF7BFBD7FB5F7
:106E60000BAB059303930A9B012202930023184660
:106E7000CDE90033EFF746FA07B05DF804FB0146B1
:106E80000068EFF71FBE08B5EFF7B2FEBDE8084097
:106E9000F0F7B0B87FB50BAB059303930A9B0122C3
:106EA000029300231846CDE90033EFF72BFA07B021
:106EB0005DF804FB7FB50BAB059303930A9B01229E
:106EC000029300231846CDE90033EFF71BFA07B011
:106ED0005DF804FB013140B2F0F70CBC0021012049
:106EE000EFF7F0BD38B504460D4611461A46EFF7E8
:106EF00023FD60B2691CF0F7FDFB204638BD6FF042
:106F00008500704761B662B680F31188BFF36F8F5A
:106F1000704772B6002383F31188BFF36F8FBFF3FE
:106F20004F8F30BF62B6BFF36F8F704708B5F0F771
:106F300023FD08B5D1E904319847002008BD4FF082
:106F4000FF324FF0FF33F8F78DBFF9F703B808B5FC
:106F5000F0F7FEFC002008BD7FB50BAB0593039353
:106F60000A9B0122029300231846CDE90033EFF774
:106F7000C9F907B05DF804FB0121F0F7DDBD002180
:106F8000F0F7DABD70B513461446072205460E46E3
:106F9000F0F718FF38B9234631462846BDE870405F
:106FA0000622F0F70FBF70BD2DE9F04106460D46F1
:106FB0001746002401F1100858F8043F33B101349A
:106FC000E4B20C2CF8D10020BDE8F0813B4622460B
:106FD00029463046F0F7F6FE0028F0DAF4E770476D
:106FE0004368184783681847C36803B118471846B1
:106FF00070477FB500200BAA059203920A9A019070
:107000000292089A00920122EFF77CF907B05DF82E
:1070100004FB10B5D0F82C3203EBC20413F8323065
:107020000C2B1DBF01EB830148696368002018BF6A
:10703000C01810BD38B505460C468C304968F0F7CD
:10704000F9FD10B1A0600120256038BD7FB50BAB04
:10705000059303930A9B0122029300231846CDE96E
:107060000033EFF74FF907B05DF804FB0246002349
:1070700030B5946D8C420AD8156E25448D4206D9E0
:10708000282202FB0300C36D1944081B30BD0133E5
:107090000C2B02F12802ECD16FF00700F6E770B577
:1070A0001D465368D0F824111B0A826801EB0311B6
:1070B0000446904730B92946204663681022BDE84F
:1070C0007040184770BD38B50446D4F838320846C9
:1070D0009D18D4F83422D4F83012954228BF1546B2
:1070E0001944EA1A03F0D1FFC4F83852002038BD21
:1070F000D0F834328B4294BFC0F83832C0F838121E
:1071000000207047D0F8300208447047002008B5CE
:107110000B21F1F79DFE024601460B20FFF7DAFE38
:1071200000220C210120F1F793FE11460C20FFF7FD
:10713000D1FE00220D210220F1F78AFE11460D201A
:10714000FFF7C8FE00220E210320F1F781FE114651
:107150000E20FFF7BFFE00220F210420F1F778FE7A
:1071600011460F20FFF7B6FE002210210520F1F78F
:107170006FFE11461020FFF7ADFE00221121062000
:10718000F1F766FE11461120FFF7A4FE002212213E
:107190000720F1F75DFE11461220FFF79BFE00224B
:1071A00013210820F1F754FE11461320FFF792FE39
:1071B000002214210920F1F74BFE11461420FFF79D
:1071C00089FE002215210A20F1F742FE1146152002
:1071D000FFF780FE002216210B20F1F739FE114641
:1071E0001620FFF777FE002217210C20F1F730FE62
:1071F00011461720FFF76EFE002218210D20F1F72F
:1072000027FE11461820FFF765FE002219210E20E7
:10721000F1F71EFE11461920FFF75CFE00221A212D
:107220000F20F1F715FE11461A20FFF753FE00203C
:1072300008BD01208840704710B50F24C20000F03F
:107240000C0000F18C4000F50830036E02F01802CB
:10725000944023EA040391400B43036610BD0022CF
:1072600008B525201146FFF735FEBDE8084025206A
:10727000F0F754BA7FB50BAB059303930A9B012239
:10728000029300231846CDE90033EFF73BF807B02F
:107290005DF804FBD0E92832C0F8A8205B681A68C2
:1072A000936823F0004323F03F0343F0040393600B
:1072B000704710B403460838D0E8EF2F511CC0E8DF
:1072C000E41F002CF8D11AB95DF8044BFFF7E2BFB8
:1072D0006FF00F025DF8044B9A66704738B583680B
:1072E0000446DA0712D401230A250360836823F0D9
:1072F000004323F03F0343F0010383602368DB076F
:1073000004D4642002F0F5F9013DF7D138BD83685B
:10731000D90726D583685A070AD5836823F0004326
:1073200023F03F0343F01003836083685B07FCD4C2
:10733000836819070AD5836823F0004323F03F03CD
:1073400043F02003836083681A07FCD4836823F02A
:10735000004323F03F0343F0020383608368DB07AD
:10736000FCD470474FF48072F2F720BA4FF40072E9
:10737000F2F71CBA6FF08500704770B503880C886F
:107380009C4226D814889C4223D344884D88A54229
:107390001FD85588A5421CD385888C88AC4218D844
:1073A0009488AC4215D3C488CE88A64211D8D6881A
:1073B000A6420ED30089098981420AD812898242E5
:1073C00007D3AB4205D8A34294BF00206FF08500DD
:1073D00070BD6FF08500FBE710469161F8F73CBE89
:1073E0007FB50BAB059303930A9B01220293002305
:1073F0001846CDE90033EEF785FF07B05DF804FBD2
:1074000070B504460D46866881683031826828462A
:107410003A32FFF7B2FF28B9294620463369BDE862
:107420007040184770BD70B504460D46836881688A
:10743000483182685E6C52324EB12846FFF79DFF9C
:1074400038B9294620463346BDE8704018476FF0EA
:10745000570070BD10B44468A469A468A4465DF8E0
:10746000044B604710B44468A469E468A4465DF81E
:10747000044B604743689B691B6918477FB50BAB9A
:10748000059303930A9B029300231846CDE900332A
:10749000EEF738FF07B05DF804FBF8F7E3BCF8F748
:1074A00059BD2DE9F743054606694FF0FF32103606
:1074B0004FF0FF333046FFF7F0FF1821284601AAAE
:1074C000F2F7F0FB044670BB019A182142F001026A
:1074D00028460192F2F702FC044620BB02F0A1FF0D
:1074E00001AA0746884628461821F2F7DBFB044626
:1074F000C8B940F2E939019BDB0714D402F091FFCF
:10750000C01B61EB0801484571F1000112DB019AD3
:10751000182122F0010228460192F2F7DFFB041E37
:1075200008BF6FF00A043046FFF7B9FF204603B0EA
:10753000BDE8F0831821284601AAF2F7B3FB002822
:10754000D9D00446EFE7F8B5056906462B790F4612
:10755000002B3CD110354FF0FF324FF0FF3328465F
:10756000FFF79BFFB988FC884B1E013C24011B02DE
:1075700003F4F85304F0F0041C433B883A89013BC0
:1075800003F00F031C43531E18049BB200F4F810C1
:10759000012B44EA00040FD87B8830460B4403FBE0
:1075A00002227F2A28BF7F2248211202F2F796FB8F
:1075B000074638B944F4000422460C213046F2F75D
:1075C0008DFB07462846FFF76AFF3846F8BD6FF087
:1075D0000F07FAE7072300200B607047F7B5064650
:1075E00015460C4649B1442101AA0769F2F75AFB36
:1075F00028B93B792BB90423237085B9002003B047
:10760000F0BD019B190601D50323F5E79A0601D5C4
:107610000223F1E713F0400318BF0123ECE74021F8
:10762000304601AAF2F73EFB0028E8D1019B2B70FF
:10763000C3F306236B70E1E74368DB6909B1987B0C
:107640007047587B70470369C3E90212704737B52A
:10765000044605694FF0FF32103528464FF0FF33DE
:10766000FFF71BFF1821204601AAF2F71BFB38B9D0
:10767000019A182142F0020220460192F2F72EFBF5
:107680002846FFF70CFF03B030BD70B543680846CD
:107690005E6C0C461546F3F7F3FA4FF6FF7398420B
:1076A0002DD03368582CC3581CD016D824F00404AD
:1076B000502C14D19901DA0002F4F82201F07F5124
:1076C000114303F0010211439A0002F4FE525B00E1
:1076D000114303F01C030B4301E0802C0CD02B6002
:1076E000002070BD13F0020218BFD022DB0748BF94
:1076F00042F00D022A60F3E703F03F03EFE76FF07B
:107700008500EEE770B5436808465E6C0D4614468A
:10771000F3F7B6FA4FF6FF73984235D0582D1DD0C7
:1077200016D825F00405502D14D1A309E20802F45F
:10773000784203F47F03134304F001021343A208C9
:1077400002F4FE626408134304F00E041C4301E0DB
:10775000802D10D03368C450002070BD14F0D00FBD
:1077600014BF0123002314F00D0F4FEA430309D087
:1077700043F00104EEE704F03F0444F0016444F4F4
:107780004024E7E71C46E5E76FF08500E5E70022C7
:1077900008B511462720FFF79DFB2720EFF7BEFF16
:1077A000002228201146FFF795FBBDE8084028205D
:1077B000EFF7B4BF70B40C46194643685B6C586869
:1077C00021F0030320441344851A934202EB05047D
:1077D00002D170BCFFF7C6BD52F8046B2660F4E717
:1077E0000B4610B4114642680024526C506821F0D8
:1077F00003021844034602449A4203D15DF8044B45
:10780000FFF7B0BD43F8044BF6E770B51D4643687B
:1078100014465B6C5E680E4429463046FFF7A6FDB1
:1078200040B9224625F003052544361B954202EB5C
:10783000060300D170BD1B6842F8043BF6E77FB534
:107840000BAB059303930A9B012202930023184676
:10785000CDE90033EEF756FD07B05DF804FB13B534
:1078600044682089C0F30B0000F083F8002846DB51
:10787000E26893B203F18C4303F503331968C2F352
:107880008450C2F3054200FA02F221EA02021A60B1
:10789000E1688BB203F18C4303F503331868CA0E19
:1078A000C1F305418A4002431A60626893B203F152
:1078B0008C4303F503331968C2F38450C2F30542C5
:1078C00000FA02F221EA02021A6061688BB203F147
:1078D0008C4303F503331868CA0EC1F305418A408F
:1078E00002431A600021206801AA00F023FF00284B
:1078F00005DB019B002219791868F5F7BBFC02B083
:1079000010BD0B8882B0C3F30B0303F67872C2F389
:107910000B02202A14D803F18C4303F503331A68B1
:107920004868024300201A600B88C3F30B0303F17D
:107930008C4303F503331B680193019B02B070472E
:107940006FF08500FAE70B88C3F30B0303F6787238
:10795000C2F30B02202A9FBF03F18C4303F50333CC
:107960001A6849689BBF00208A436FF085001A603F
:1079700070470F2809D84DF6D663C34013F0010FA6
:1079800014BF00206FF0850070476FF085007047CE
:1079900010B50888C0F30B00FFF7EBFF00281DDBD4
:1079A0004A6893B203F18C4303F503331868C2F3BA
:1079B0008454C2F3054204FA02F220EA02021A6079
:1079C00049688BB203F18C4303F503331868CA0E80
:1079D000C1F305418A40024300201A6010BD0888A7
:1079E00008B5C0F30B0000F67873C3F30B03202B2C
:1079F0000AD800F18C4000F5033002684B689343CD
:107A000014BF0120022008BDFFF7B3FF002814BFF8
:107A100001200220F7E74163704781637047C1632B
:107A2000704701647047406B7047806B7047C06B54
:107A30007047006C70476FF00203036170476FF08E
:107A40000403036170476FF00803036170476FF030
:107A5000100303617047C36843F00203C3607047BB
:107A6000C36823F00203C3607047C36843F0040394
:107A7000C3607047C36823F00403C3607047C368E2
:107A800043F00803C3607047C36823F00803C36072
:107A90007047C36843F01003C3607047C36823F0A6
:107AA0001003C3607047436800201A69136843F0ED
:107AB000010313607047436800201A69136823F0BC
:107AC00001031360704743681B69D86A70474368B5
:107AD00000201B695B6A0B607047436800201B69CC
:107AE00058627047002270B5456804692B69466882
:107AF000767A964219DCDA6822F00102DA600A68C6
:107B0000DA626FF001021A614A6822608A68626074
:107B1000CA6812F001040ED15C6200204A681AB1F2
:107B2000DA6842F00102DA6070BDEE6856F8326041
:107B30007EB90132DBE740680C680069406A844224
:107B4000EBD8920748BF00226FF03D0048BF5A6251
:107B5000E4E76FF00F00E7E703699868704703698F
:107B6000002099607047036918697047002208B5C2
:107B700046201146FFF7AEF9BDE808404620EFF772
:107B8000CDBD002208B547201146FFF7A3F9BDE897
:107B900008404720EFF7C2BD7FB50BAB05930393B9
:107BA0000A9B0122029300231846CDE90033EEF729
:107BB000A9FB07B05DF804FB70B54368054606698C
:107BC0001C6943685B7A013B032B47D8DFE803F06D
:107BD000352413022369DA060AD5E368DB0607D5E4
:107BE0006FF01003236103212846F3F7B7FB02E08F
:107BF000F3681807F7D4236919070AD5E3681A0749
:107C000007D56FF00803236102212846F3F7A6FB8E
:107C100002E0F3685B07F7D4236958070AD5E368E5
:107C2000590707D56FF00403236101212846F3F7B4
:107C300095FB02E0F3689A07F7D423699B070AD5FE
:107C4000E368980707D56FF00203236100212846F7
:107C5000F3F784FB02E0F368D907F7D42369DA0766
:107C60000CD5E368DB0709D56FF0010323612B69AD
:107C70002846D3E90021BDE87040104770BD416837
:107C800043685B7A013B032B1DD8DFE803F01A1829
:107C900016020B691B69C3F300130A691269C2F368
:107CA000C0021A430B691B69C3F3800313430A69BB
:107CB0001069C0F34000184370470023EDE700222D
:107CC000F0E70023F3E7002070477FB50BAB059387
:107CD00003930A9B0122029300231846CDE9003347
:107CE000EEF710FB07B05DF804FB002208B5114663
:107CF0001D20FFF7EFF81D20EFF710FD00221E20DA
:107D00001146FFF7E7F81E20EFF708FD00221F20BD
:107D10001146FFF7DFF81F20EFF700FD00222020BB
:107D20001146FFF7D7F82020EFF7F8FC00222120BA
:107D30001146FFF7CFF82120EFF7F0FC00222220B8
:107D40001146FFF7C7F82220EFF7E8FC00222320B6
:107D50001146FFF7BFF82320EFF7E0FC00222420B4
:107D60001146FFF7B7F82420EFF7D8FC0022502087
:107D70001146FFF7AFF85020EFF7D0FC002251205A
:107D80001146FFF7A7F85120EFF7C8FC0022522058
:107D90001146FFF79FF85220EFF7C0FC0022532056
:107DA0001146FFF797F85320EFF7B8FC0022542054
:107DB0001146FFF78FF85420EFF7B0FC0022552052
:107DC0001146FFF787F85520EFF7A8FC0022562050
:107DD0001146FFF77FF85620EFF7A0FC002257204E
:107DE0001146FFF777F8BDE808405720EFF796BC3B
:107DF0007FB50BAB059303930A9B029300231846B0
:107E0000CDE90033EEF77EFA07B05DF804FB10B55C
:107E100004692046F3F7BCFD2046F3F7EFFD20464A
:107E2000BDE81040F3F754BE0021F3F767BE01210F
:107E3000F3F764BE0221F3F761BE0321F3F75EBEE0
:107E40000421F3F75BBE0521F3F758BE0621F3F7D3
:107E500055BE0721F3F752BE0821F3F74FBE0921A3
:107E6000F3F74CBE0A21F3F749BE0B21F3F746BEE8
:107E70000C21F3F743BE0D21F3F740BE0E21F3F7BB
:107E80003DBE0F21F3F73ABEF8B546680446D6E981
:107E900004738B4211D93846F3F7A0FE58B91C225F
:107EA000B36902FB013301229A716068FFF7AFFFEB
:107EB0003846F3F783FE0020F8BD6FF01500FBE7AE
:107EC00070B505460E4641F28A3431462846F3F72E
:107ED00095FE40B1013C04D000210A2002F089F84F
:107EE000F3E76FF00F0070BD10B50446F4F718F912
:107EF00020B12046BDE81040F8F79ABA10BD2DE930
:107F0000F3411C460023904682682360A3600D461F
:107F10005369694601AA9847019B5A1E019223B9E9
:107F20006FF0150002B0BDE8F0810098A2684768C4
:107F30002168676085B9A8EB02030668B34228BFD1
:107F4000334603FB07111A442160A26002689A427B
:107F500006D808300090DFE76B1AB3FBF7F3ECE7C5
:107F60000020DFE713460022FFF7C9BF13460A4689
:107F70000021FFF7C4BF07B5836869465B6901AAA2
:107F800098470020019B5A1E019213B903B05DF877
:107F900004FB009B53F8082B10440093F2E77FB5D5
:107FA0000BAB059303930A9B01220293002318460F
:107FB000CDE90033EEF7A6F907B05DF804FB4FF00A
:107FC000FF324FF0FF330430F8F780B800207047DD
:107FD00008B5006904300122114601F046FEFFF7A2
:107FE000F5FF00EAE07008BD7FB50BAB0593039386
:107FF0000A9B0122029300231846CDE90033EEF7D5
:1080000081F907B05DF804FB7FB5144602690546A7
:1080100012680E46126C1BB141EA04031B0710D113
:108020003146284601AAFFF79DFF50B9013C28467A
:1080300001AAA119FFF796FFB0FA80F0400904B039
:1080400070BD0020FBE7436800205B681B690B6084
:10805000704743685B68586942400A4042405A6131
:1080600000207047436800205B689961704743684F
:1080700000205B6899627047436800205A68536922
:108080004B405361704710B503699868F8B1884256
:1080900019D1DC680868A142986000D1D86000203E
:1080A00008602AB19A680A60DA68996002B9D960F2
:1080B000002010E0814206D108682060D868814223
:1080C000EDD1DC60EBE7044600680028F2D1002A1D
:1080D000E8D16FF0150010BDF0B544680120676865
:1080E00088401E46C2F3801327EA00078B403B43BB
:1080F00090FAA0F7B7FA87F74FF0030E6360D4F851
:1081000008C07F000EFA07F72CEA070C90FAA0F7D8
:10811000B7FA87F7C2F3C1137F00BB4043EA0C03F1
:10812000A36090FAA0F3B3FA83F3E7685B000EFA5A
:1081300003F327EA030790FAA0F3B3FA83F302F0FC
:1081400030055B00C2F341229A403A43202DE260A1
:1081500016D107292BD890FAA0F3226A2BB3B3FAD1
:1081600083F30F219B0001FA03F322EA030290FA42
:10817000A0F3B3FA83F39B0006FA03F313432362DD
:1081800090FAA0F3B3FA83F390FAA0F00321B0FAC7
:1081900080F022685B002D0901FA03F3400022EA17
:1081A000030385401D432560F0BD2B46D9E7030A34
:1081B000616A93FAA3F282B1B2FA82F293FAA3F35C
:1081C0000F27B3FA83F3920007FA02F29B0021EA29
:1081D00002029E4016436662D2E72A46EEE712F498
:1081E000003CF8B50C4613461DD0960714D555072C
:1081F0005CD55022D90611D542F4007203F4C06157
:10820000B1F5806F42D0B1F5C06F19D0B1F5007FE4
:1082100018D142F0800215E01022EBE79F06EDD561
:1082200042F48062EAE7D60305D5D50605D4C2F349
:1082300040129202E2E73022E0E74FF40072DDE7FD
:1082400042F4C07213F44036056908D02F6927FA4A
:1082500004F1C9075FBF0121A14039432961BCF185
:10826000000F06D01F03416813D501234968A340BE
:108270008B61002321464068FFF72EFF26B92B694A
:1082800023FA04F2D2070BD40020F8BD42F4807226
:10829000D8E75F0341BF01234968A3408B62E8E749
:1082A0000122A24023EA02032B61EDE76FF0850073
:1082B000EBE770B50B468968054611B15E680C683E
:1082C00001B970BD8A682A4002D030464B68984791
:1082D0001CB1236821461C46F2E72346FAE7F8B5AD
:1082E0001F46044640680E461546FFF7F5FE112F5F
:1082F00008D1012303FA06F663682A055B684CBFC0
:108300009E619E620020F8BD002208B5114639200A
:10831000FEF7E0FD3920EFF701FA00223A2011467E
:10832000FEF7D8FDBDE808403A20EFF7F7B9002284
:1083300008B511465820FEF7CDFD5820EFF7EEF9AD
:10834000002259201146FEF7C5FDBDE8084059201E
:10835000EFF7E4B9002208B511466520FEF7BAFD33
:108360006520EFF7DBF9002264201146FEF7B2FD2D
:10837000BDE808406420EFF7D1B97FB50BAB05939A
:1083800003930A9B0122029300231846CDE9003390
:10839000EDF7B8FF07B05DF804FB2DE9F743984609
:1083A0000B7A154643F00403066907460B720C4628
:1083B0000B460122AA420AD906F118094FF0FF32F2
:1083C0004FF0FF334846F7F781FE002620E00AD23F
:1083D000197A187D81EA000C1CF0010F01D04007CA
:1083E0001FD589071DD401320C33D2B2E2E7012D2B
:1083F0000CBF002304F11403CDE90038384694E89B
:108400000E0000F0EFF8061E04DB013D0C34EDB267
:10841000002DECD14846F7F71FFE304603B0BDE80B
:10842000F0836FF01506F8E77FB50BAB0593039368
:108430000A9B0122029300231846CDE90033EDF791
:1084400061FF07B05DF804FBF4F79ABD00F0A5B832
:1084500043680169DB681A6822F002021A601A6830
:1084600022F004021A601A6822F020021A601A68C8
:1084700022F010021A601A6822F040021A6091F885
:108480005D201AB91A6822F080021A6070477FB521
:108490000BAB059303930A9B01220293002318461A
:1084A000CDE90033EDF72EFF07B05DF804FBC3689C
:1084B0001A6842F020021A601A6842F010021A602C
:1084C0001A6842F040021A601A6842F080021A608C
:1084D000704738B543680569DC68FFF7B9FF636822
:1084E000DB0142BF636823F080736360002385F87B
:1084F0005F3095F8603033B995F85D301BB923686B
:1085000023F0010323602846BDE83840F7F7A4BDF7
:1085100038B543680569DC6895F86030002B39D0C0
:1085200095F85F30002B32D16A6E8A4208D1A2687A
:1085300022F40042A2606B66AB6E5BB1002038BDD6
:10854000AA6E8A4226D1E26822F40042E260AB665B
:108550006B6EF2E7236823F008032360FFF778FFD0
:10856000E36943F01003E361E36943F02003E3614F
:10857000E36943F00803E36195F85D301BB92368B4
:1085800023F001032360002385F86030D6E76FF005
:108590000F00D4E76FF01500D1E708B5016991F835
:1085A000603013B191F85F30D3B14368DA689369F2
:1085B0009B050AD5D36943F40073D36101234B644F
:1085C000FFF787FF6FF0040008BD936913F4807311
:1085D00006D0D36943F48073D3610123CB64EFE702
:1085E0001846F1E72DE9F04F0546164689B003AF6E
:1085F00087E80E009DF81490BDF84CA029F0060302
:108600008DF81F30049B6968FF2B89BFFF234B4601
:1086100004939DF81430D1F80C8088BF03F0FD035B
:108620002C690498039994BF129A0DF11F028DF8DA
:10863000143013F00103C4E9150133D14FF0010BDD
:10864000C4E912332846C4F840B027653946009380
:108650005346F4F7D5FB6868FFF729FFD8F80030D8
:1086600043F00203C8F8003041F28832002320466C
:10867000F7F72CFD50B12846FFF72BFF4FF0FF32E4
:108680004FF0FF332046F7F721FD5846D4E911217A
:10869000E36C00293AD1A3BB8ABB00283DD06FF020
:1086A000040044E00023C4E91033C4E912334FF45A
:1086B000806328462765394600935346F4F7A0FBAC
:1086C0006868FFF7F4FED8F8003043F00403C8F8F8
:1086D000003041F2883200232046F7F7F7FC50B112
:1086E0002846FFF7F6FE4FF0FF324FF0FF332046EB
:1086F000F7F7ECFC0120D4E91121E36CC9E76364CE
:10870000CDE702B161640023E364C8E7002102B150
:108710006164A164002BF6D1C1E7049A039BB61AE9
:108720001344CDE90336002E7FF46CAF304609B018
:10873000BDE8F08F30B5036813600579046804EB79
:10874000C504A34202D36FF0010030BD5C798C42B6
:1087500001D00833F0E70020F7E7416370478163F9
:108760007047C163704701647047836C1B0D1B0524
:108770000B4383647047C16470474168036949686B
:108780001B680131B3FBF1F30020C2E900307047F0
:108790007FB50BAB059303930A9B01220293002341
:1087A0001846CDE90033EDF7ADFD07B05DF804FBE9
:1087B0004368C1F34B101B6801F01F01C05801232F
:1087C0008B40034214BF0123002300201370704725
:1087D00010B54368C1F34B101A680123845801F0A7
:1087E0001F018B4023438350002010BD012210B590
:1087F0004368C1F34B14186801F01F0123588A40E5
:1088000023EA02032350002010BD38B504460D466C
:10881000FFF7DEFF29462046FFF7E8FF002038BDBE
:10882000030903EB830300F00F0000EB4300C0B229
:1088300070470A22B0FBF2F302FB130040EA031078
:10884000C0B270477FB50BAB059303930A9B01221F
:10885000029300231846CDE90033EDF753FD07B02E
:108860005DF804FBB0F5805F07D0B0F1805F09D1FF
:10887000002914BF012002207047002914BF0320E3
:1088800004207047002914BF02200320704743686A
:108890001B68D869DA69C0F3C000D107DA6948BF3C
:1088A00040F002009207DA6948BF40F00400510727
:1088B000DA6948BF40F02000D20542BF4FF4807211
:1088C00040F008001A62C10744BF08221A628207FA
:1088D00044BF01221A62410744BF02221A62820683
:1088E00044BF04221A62704743681A6852E8003F86
:1088F00043F0400342E800310029F7D17047436854
:108900001A6852E8003F23F0400342E80031002992
:10891000F7D1704743681A6852E8003F43F02003DC
:1089200042E800310029F7D1704743681A6852E8DD
:10893000003F23F0200342E800310029F7D17047BF
:1089400043681B68D869C0F3401070470120704726
:108950000369C3E902127047026993680BB1D168D9
:1089600018477047002208B53D201146FEF7B2FABD
:10897000BDE808403D20EEF7D1BE002208B54220F8
:108980001146FEF7A7FABDE808404220EEF7C6BE42
:108990007FB50BAB059303930A9B0122029300233F
:1089A0001846CDE90033EDF7ADFC07B05DF804FBE8
:1089B00043681B68D869C0F38010704743681B6820
:1089C000D86910F080001CBF1868C0F38010704791
:1089D00010B50269044652680B4612680A60426884
:1089E0001268126802F4C062B2F5806F33D0A2F54B
:1089F000C060424242411A7162681268526802F4D1
:108A00004052B2F5805F28D0B2F5405F27D0002AEF
:108A10000CBF012203225A71626812681068116843
:108A200000F0102001F4C061FFF71CFF987162682C
:108A300000201268926802F44072A2F540714A4226
:108A40004A41DA7161680968896811F4804F18BF7A
:108A50000322DA7110BD0222CDE70022DBE70222F9
:108A6000D9E738B543680C461B681868196800F0E8
:108A7000102001F4C061FFF7F5FE04281AD0D86970
:108A800010F0800015D0EFF31181102080F31288D0
:108A9000BFF36F8F0020151A002D06DDDD692D064E
:108AA00003D5255C01309D62F5E781F31188BFF3A2
:108AB0006F8F38BD6FF08500FBE710B5436810205D
:108AC0001B68DA691206FCD5EFF3118280F3128875
:108AD000BFF36F8FDC69240604D482F31188BFF3DF
:108AE0006F8FEEE7996282F31188BFF36F8F10BD2D
:108AF00043681B68DA69910602D51A68920607D4A2
:108B0000D86910F0400004D01868C0F38010704796
:108B10000120704738B543680C461B68186819680F
:108B200000F0102001F4C061FFF79CFE04280FD074
:108B300000200821151A002D0CDDDD69AD0609D5D0
:108B40005D6A2554DD6901302D07F3D51962F1E71F
:108B50006FF0850038BD43681B68DA69100744BFB1
:108B600008221A62DA69920643BF5B6A00200B7022
:108B70004FF0FF3070472DE9F8430C790369012C61
:108B800005460E46D0F804905F6814D0A01ED0F1C0
:108B9000000848EB00084FEA882848467179F5F745
:108BA000A5FBB379022B09D0042B30D0231E18BFAC
:108BB00001231B0306E04FF4C068EEE7B4FA84F328
:108BC0005B091B07F279D9F80010012A14BF0024B1
:108BD0004FF44074B7421DD10A6822F0805222F44B
:108BE000B05242EA08021A430A604B6823F4405329
:108BF00003434B606B6828461A68936823F44073FC
:108C0000234393603968BDE8F843F5F7ADBB4FF4F3
:108C10008053D7E7D1F800C00CF4C06CE0451FBF0B
:108C2000D1F800C02CF4C06C4CEA080CC1F800C0AC
:108C30006968D1F800C0DCF8041001F440518842A2
:108C40001FBFDCF8041021F440510143CCF804109C
:108C500069680868016801F010218B421FBF016834
:108C600021F010210B4303606B6819688B6803F4D3
:108C700040739C421FBF8B6823F4407323438B6077
:108C80006B681B689968490405D5032A09D09A685E
:108C900022F4804204E0032A03D19A6842F480421D
:108CA0009A6031683B68994204D02846F5F75CFB2E
:108CB00033683B60BDE8F883036801F4006223F485
:108CC000006313430360C36801F4C02123F4C0238D
:108CD0000B43C360704730B50446086808B910609C
:108CE00008E0206845689D4205D3B5FBF3F51560A3
:108CF0002368186830BD08302060086801380860B3
:108D0000EBE770B5044615461E46F1B90165002330
:108D1000636504F16402334604F1540104F1500028
:108D2000FFF7D9FF2066B5B9A5650023E36504F117
:108D30006C02334604F15C0104F15800FFF7CBFFED
:108D40000023A0662364236770BD0B680365002BB6
:108D5000DDD04B68DCE72B68A365002BE5D06B68A2
:108D6000E4E710B50B680C469B880A6EC3F3451305
:108D7000082B24D1DAB14B6E03B11378DBB280F843
:108D80002030636E93B1013B636693B9236D083362
:108D90002365636D013B6365012304F1640204F103
:108DA000540104F15000FFF796FF206610BD1346F2
:108DB000E4E7236E002BF9D001332366F6E792B186
:108DC0004B6E03B113889BB20384636E002BEDD00E
:108DD000013B63664BB9236D08332365636D013B2B
:108DE00063650223D9E71346EDE7236E002BDDD040
:108DF0000233E2E710B50C46D1E91A3122689288B5
:108E0000C2F34512082A28D190F83020D2B20BB113
:108E100001B11A7023689B88DA0742BF236F0133C0
:108E20002367E36E93B1013BE36683B9A36D083317
:108E3000A365E36D013BE365012304F16C0204F1DA
:108E40005C0104F15800FFF746FFA06610BDA36E59
:108E5000002BFBD00133A366F8E7028E92B20BB170
:108E600001B11A8023689B88DB0742BF236F01335F
:108E70002367E36E002BE9D0013BE3663BB9A36DAA
:108E80000833A365E36D013BE3650223D5E7A36ED9
:108E9000002BDBD00233DEE708B53C2000220521A1
:108EA000FEF718F8BDE808403C20EEF737BC08B5DF
:108EB000632000220521FEF70DF8BDE8084063207D
:108EC000EEF72CBC30B5D1B1002213464D68AA4252
:108ED0000ED18288C2F30222B3FBF2F102FB1133FE
:108EE0007BB9B1F5803FB4BF08466FF0790030BD63
:108EF0000C6804EBC204646801322344E7E70846C7
:108F0000F5E76FF01500F2E77FB50BAB0593039320
:108F10000A9B0122029300231846CDE90033EDF7A6
:108F2000F1F907B05DF804FB03460A4619790123FD
:108F3000006803FA01F103691B68194218BF82F047
:108F4000010212B18368DB68184783681B69FBE77D
:108F50004369DA0702D590F83030F9E7036823F067
:108F6000010303600368DB07FCD4704710B5036896
:108F700004464BB19A683AB1186900F0BAFB206810
:108F800000210830FFF7D0FFA36933B9636004F113
:108F90001000BDE81040F7F75FB810BD10B5446889
:108FA0000069FFF7E3FF2068FFF7D2FF002010BD44
:108FB0002DE9F047D0F804800569D8F8004006464E
:108FC00023690F4623F002032361236923F0010381
:108FD0002361236923F020032361236923F04003E5
:108FE0002361236923F080032361236923F48073C1
:108FF0002361236923F40073236198F81C301BB1AB
:10900000236923F0080323616369DA0702D594F822
:109010003030F9E7E3685B021BD563689BB2002B35
:1090200034D1636913F4805FF7D0D6F81090D9F883
:10903000003073B19A6862B1998811F4805A08D1EE
:10904000186900F056FBD9F8000051460830FFF7C8
:109050006BFF6369980542BFA36943F40073A36182
:1090600098F81C102368E268A1B1A36943F01003CB
:10907000A361A36943F04003A361A36943F008031C
:10908000A36163681B0C1B0463600BE0636913F04E
:10909000080FC9E703F4006302F4C0221343B3F5D9
:1090A000C02FEED02B689B88D90402D42046FFF74E
:1090B0004FFF95F84C3033B92F6405F12800BDE817
:1090C000F047F6F7C9BF6B6C4BB12A689288D2079C
:1090D00001D507B92F6F39463046AA6C98472B68DF
:1090E0009B8813F4005303D16B6005F11000E6E791
:1090F000BDE8F0872DE9F843476806463B7F0469E1
:10910000D7F8009023B1D9F80030DD0740F10F8186
:109110004846F5F73FFB054628B129463046BDE8ED
:10912000F843FFF745BF626E0AB9E36EF3B12368F7
:109130003D689B88D80758D43B7F002B37D02B68DD
:10914000EA6803F4006802F4C02348EA0308B8F5AB
:10915000C12F1CD16B69990724D43868F5F71AFB25
:10916000054618B101463046FFF722FFD9F8003016
:10917000D9F80C2003F4006302F4C022134340F03A
:10918000CE80636E002B40F0D280E36ECCE06B6942
:10919000DA0703D521462846FFF72CFEB8F5C02F85
:1091A000D8D1DAE721462846FFF7DBFDD5E72B6863
:1091B000EA6803F4006802F4C02348EA0308B8F53B
:1091C000C02F07D138684369DD07FCD52146FFF77A
:1091D00011FEC2E76B699B07FCD521462846FFF7C5
:1091E000C0FDB8F5C12FB8D0ECE7696988076CD528
:1091F000002A6AD0C3F34513082B226E50D113788E
:1092000085F82030636E9BB1013B6366002B41D132
:10921000236D08332365636D013B6365012304F10E
:10922000640204F1540104F15000FFF754FD20667C
:109230006B69D90791D5A36E002B8ED0E26E002A00
:109240008BD022689288C2F34512082A49D195F83A
:1092500030201A7023689B88DA0742BF236F0133DE
:109260002367E36E002B3FF478AF013BE366002BEE
:1092700030D1A36D0833A365E36D013BE3650123A2
:1092800004F16C0204F15C0104F15800FFF723FDC6
:10929000A06662E7236E002BCAD001332366C7E7BE
:1092A00013882B84636E002BC2D0013B63663BB9ED
:1092B000236D08332365636D013B63650223AEE7CD
:1092C000236E002BB4D00233E8E72B6923F00203AE
:1092D0002B61ADE7A36E002B3FF43FAF0133A366D4
:1092E0003BE72A8E1A8023689B88DB0742BF236FE7
:1092F00001332367E36E002B3FF42FAF013BE3669E
:109300003BB9A36D0833A365E36D013BE36502231D
:10931000B6E7A36E002B3FF420AF0233DFE7B3F5CF
:10932000C12F7FF432AF636E002B3FF4F6AEBDE881
:10933000F8831FB5079C0294069C019401240094B5
:10934000F5F7EAFA04B010BD1FB50024CDE90144D9
:109350000094F5F7E1FA04B010BDF0B583695B063F
:109360005CBF00231360CA23436253234362D36864
:10937000002B58D1036C23F080430364137CF9B1B4
:10938000016C21F07C5141EA036303641468937912
:10939000016C2343147921F07F1143EA044354798B
:1093A00021F4FE4143EA04230B430364036C9268F7
:1093B00003F07F3313430364FF2343620020F0BDB7
:1093C0000A25B3FBF5F405FB1433016C43EA0413DF
:1093D00021F07C5141EA036303640A259379066C0A
:1093E000B3FBF5F705FB173326F07F1643EA0713A7
:1093F0001768147926F4FE463E43DBB23343B4FBD0
:10940000F5F605FB1644517944EA0614E4B243EA42
:109410000443B1FBF5F405FB141141EA0411C9B290
:1094200043EA0123C1E7036C43F080430364036C08
:10943000147C23F0706343EA046303640029CCD0F6
:10944000A4E7F0B583695B065CBF00231360CA2301
:10945000436253234362D368002B58D1836C23F0BB
:1094600080438364137CF9B1816C21F07C5141EA23
:109470000363836414689379816C2343147921F026
:109480007F1143EA0443547921F4FE4143EA042363
:109490000B438364836C926803F07F3313438364CC
:1094A000FF2343620020F0BD0A25B3FBF5F405FB62
:1094B0001433816C43EA041321F07C5141EA0363C5
:1094C00083640A259379866CB3FBF5F705FB1733A4
:1094D00026F07F1643EA07131768147926F4FE4630
:1094E0003E43DBB23343B4FBF5F605FB164451793A
:1094F00044EA0614E4B243EA0443B1FBF5F405FB85
:10950000141141EA0411C9B243EA0123C1E7836C93
:1095100043F080438364836C147C23F0706343EADC
:10952000046383640029CCD0A4E74FF47A7313B5A5
:1095300001930246C06810F040001CD14FF0E021BA
:10954000D36843F08003D360D368C3F38013019CD6
:1095500004B10BB102B010BD0B69DB0342BF019B2C
:1095600003F1FF330193D368019CC3F38013002CF4
:1095700008BF0120EBE70020ECE74FF47A7213B547
:109580000192C268034602F0800262F0A002C2604B
:10959000C2684FF0E0210020C2F34012019C74B970
:1095A00001280AD04FF47A724FF0E0210192DA6874
:1095B000C2F34012019C04B192B102B010BD002A66
:1095C000EED00A69D40342BF019A02F1FF32019240
:1095D000DA68019CC2F34012002C08BF0120DDE7CD
:1095E0000A69D20342BF019A02F1FF320192DA689E
:1095F000019CC2F34012002C08BF0120DAE7F8B545
:1096000004461546836991B913F040034FF0CA012F
:109610004FF0530209D061626262FFF786FF0128B2
:109620002CD10120FF236362F8BD2B60F3E7CA2130
:10963000532213F0400308BF2B6041624262FFF7E0
:1096400074FF0128EDD02968AB7922680B43297992
:1096500022F07F1243EA0143697922F4FE4243EA91
:10966000012313432360E36823F08003E360A369CD
:109670009B0629D42046FFF780FFD3E70A202668FF
:10968000AB7929796A7926F07F162D68B3FBF0F75C
:1096900026F4FE462E43B1FBF0F500FB173300FB2A
:1096A000151143EA0713DBB241EA0511C9B233438E
:1096B00043EA0143B2FBF0F100FB112242EA01123E
:1096C000D2B243EA0223CDE70020ABE700234FF0FC
:1096D000FF320380C0E90223436003617047002327
:1096E000C0E90033C0E90233C0E90433C0E90633FE
:1096F000704738B5044648B1F5F7BEFCA0230546CF
:109700005C43F5F7B9FC431BA342FAD338BD70475D
:1097100040B1C368587810F001001EBF1878B0FA45
:1097200080F04009704710B5C36804465B78DB07DA
:109730000BD5836963B19847002805DB0020E368F7
:109740005A786FF300025A7010BD4FF0FF30FBE7FC
:109750006FF08500F8E77FB50BAB059303930A9B89
:109760000122029300231846CDE90033ECF7CAFD2D
:1097700007B05DF804FBEFF31183102383F3128825
:10978000BFF36F8FFEE708B5FFF7F5FF10B543692C
:10979000044633B90020E268537843F00103537064
:1097A00010BD98470028F5D00028B8BF4042FF28D8
:1097B000A8BFFF20E3681870EDE701F08DBC01F051
:1097C00064BCC3685B78DB0701D4FFF7DFBF6FF0D1
:1097D000770070472DE9F04F054689B0DDE9126842
:1097E00005924346324606A80F4605F1140A00F0DA
:1097F0001AFEDDE90634CDE90234EFF311844FF0AF
:10980000100989F31288BFF36F8F05F10C0B3946ED
:109810002846059A149B984730B184F31188BFF30A
:109820006F8F09B0BDE8F08F56EA0806F5D0DDE984
:10983000022306A800F01CFEDDE906685A46214610
:109840005046CDE90068F7F735F9EFF3118489F355
:109850001288BFF36F8FDAE710B400F10C04C0E98F
:109860000344002404755DF8044BFCF796BD38B53D
:109870000446EFF31185102383F31288BFF36F8F33
:10988000FCF776FC04F10C0000F0A0FB30B1294697
:1098900004F11400BDE83840F7F7A0B985F311884A
:1098A000BFF36F8F38BD8169C26842EA010313F0CC
:1098B00003030FD103614369013B03FB0122002B2A
:1098C00001DA002070470169013B11608169026182
:1098D000521AF4E76FF015007047EDF7A3BFFDF7DC
:1098E0000EBB00BF7047102408B5EFF3118384F35B
:1098F0001288BFF36F8FFDF70CFBF6E7D0E900325B
:1099000013605A600023427BC0E9003322F0020258
:10991000427383607047C0E9032303FB02120023F4
:10992000436280F83030037200F12803C0E9062159
:10993000C0E90000C0E90A33416101627047F8B52F
:109940000746A1FB02040D46164634B9F8F728F87D
:10995000014628B96FF00B0001E06FF01500F8BD6B
:10996000334638462A46FFF7D6FF0123204687F8BC
:109970003030F4E7C3680B6003694B60436A8B6067
:109980007047034610B50846EFF31184102282F3A6
:109990001288BFF36F8F5A6A4AB1DA68D96901F049
:1099A00074FB002084F31188BFF36F8F10BD6FF03C
:1099B0002200F7E770B5134604460846EFF3118618
:1099C000102282F31288BFF36F8F626A9A4211D914
:1099D000D4E90651E2686D1A53439D429CBF616908
:1099E0005B1B194401F051FB002086F31188BFF383
:1099F0006F8F70BD6FF02200F7E7F8B50446EFF304
:109A00001186102383F31288BFF36F8F0568A84275
:109A100031D02DB32846FFF771FF05F1180000F093
:109A2000D4FC6FF022072846C5F8C07000F069FA30
:109A30002568AC420AD100236362236AE3613146A0
:109A400004F10800BDE8F840F7F7C8B83DB1284672
:109A5000FFF754FF05F1180000F0B7FCE3E701251C
:109A600000236362236AE361002DE8D186F3118845
:109A7000BFF36F8FF8BD00234362036AC361F5E74C
:109A800090F90E308B4201D0F7F736B800207047BE
:109A900003460020C3E90033C3E902007047D0E960
:109AA000003213605A600023427BC0E9003322F089
:109AB00002024273836070472DE9F04190460446EC
:109AC0000D469DF81820EFF31186102181F31288BE
:109AD000BFF36F8F02B14568224652F80C7F974260
:109AE00017D0B7B13846FFF7DAFF07F1180000F0DA
:109AF0006CFC00233846C7F8C030C7F8108000F06F
:109B000000FA04F108003146F7F768F80020BDE8D4
:109B1000F081A3B10820F7F743FF002838D00122D5
:109B2000C0F804800260016801F003015DB9226899
:109B30000A430260626820606AB960600BE04046D8
:109B4000C8F80030EFE72A68032A16D80160616878
:109B500069B9C4E90000042104F1140000F0D5FD46
:109B60000028CED186F31188BFF36F8FCFE70A6844
:109B700002F0030202430A60DFE722F003020A4315
:109B800002602A6802F0030240EA02032B60E2E767
:109B90006FF00B00E6E710B5044630B1026893079A
:109BA00003D0446809B100F069FE204610BD0023CF
:109BB000C0E90033037200F10C03C0E9033300F184
:109BC0001403C0E905337047F8B50546EFF3118675
:109BD000102383F31288BFF36F8FC46800F10C0366
:109BE0009C4200F1140719D0C4B12046FFF757FF7B
:109BF00004F1180000F0E9FB00232046C4F8C0304F
:109C0000236100F07EF90821384600F07EFD3146E0
:109C100005F10800BDE8F840F6F7E0BF0821384636
:109C200000F073FD0028F2D186F31188BFF36F8F27
:109C3000F8BD012307B50A4600930021FFF73CFF5A
:109C400003B05DF804FB07B50A460021012300912B
:109C5000FFF732FF03B05DF804FB00210068FFF757
:109C60009ABF00214068FFF796BF5AB18A4209D3D4
:109C700000F11003C0E90212C0E90000C0E904339A
:109C8000002070476FF0150070470023C0E90311F2
:109C900001EB8201C0E9000003724161704738B5F1
:109CA000054688000C46F7F77BFE014638B128468A
:109CB0002246FFF7EAFF012300202B7638BD6FF024
:109CC0000B00FBE72DE9F04106460F46EFF3118844
:109CD000102383F31288BFF36F8FD0E904329342CD
:109CE0002BD00468A0421ED0ECB1D4E9003200258C
:109CF00013605A60637BC4E9005523F00203637369
:109D0000A56004F1180000F060FB2046C4F8C050C4
:109D1000276100F0F6F806F108004146F6F75EFF0D
:109D20002846BDE8F08100201F60336904333361A9
:109D300088F31188BFF36F8FF3E76FF00B00F7E73D
:109D4000012302688B4022EA0303036022FA01F038
:109D500000F00100704710B5032104460C30FFF7F6
:109D6000EFFF30B104F1100000F02FFBB0FA80F0EB
:109D7000400910BD28B1002200F58A70114600F09C
:109D800071B9704773B50446EFF31185102383F35F
:109D90001288BFF36F8F0023A0F11006032104384F
:109DA0000193FFF7CDFF28B1A369304601A90193C4
:109DB000F6F7E2FA85F31188BFF36F8F02B070BD3A
:109DC00038B504460D461022002101F085F9656082
:109DD00038BD13B501900846EFF31184102383F3C7
:109DE0001288BFF36F8F01A9F6F7C6FA84F31188C2
:109DF000BFF36F8F02B010BD10B5FFF7EAFF041E6E
:109E000008DDEFF31180102383F31288BFF36F8F07
:109E1000F6F714FF204610BD38B530220D4600215C
:109E2000044601F059F94FF480736560E36038BD72
:109E3000D0E9003213605A600023427BC0E900334E
:109E400022F00202427383607047C0E900000020E4
:109E50007047EFF30580003818BF0120704790F974
:109E60000E0070478830704708B50B4600F1880136
:109E7000184600F01BFE002008BD10B50024037337
:109E8000C0E90644846042738173C47310BDD0E995
:109E9000003213605A600023C0E90033704708B5F0
:109EA000FFF7F5FF437B23F0020343730023836036
:109EB00008BD38B504460D46F6F704FD637B43F054
:109EC00002036373E5B1A5602B689D4209D16B68FD
:109ED000C4E900531C606C6012E06A689A42F6D0D4
:109EE0001B68002BF3D094F90E2093F90E108A42D0
:109EF000F3D09142F1DD5A68C4E9003214605C602D
:109F000038BD10B5EFF31184102383F31288BFF32B
:109F10006F8FF6F795FC84F31188BFF36F8F10BD38
:109F200008B5EFF31181102282F31288BFF36F8F0F
:109F300083680BB1FFF7B3FF81F31188BFF36F8F15
:109F400008BD38B5EFF31184102383F31288BFF3F3
:109F50006F8F002390F87050427B80F870302DB1E5
:109F600021B184F31188BFF36F8F38BD12F0280F31
:109F7000F7D183680BB1FFF792FF437B23F0040313
:109F80004373F6F75DFCECE701211838FFF7D9BF02
:109F900008B50346EFF31181102282F31288BFF354
:109FA0006F8F0068834207D008B1FFF778FF81F315
:109FB0001188BFF36F8F08BD0020F8E710B5FFF7D9
:109FC000AFFFBDE81040183000F0FFB938B50546C6
:109FD00004680020AC4200D138BD002CFCD02046E3
:109FE000FFF7ECFF2046FFF78CFF2C680120A5420D
:109FF000F1E738B504460D46F6F708FFB5F1FF3F27
:10A0000008BFB4F1FF3F0346204614D013F1090006
:10A010004FEAE37141F100010A2871F100030BD30B
:10A020006FF00A0383424FF004038B4106D30A22E8
:10A030000023E7F719F838BD0020FCE76FF0004077
:10A04000F9E7C117633008B54FF064024FF0000321
:10A0500041F10001E7F708F8C117F6F7D7FE6423CE
:10A06000584308BD38B5EFF31185102383F31288E8
:10A07000BFF36F8F0468A04213D0A4B1C4F8C0101E
:10A0800022612046FFF70BFF04F1180000F09DF954
:10A090002046F6F7D5FB012085F31188BFF36F8FBB
:10A0A00038BD0020F8E72046F6E72DE9F0410546E7
:10A0B0000E461746EFF31188102383F31288BFF37F
:10A0C0006F8F0468A0420FD1002088F31188BFF37E
:10A0D0006F8FBDE8F08139462046B0470028F4D1A3
:10A0E0006B68A342F0D02468002CF4D1ECE7F0B503
:10A0F00085B006461546DDE90A2302A80C4600F0A5
:10A10000B7F9DDE9021251EA020326D02046002702
:10A110002368013340F8183B0C9B1F70CDE90012F7
:10A1200032462968F6F7C6FCEFF31183102282F35A
:10A130001288BFF36F8F2B60226894F82C30013A9D
:10A140009907226002D51AB16FF08B0005B0F0BDFF
:10A1500023F0020384F82C30F6E76FF00A00F5E7ED
:10A1600038B5044600200022054611462046FFF778
:10A1700079FF0028F7D1284638BD0023426101222B
:10A18000C0E9023303610360037600F11C03C0E9F8
:10A19000073300F12403C0E9093300F13003C0E9BB
:10A1A0000C33416080F82C2070472DE9F04F2DEDE5
:10A1B000028B8DB005469046DDE9182308A804916E
:10A1C00000F031F99DED088BEFF31183102282F33B
:10A1D0001288BFF36F8F0B93002395F82C408DF8F6
:10A1E0002B3014F0020440F0968095F82C60F64372
:10A1F00016F0010640F09280EA896B899A425ED19E
:10A200002B68002B5BD0B24605F11C03A8EB040BB6
:10A210000593EF69059B9F423ED0002F3CD0D7F8B5
:10A220001090ABEB0601D9E90123D21A8A4228BF6C
:10A230000A46D9F8001004980691A119014406981D
:10A240000792184400F021FFD9F80810079A164425
:10A250000A44D9F80410C9F808208A421CD3D7E967
:10A2600000210A6051607A7BC7E900AA22F002024D
:10A270007A73C7F808A007F1180000F0A6F838466E
:10A28000C7F8C0A0C7F810A0FFF73BFE4FF00103CE
:10A29000B3458DF82B30BCD83444A0450FD82646A2
:10A2A0009DF82B30002B3CD00B9905F11800F6F7E8
:10A2B00095FC30460DB0BDEC028BBDE8F08F20213F
:10A2C00005F1300000F021FA9DF82B30A8EB0402D4
:10A2D0001843049B8DF82B001919281DFCF7E4FA8C
:10A2E0000444A04501D14646DAE70DF12B038DED7C
:10A2F000008B294602930BAA05F12400FFF7F7FE15
:10A30000064600283FF471AF10F10B0FC8D1002CA6
:10A3100018BF2646C4E76FF08B06C1E76FF01F0633
:10A32000BEE70B9B83F31188BFF36F8FC1E738B58E
:10A330000446EFF31185102383F31288BFF36F8F68
:10A340000023C0E90233036103685BB190F82C304D
:10A350001C3043F002030374FFF702FF04F12400F2
:10A36000FFF7FEFE85F31188BFF36F8F38BD38B558
:10A370000446EFF31185102383F31288BFF36F8F28
:10A3800000231C300374FFF7EBFE04F12400FFF7F9
:10A39000E7FE85F31188BFF36F8F38BD08B502461D
:10A3A000F6F7D6FF70B1D0E904319B1A61EBE27287
:10A3B000B3F1004F72F1000104DA002AACBF184675
:10A3C000002008BD6FF00040FBE7024638B5EFF310
:10A3D0001185102383F31288BFF36F8F0368CBB10D
:10A3E000F6F7B6FF04461046F6F7C4FF00224FF01A
:10A3F00000438442C0E9042306D1F6F7B1FFFFF71A
:10A40000CDFF0021F4F79CFD002085F31188BFF3F8
:10A410006F8F38BD6FF01500F7E708B5F7F7AEF8A6
:10A4200008BDF7F7ABB8B3F1FF3F08BFB2F1FF3F8C
:10A4300070B506461D46144614D01A4316D0002B9C
:10A4400008DBF7F79BF8041941EB0501C6E9004169
:10A45000304670BD6FF001031C1B4FF0FF3363EB00
:10A460000501F3E74FF0FF342146EFE70024FBE757
:10A47000B3F1FF3F08BFB2F1FF3FF8B507461646FC
:10A480001C4610D054EA020311D0F7F777F8B04217
:10A490000A46A14103460AD2F31A64EB0204C7E953
:10A4A00000343846F8BD4FF0FF331C46F7E7002371
:10A4B000FBE70023C0E9081200F11802C0E90622F8
:10A4C000C0E9003303634363704710B50446FFF7E8
:10A4D0007CFFA8B9636A0BB12046984704F11800C5
:10A4E000FFF756FD60B1FFF70CFDEFF3118010236D
:10A4F00083F31288BFF36F8FBDE81040F6F79EBB61
:10A5000010BD0346EFF31182102181F31288BFF3CF
:10A510006F8F0021006B196382F31188BFF36F8F77
:10A52000704770B5D0E90034984209D044B1A568AD
:10A53000EDB115F9526C12F9525CB54208D007DD45
:10A54000C1E900042160416010E0A342F8D01B681B
:10A55000002BF5D09A6862B112F9522CAA42F4D0BD
:10A56000F3DD5A68C1E900321160596070BDAB7B00
:10A57000FFDE937BFCE72DE9F84F00250F461446DC
:10A58000984601462E464FF0100AA946BD4202DB0E
:10A590003046BDE8F88FEFF3118B8AF31288BFF3D2
:10A5A0006F8F4B7B03F03F03082B09D853B1013B5E
:10A5B000072B07D8DFE803F0281C06220606062E24
:10A5C000102B2DD0B8F1000F3BD12378002B38D0C1
:10A5D0004B7B03F03F03082B3AD8002B3AD0013BCA
:10A5E000072B37D8DFE803F04339363F3636364697
:10A5F0000B699B68002BE5D0022317E00B691B68F1
:10A60000002BDFD0042311E00B699B68002BD9D00D
:10A6100001230BE00B695B6A002BD3D0102305E00C
:10A620000B69DA895B899A42CCD02023CA68C1F8C9
:10A630000890C2F38630034363F39432CA6084F80F
:10A6400000908BF31188BFF36F8F013514319DE7B4
:10A65000102B13D08C600136F3E7224608691030C6
:10A66000FFF75FFFF6E7086922461430F8E7224655
:10A670000869F5E7086922462830F1E708692246AB
:10A680003030EDE72DE9F041846805460E46D4B13F
:10A690006378012B22D114F8533C9A0711D5A4F109
:10A6A00060073846FFF78AFC082E0CBF6FF00303E3
:10A6B0000023236614F8533CDB0602D13846FFF72B
:10A6C00020FC002323700020EB68A860C3F38632CF
:10A6D000164366F39433EB60BDE8F081022BF0D1B2
:10A6E0002378002BEDD054F8048CB8F1000FE8D09B
:10A6F00004F11400FFF769FE0023A4F114073946A2
:10A700004046E362FFF765FBDBE738B5EFF3118501
:10A71000102383F31288BFF36F8F0468A04211D017
:10A72000D4E9003213605A6000232046C4E90033A4
:10A73000FFF7A8FF85F31188BFF36F8F201E18BFA6
:10A74000012038BD0024F5E70023C0E90000836044
:10A75000704700238360704783680B60C368136091
:10A7600070472DE9F3470646DDE90A9817460C467F
:10A77000E1B102F0010AF6F7A9FB0546EFF31181FA
:10A78000102383F31288BFF36F8FBB0744BF0023EE
:10A79000B360B36803EA0402BAF1000F0AD094422E
:10A7A0000AD181F31188BFF36F8F1C40204602B09D
:10A7B000BDE8F087002AF4D159EA080305D181F3F6
:10A7C0001188BFF36F8F0023EFE7C5E91A473246C0
:10A7D000CDE9009806F10C00F6F76CF90028F2D1EB
:10A7E000AB6EE2E710B5C46E826E4B68E40703EA15
:10A7F00002030BD59A420BD1012380F870300B680D
:10A80000436608601830FFF7E0FD01E0002BF3D14C
:10A81000002010BD0023C0E900008360037370476F
:10A820000A46F7F75DB84FF0FF32F7F759B8F7F778
:10A8300057B80A460021F7F753B85200FFF791BF07
:10A84000002A0CBF01220322FFF78BBF043270B530
:10A8500004460ED2EFF31185102686F31288BFF35B
:10A860006F8F41F00401984785F31188BFF36F8F14
:10A8700008B9002070BD40F8044BFBE720B1011F70
:10A8800050F8040CFEF7F3BF7047D0F8A8304A68C0
:10A890009A4208BF086070477FB50BAB05930393DE
:10A8A0000A9B0122029300231846CDE90033EBF7FF
:10A8B00029FD07B05DF804FB20F02003413B192B74
:10A8C00005D9303809288CBF0020012070470120AD
:10A8D000704720F02000413819288CBF002001204B
:10A8E00070471F2804D9A0F17F0358425841704790
:10A8F00001207047303809288CBF002001207047A4
:10A9000021385D288CBF002001207047613819284C
:10A910008CBF00200120704720385E288CBF0020AB
:10A9200001207047202805D0093804288CBF00205A
:10A930000120704701207047413819288CBF002042
:10A9400001207047A0F13003092B07D920F0200027
:10A95000413805288CBF0020012070470120704736
:10A96000A0F14103192B98BF20307047A0F161037B
:10A97000192B98BF203870470021E6F70DBE0A2238
:10A980000021F7F74BBE0A220021F7F747BEF7F781
:10A9900083B8F7F79DB8014600220220F7F7B4B854
:10A9A0000139024410B5904201D1002005E003783E
:10A9B00011F8014FA34201D0181B10BD0130F2E77E
:10A9C0002DE9F0419BB1C91A1778044603F1FF3C09
:10A9D00001448C42204601D9002008E0057801346A
:10A9E000BD42F6D10CEB0405D618A54201D1BDE855
:10A9F000F08115F8018D16F801EDF045F5D0E8E786
:10AA000010B5044614F8013BA3F14102192A11F8CC
:10AA1000012BA2F1410098BF2033192803D820321E
:10AA2000981AEFD010BD981AFCD1002AEAD1F9E7A4
:10AA3000024610B5147813460132002CFAD1013BBE
:10AA400011F8012B03F8012F002AF9D110BDC9B26A
:10AA50000346184613F8012B12B18A42F9D1704708
:10AA6000002918BF0020704770B50646E6F744FB82
:10AA7000451C2846ECF7CCFF044618B12A4631465F
:10AA800000F003FB204670BD10B56AB1013984188F
:10AA900010F8012B11F8013F9A4203D1A04201D0D6
:10AAA000002AF5D1D01A10BD1046FCE710B50139C7
:10AAB000044632B111F8013F013A00F8013B002B86
:10AAC000F7D1002100F008FB204610BD02460144EA
:10AAD00010B58A42134603D01C780132002CF8D1FD
:10AAE000181A10BD38B511F0FF0403460ED12146E7
:10AAF000BDE83840FFF7ABBF431C0546214618466A
:10AB0000FFF7A5FF0028F7D1284638BD0025F5E757
:10AB10000A7870B56AB970BD9A4209D10C460546EB
:10AB200014F8013F002BF6D015F8016F9E42F7D0C4
:10AB300001300378002BEFD11846ECE7F0B504465E
:10AB400008B9146844B120460F4614F8015B17F8A1
:10AB5000016B1EB965B91560002005E0B542F6D15C
:10AB6000002BF0D114600370F0BD1C460CE015B949
:10AB700014F8013B0E4616F8015BAB42F7D1002BEF
:10AB8000F3D0002304F8013C1460EDE783070FD1F4
:10AB9000642290FBF2F302FB13035BB94FF4C8731A
:10ABA00090FBF3F203FB1200B0FA80F0400970470B
:10ABB00000207047012070472DE9F047C3F13709A5
:10ABC0000746884603F01F055FFA89F916464FF0DD
:10ABD000000A384641462A465346E6F745FA4346B8
:10ABE000D4B23A4688460746092C84BF4C44E4B2A6
:10ABF000AA4204F1300473EB0A0306F8014BE8D2D1
:10AC00003046BDE8F08710B50C4600F03DFB00284B
:10AC1000A2BF23680133236010BDBDF8001068B1E6
:10AC200011F0100F01D00270704711F0080F02D020
:10AC3000C0E9002370474B0701D5026070478B06BF
:10AC4000FBD50280704710B5144600F063FB002866
:10AC5000A2BF236803F1FF33236010BD70B5054622
:10AC60000E4631462846FFF7CEFF041E09DB202C96
:10AC7000F7D0A4F10903042BF3D932462946FFF794
:10AC8000E2FF204670BD2DE9F04387B01C46174611
:10AC9000814602AB88460093D2E9022300F0AAF96C
:10ACA00004AB06460D46009348464146D7E90023CB
:10ACB00000F0A0F90027DDE90423901953EB05010A
:10ACC00028BF012737B1029B039A013342F10002EA
:10ACD000CDE90232403CDDE90223009400F0A5F901
:10ACE00007B0BDE8F0832DE9F843B0FA80F60029FB
:10ACF00080460F46A1EB060606F1070625DB08464F
:10AD0000F9F7A8F906443846F41BF9F7A9F93946CA
:10AD1000221A40463D3200F05DF9B74213DC1F2C89
:10AD20006ADC4FF0FF33A34038EA03030CBF012471
:10AD30000024B0FA80F33546F31A9E33FE2B27DD4C
:10AD40004FF0FF4344E00124F3E74C422046F9F77B
:10AD500087F9351A2046A5EB0709F9F781F921464D
:10AD60002E4609EB000240463C3200F020F9AF428B
:10AD700032DCB9F11F0F3FDC4FF0FF3303FA09F368
:10AD800038EA030329D0B0FA80F30024EB1A9E338B
:10AD9000002B23EAE372D4BF012313465B1BA3F10C
:10ADA0009705963B20FA05F120FA03F3C90725D54C
:10ADB00044B14FF0FF31A94020EA010003F0010146
:10ADC00008431BD00133C3F31603D3B143EAC25384
:10ADD00000EE103ABDE8F88300230521B8FBF1F23C
:10ADE00002EB8205A84502D101339046F6E79C426A
:10ADF0008CBF002401249CE700249AE7C3F31603C8
:10AE0000E4E70132E2E72DE9F04F061889B09946F0
:10AE1000154641EB010404AB3046DDF84CB0214649
:10AE20000093A9F1410AD2E9002300F0E3F806AB50
:10AE300007468846304621460093D5E9022300F0B4
:10AE4000D9F80022DDE90463841951EB0306069B5F
:10AE500028BF0122D5E90001D218079B43F1000366
:10AE6000381848EB0101B84271EB0801E968039119
:10AE700038BF0120A96828BF0020CDF800A014EB3E
:10AE8000010C039946EB010110EB0C0041F10001AC
:10AE9000A04271EB060C34BF4FF0010C4FF0000CD8
:10AEA000CDE906231CEB020243F1000300F0BDF8DC
:10AEB000129BC3E90001149B012BDDE9062329D174
:10AEC000D5E90201D5E900C5201ACDF800A066EB4E
:10AED0000101674578EB050534BF01250025401BBE
:10AEE00061F10001844276EB010534BF01250025A4
:10AEF000521B63F1000300F098F8DDE90623CBE96B
:10AF0000000120463146CDF800A000F08EF809B0CF
:10AF1000BDE8F08F17EB070E48EB080C201946EB45
:10AF20000601BE457CEB080834BF01270027C7197E
:10AF300041F10008D5E9000186457CEB010C34BFE6
:10AF400001200020D5E90215381A68F1000C401ADA
:10AF50006CEB050192185B41A74278EB060534BF04
:10AF600001250025521943F10003874278EB0108BF
:10AF700034BF01250025521BA9F140050095B8E713
:10AF800010B5A3FB00430299A2FB0020001943F176
:10AF900000033F29DBBFA1F12002C1F1400140398C
:10AFA0008B40D6BFD04023FA01F0184310BD30B516
:10AFB00087B004460846154602A9F9F7EBF8049B4A
:10AFC000204600955A1C059B43F10003FFF7D8FF6C
:10AFD00007B030BD30B587B015460446084602A913
:10AFE000F9F766F820460095DDE90423FFF7C8FF6E
:10AFF00007B030BDF0B50F460446A0FB0201059E28
:10B00000A7FB02524919A3FB0445A7FB037342F1B6
:10B010000002611845F10004D21943F1000312192E
:10B0200043F10003C6E90023F0BDF0B5059CC4F16F
:10B030004007C4F12006A4F12005E04002FA06F61C
:10B04000BB4022FA05F5BA403343C4F120062B4336
:10B0500001FA06F6A4F12005304321FA05F5E14096
:10B06000284319431043F0BDB1EEC00A7047C9B27E
:10B070000346024410B59342184601D1002003E074
:10B08000047801338C42F6D110BD0A44431E91422C
:10B0900000D1704710B511F8014B914203F8014FF0
:10B0A000F9D110BD884210B501EB020402D98442E7
:10B0B000234607D8431EA14208D011F8012B03F8FC
:10B0C000012FF8E7024401468A4200D110BD13F86F
:10B0D000014D02F8014DF7E702440346934200D1C7
:10B0E000704703F8011BF9E710B591FBF2F402FB7E
:10B0F00014110460416010BD07B501A9FAF7D6F834
:10B1000003B05DF804FB2DE9F04F55EC104BA4465D
:10B11000C5F30A540346084644EA0C072946C5F31A
:10B1200013053026E14657EA0508AE465E7174D134
:10B130000024A1421C716EDA0121A04219714FF066
:10B1400000041ADA204603F112060D25C2F1570257
:10B150004FF0300C07F00F013F0947EA0E774FEA36
:10B160002E1E002940F08780A84201DB86F800C02F
:10B17000013D06F1FF36EDD176E00C2868DCC0F128
:10B180000D010126890001F1FF3EA1F12108C1F165
:10B19000210706FA08F826FA07F706FA0EF648EA33
:10B1A000070816EB060A48EB080BDAF100076BEB11
:10B1B0004B0E1AF1FF3A4BF1FF3B0AEA0C0A0BEA7D
:10B1C000050B564578EB0B0B11DBC1F1200BB1F1F0
:10B1D000200A2CFA01F105FA0BFB58BF45FA0AFACE
:10B1E00041EA0B0158BF41EA0A01C90724D51CEB0B
:10B1F000060C45EB0805E146B5F5801F1CDB5979C7
:10B20000B4F5806F01F10101597127D007EA0C07ED
:10B210000EEA050E97E7002891E75CB13126C90FC9
:10B220000028A4F2FF345E7119710FDB0C28A6DD33
:10B230000D2005E00124F2E707EA09090EEA0505F9
:10B24000B4F5806F06D04F46AE467CE70020F7E7A6
:10B250000D2078E759EA05051A7908D01A794FF4D4
:10B26000806442F008021A711C60BDE8F08F42F061
:10B2700004021A71F8E70929D4BF30318918A842AD
:10B280003170B8BF284673E710B583780446DB07F2
:10B2900017D54FF00002D4E85F3FC4E8512F0029D2
:10B2A000F9D19BB213B1581EC0B20CE0A368984705
:10B2B0000028F9DA0130A37814BF082204221343CE
:10B2C000A3704FF0FF3010BD02690346107810B133
:10B2D00001321A6170476FF001007047D1E9043202
:10B2E00093421EBF5A1C0A611870704738B58B789C
:10B2F0000D469B0709D5C4B24B68204698470028E5
:10B3000006DAAB7843F00403AB704FF0FF3038BD82
:10B310002046FCE78B78DA0702D44FF0FF30704705
:10B32000431CFAD0C0B2431CD1E8DF2F002A04D15D
:10B33000C1E8DC3FBCF1000FF6D1EED18B7823F0F1
:10B3400008038B7070477047014800687047000021
:04B350003C17002086
:08B35400805DFE7F0100000096
:10B35C0000000000CCB40108FD5E000800000000F5
:10B36C0029FC00080000000085FC0008000000001B
:10B37C00A9FC00080000000000000000ECB401086B
:10B38C0000000000ACB50108000000004CB501083D
:10B39C00000000004CB60108000000002CB60108AB
:10B3AC00000000000CB6010800000000ECB501081C
:10B3BC0000000000CCB50108000000008CB50108AD
:10B3CC00000000006CB50108000000000CB501087D
:10B3DC00000000002CB5010800000000ECB60108CC
:10B3EC0000000000CCB60108000000006CB601089B
:10B3FC00000000008CB6010800000000ACB601088B
:10B40C00000000002CB70108000000000CB7010878
:10B41C00EDB2000800000000A9EE000800000000DA
:10B42C00175D010800000000C7690108000000005A
:10B43C00CD790008000000000102010800000000A6
:10B44C00000000004CB7010800000000ECB7010838
:10B45C0000000000CCB7010800000000ACB70108E8
:10B46C00000000006CB7010800000000ECB80108F7
:10B47C0000000000CCB80108000000008CB80108E6
:10B48C00000000006CB80108000000004CB8010876
:10B49C00000000002CB8010800000000ACB8010846
:10B4AC00000000000CB80108000000008CB7010877
:10B4BC00000000000CB90108000000002CB90108C4
:10B4CC00874F030800000000C4BA0108FE100020DA
:10B4DC000000000031B00008000000000000000077
:10B4EC0003590308A4D7010880BA010830110020C1
:10B4FC000000000000000000000000000000000040
:10B50C006D4603080000000000000000F61000204B
:10B51C00681700200D7101080000000000000000F9
:10B52C00B052030894D30108F0B9010806110020A9
:10B53C00DC190020B9B80008000000000000000071
:10B54C001C54030824D4010838BA01080C1100203B
:10B55C00C41B0020C1CA000800000000000000004D
:10B56C003E54030838D4010838BA01080E110020E3
:10B57C00D81B0020C1CA0008000000000000000019
:10B58C00605403084CD4010838BA0108101100208B
:10B59C00EC1B0020C1CA00080000000000000000E5
:10B5AC008254030860D4010838BA01081211002033
:10B5BC00001C0020C1CA00080000000000000000B0
:10B5CC00A454030874D4010838BA010814110020DB
:10B5DC00141C0020C1CA000800000000000000007C
:10B5EC00C654030888D4010838BA01081611002083
:10B5FC00281C0020C1CA0008000000000000000048
:10B60C00E85403089CD4010838BA0108181100202A
:10B61C003C1C0020C1CA0008000000000000000013
:10B62C000A550308B0D4010838BA01081A110020D1
:10B63C00501C0020C1CA00080000000000000000DF
:10B64C002C550308C4D4010838BA01081C11002079
:10B65C00641C0020C1CA00080000000000000000AB
:10B66C006F4F03083CD2010800000000FC100020C2
:10B67C00000000005F7801080000000000000000DE
:10B68C00DC5203087001002018BA010808110020D0
:10B69C000401002045C2000800000000000000006A
:10B6AC00E2590308A8D7010890BA0108321100200A
:10B6BC00BC1D0020D9DC00080000000000000000C8
:10B6CC00665A0308C4D70108E0BA010834110020F7
:10B6DC00E00100209DE500080000000000000000D3
:10B6EC008A5A030824D80108E0BA01083611002050
:10B6FC00F80100209DE5000800000000000000009B
:10B70C002150030864D20108B4B9010800110020CB
:10B71C00941900203DB50008000000000000000056
:10B72C004950030898D20108B4B90108021100204D
:10B73C00C81900203DB50008000000000000000002
:10B74C00B54803084CD001084CB90108F81000208A
:10B75C0000000020A592000800000000000000007E
:10B76C00E75003081CD30108E8B9010804110020B4
:10B77C0045030020ADB700080000000000000000E9
:10B78C00925303080000000020BA01080A1100209F
:10B79C007C010020D17F01080000000000000000A7
:10B7AC00E7550308D8D4010860BA01081E1100201F
:10B7BC00781C002011CC00080000000000000000E4
:10B7CC000856030820D5010860BA01082011002092
:10B7DC00E41C002011CC0008000000000000000058
:10B7EC002956030868D5010860BA01082211002007
:10B7FC00501D002011CC00080000000000000000CB
:10B80C005C580308F4D5010878BA0108241100200B
:10B81C009801002045D60008000000000000000040
:10B82C005C58030824D6010878BA010826110020B8
:10B83C00A401002045D60008000000000000000014
:10B84C005C58030864D6010878BA01082811002056
:10B85C00B001002045D600080000000000000000E8
:10B86C005C5803089CD6010878BA01082A110020FC
:10B87C00BC01002045D600080000000000000000BC
:10B88C005C580308DCD6010878BA01082C1100209A
:10B89C00C801002045D60008000000000000000090
:10B8AC005C5803081CD7010878BA01082E11002037
:10B8BC00D401002045D60008000000000000000064
:10B8CC00885B03087CD80108B8BA0108381100203D
:10B8DC0010020020E1E7000800000000000000005A
:10B8EC00A95B0308DCD80108B8BA01083A1100209A
:10B8FC0088020020E1E700080000000000000000C2
:10B90C00414F030884D1010858B90108FA100020EE
:10B91C00E81700204DAD00080000000000000000FA
:10B92C00C61D03087CCF010800000000F4100020A5
:10B93C0000000000115F0008000000000000000083
:0CB94C00798F0008F9930008E40C00005B
:10B95800D5750108AD9F0008C1A90008C9A0000855
:10B96800499F000831A4000899A70008D5A8000835
:10B97800DD7501084776010881AE000839760108AF
:10B988000100000002000200010080000000000128
:10B998008000000247750108010000000100010055
:0CB9A80001001000000020001000200032
:10B9B400A77A0108B77A0108CF7A010800000000CD
:10B9C400DB7A0108C5B300083DB30008E57A010835
:10B9D4007F7C0108C77A0108597B01085F7B010855
:04B9E400677B010874
:08B9E80051B6000805B7000884
:10B9F00035BD0008B9BC0008897E010835BC0008C7
:10BA000029B9000841B8000875B800080000000016
:08BA100000000000000000002E
:08BA1800EDC10008ADC30008F8
:10BA200059C50008E1C6000861C6000839C500080C
:08BA300041C50008C1C900086E
:10BA3800DF810108478001085380010865800108FB
:10BA48006F8001087980010811CA00088780010801
:08BA58000000000000000000E6
:10BA60007DCB000805CB00089B830108A5CE00080C
:08BA700011850108000000002F
:08BA780069D300087B87010877
:10BA8000B1870108D1870108ED8701080B880108FB
:10BA900081D80008E9DB000889DA00087DDF0008AA
:10BAA00029D90008DDDA000839DB000800000000B1
:08BAB00055DE00083DD8000836
:0CBAB80049930108339301089D8F010899
:10BAC40003790108477901080000000051AF00081C
:0CBAD400DF7901080000000091790108F2
:10BAE000578B0108BB8A01088F88010869E40008A8
:10BAF000D1890108638A0108158B0108E9880108CA
:10BB0000FF880108BD890108158901082B890108F2
:10BB1000B189010841890108CDE100085DE2000812
:0CBB2000F18A01084D89010851890108D3
:10BB2C00C248030803000000CC48030803000000CF
:10BB3C007C49030803000000634E03080300000067
:10BB4C004E4F0308030000002D1D030803000000E6
:10BB5C005750030803000000F450030803000000D2
:10BB6C00BD5203080300000054210308010000002B
:10BB7C00C91F030803000000AC53030803000000B6
:10BB8C00FA530308030000003A55030803000000B1
:10BB9C0036560308030000007D560308030000001E
:10BBAC007A57030803000000772503080100000002
:10BBBC002846030801000000D0E60108030000003D
:10BBCC00291E030803000000241F030803000000C3
:10BBDC000BE7010803000000C7580308030000002E
:10BBEC00EF59030803000000BAE501080300000048
:10BBFC00251E030803000000B65B030803000000C9
:10BC0C00C152030803000000111E030803000000CA
:10BC1C00D61D0308030000009A5A03080300000015
:10BC2C00D4CF0108C0000020131F0308010000003E
:10BC3C00040000000F0000000100000008000000DC
:10BC4C002400000074000000840000000D000000BF
:10BC5C000C0000000E0000005000000088000000E6
:10BC6C00BC00000008000000FFFFFFFF49000000BF
:04BC7C00FFFFFFFFC8
:10BC800014E1010800030020A1E30108F50B0008FE
:10BC9000DEE20108650B0008F4E301082F1100083B
:10BCA0000BE30108B50B0008EBE20108D50A000818
:10BCB0007DE20108110B000801E40108FD0A0008FB
:10BCC000C7E30108E90A000810E40108390B00087D
:10BCD000BAE3010859080008ADE3010805060008A9
:10BCE0003FE3010895020008D2E20108550500086B
:10BCF0006FE30108610F000892E301089D0F00083F
:10BD000033E301083105000862E301085D02000821
:10BD1000A9E201087902000819E30108A905000851
:10BD2000B9E20108350E000899E20108C90F0008C0
:10BD3000D6E301081105000825E3010839020008CF
:10BD4000FAE201084D020008C5E201089905000861
:10BD50008CE20108250E0008E3E3010869100008E1
:10BD60008EE401082D6F01086AE20108615D010897
:10BD7000755803084CB80108605803082CB801082E
:10BD8000B2580308ACB80108475803080CB80108BA
:10BD90005A4F03086CB60108584603080CB5010851
:10BDA000B11D03082CB90108C75203088CB601085D
:10BDB000CD590308ACB601089B5203082CB5010805
:10BDC000A14803084CB701087D5303088CB701084C
:10BDD000345003082CB701080C5003080CB70108B5
:10BDE00015560308ECB70108F4550308CCB7010851
:10BDF000D3550308ACB701082D4F03080CB901084F
:10BE0000D35003086CB701086E540308ACB50108A1
:10BE1000085403084CB50108EF580308ECB40108B6
:10BE2000765A0308ECB60108525A0308CCB601084A
:10BE3000955B0308ECB80108745B0308CCB80108F3
:10BE4000185503084CB60108F65403082CB601082F
:10BE5000D45403080CB60108B2540308ECB5010829
:10BE600090540308CCB501084C5403088CB5010864
:10BE70002A5403086CB501089E5803088CB80108C1
:10BE80008A5803086CB80108744F0308CCB4010841
:10BE90007EE30108990200084CE30108250B000825
:10BEA00029E801084179000850E80108797900087B
:10BEB00068E70108B11A00085BE701089D46010820
:10BEC0004FE70108611F000842E7010879480108AF
:10BED00029E70108912600081BE70108E94B010842
:10BEE00036E70108512300080EE701083D4A010822
:10BEF00036E8010897A9010869E8010879A901084D
:10BF000075E801087FA901085DE8010887A9010813
:10BF1000D1E80108997A000803E7010881280008A0
:10BF2000F7E60108654D010844E80108ED1A01082B
:10BF3000E0E60108212C0008ECE6010829290008A8
:10BF4000D4E6010825440108C5E801087D7A000807
:10BF50000BE80108B9A80108DEE70108D3A8010829
:10BF6000CFE70108E3A80108C0E70108F5A8010828
:10BF7000B1E7010801A9010884E701080DA901083A
:10BF8000A2E7010819A901081AE8010825A9010872
:10BF900093E7010839A9010874E7010845A90108D8
:10BFA00045E6010835510108A4E60108992F00086B
:10BFB000B1E60108D9420008C9E60108392C000899
:10BFC000BDE60108D9400008EEE80108117A000832
:10BFD00018E901086FB0010842E90108A1A90108A8
:10BFE00001EA01088BB00108FCE80108C1A90108B9
:10BFF000F2E90108A5B0010834E90108D9B0010847
:10C0000099E60108993000082AE60108E9240108A8
:10C0100039E60108F5240108B9E801088FA90108EB
:10C02000DFE80108457A00088EE60108C93F0008EC
:10C0300082E601084950010876E601088D420108B0
:10C0400069E6010869B00108ACE8010893A9010894
:10C05000A5E9010801AA01085EE9010831AA010861
:10C060006CE901084FAA010897E90108D5100008FA
:10C0700050E90108E91000080AE9010869AA010865
:10C0800089E90108F9100008C6E9010889AA010830
:10C09000B7E90108ADAA01087AE90108CDAA0108AB
:10C0A000E3E90108E5AA0108D5E9010811AB010897
:10C0B0009EE801089915000826E90108C11B01083E
:10C0C00090E801081D26010881E8010809270108F8
:10C0D0005EE601087140000852E60108D9500108E7
:10C0E000FCE7010861A90108EDE701086DA9010855
:10C0F00019E60108153B010833E001084952000820
:10C1000093E10108E56E010877E10108576E010827
:10C11000F85C0308E39801084CE10108397700084E
:10C120005CE101081D77000839E10108617700082A
:10C1300024E10108D56E0108531D03087965010843
:10C14000461D03088B650108ACE10108DD9A000873
:10C15000A6E4010809790008BEE101087D6C010828
:10C16000CFE10108D36C010801E201081D68000855
:10C17000F1E101087F6C0108E0E10108A96C010808
:10C1800051E5010887970108543403087DA8010888
:10C190006BE10108539E01086BE10108539E010801
:10C1A000453A0308535D010810E6010875190108B6
:10C1B0001A3A03084B5D0108E8E5010817990108E0
:10C1C000CC390308435D01087D390308475D010848
:10C1D00003E60108650C0108F4E501088D0C01086F
:10C1E000DBE50108481400205EE50108B3A401085E
:10C1F00045E50108C19D01081FE50108199E0108D8
:10C20000D6E401083D040108E9E401081D05010820
:10C2100035E501081105010805E50108BD0401081F
:10C22000BFE40108F99D0108B0E50108F4BB01086D
:10C230005EE201085953000811E20108C5530008E5
:10C2400032E201083153000847E201081D5D010890
:10C250001BE201084D53000852E20108FD5200089C
:10C2600049E90108A1A9010808EA01088BB0010801
:10C270003BE90108D9B00108B8E40108F91D01083B
:10C2800023E60108C52401083F1D03085F65010876
:10C290004BE401080B68010836E4010877680108DF
:10C2A0007AE40108E96801086CE401082D690108D5
:10C2B0005FE40108A968010821E6010835250108A5
:10C2C000B0E401088D2501089FE40108DD2501087F
:10C2D00087E4010844D00108F62B030848D0010880
:10C2E000DC2B030844D001086BE50108F95F000866
:10C2F0008EE50108BD5F00089EE90108D510000821
:10C3000057E90108E910000890E90108F910000850
:10C31000CDE9010889AA0108BEE90108ADAA010812
:10C320001FE4010879F00008C35B0308A1F00008CE
:10C330004E2F03084F5D01084C470308957900080C
:10C340003E1D03085B650108D64503080000000098
:10C35000C645030800000000B045030800000000C7
:10C36000924503085D9B00087B450308759B000808
:10C370005F450308A19B0008444503080000000036
:10C3800029450308000000000D45030800000000D7
:10C39000F344030800000000D84403080000000034
:10C3A000C444030800000000AF440308000000007C
:10C3B00090440308000000007144030800000000DE
:10C3C00057440308000000003D440308000000003B
:10C3D00022440308000000000F440308000000008E
:10C3E000F343030800000000E3430308119A000828
:10C3F000CC430308CD9B0008B0430308399C0008D8
:10C400009C430308000000008643030801740108F0
:10C410006B430308277401085A4303080000000017
:10C420003A4303080000000019430308000000001D
:10C43000F842030800000000D84203080000000092
:10C44000B842030800000000974203080000000003
:10C450007642030800000000544203080000000078
:10C4600044420308000000002042030800000000CE
:10C470000342030800000000E3410308000000003D
:10C48000C2410308000000009F41030800000000B3
:10C490008041030800000000634103080000000021
:10C4A0004A410308000000002E410308000000007C
:10C4B0001041030800000000FB40030800000000DA
:10C4C000DA40030800000000BA4003080000000042
:10C4D0009D400308000000008840030800000000A1
:10C4E00074400308000000005940030800000000E9
:10C4F0003E40030800000000254003080000000043
:10C500000E40030800000000F93F030827970108C8
:10C51000DF3F03088DF80008BD3F0308000000005E
:10C52000AA3F0308C3970108933F03081197010826
:10C530007C3F030800000000613F0308000000008A
:10C54000463F030800000000343F030800000000DD
:10C55000233F030800000000133F03080000000011
:10C56000003F030800000000E53E03080000000053
:10C57000D33E0308456D0108C03E030800000000DB
:10C58000AD3E0308000000009B3E030869680008F8
:10C59000863E03081D6D01086A3E0308777F010887
:10C5A000483E03086D7F0108253E0308657F0108AA
:10C5B000093E030800000000F33D030800000000EE
:10C5C000D13D030800000000BF3D0308000000004B
:10C5D000A43D0308000000008D3D0308000000009A
:10C5E0007A3D0308000000005E3D030800000000E3
:10C5F000443D030800000000293D0308000000003E
:10C60000053D030800000000E53C030800000000B1
:10C61000C63C030800000000AD3C03080000000019
:10C620008F3C0308000000006F3C0308000000007E
:10C63000523C0308000000003D3C030800000000DD
:10C64000273C030800000000103C03080000000025
:10C65000EE3B030800000000CA3B03080000000096
:10C66000B63B030800000000A33B0308F396010853
:10C67000883B0308C5050108723B03084B9E01086F
:10C680005A3B030879050108443B030835060108B5
:10C690002F3B030833A801081B3B030815A801081A
:10C6A000073B030821A80108F43A030827A801085A
:10C6B000DA3A03082FA80108C63A03083BA8010884
:10C6C000AE3A030841A80108973A0308DB9801082D
:10C6D000813A0308DF9801086D3A03080000000062
:10C6E000593A0308000000003E3A03088106010899
:10C6F000253A03083F990108133A03089DFD0008F5
:10C70000FB39030875990108E039030800000000AF
:10C71000C539030800000000B239030883990108F5
:10C720009C390308B599010888390308FB99010869
:10C7300076390308DDFC000862390308919A010884
:10C740004E39030865FE00083839030855FF000814
:10C750001B39030800000000053903080000000031
:10C76000EA38030800000000D23803080000000087
:10C77000B9380308000000009E38030800000000DC
:10C780008A3803086FA30108763803080000000008
:10C790006438030800000000513803087BA1010839
:10C7A0003F380308000000002C380308AD100108D2
:10C7B0001338030800000000FF3703082FA3010807
:10C7C000EB370308ABA10108D137030800000000D4
:10C7D000C3370308E1170108A837030859A7010860
:10C7E0008E37030849A70108733703089118010819
:10C7F0005837030853A701083C370308339C010846
:10C800001F370308479C010804370308C99B010828
:10C81000F1360308F5FF0008DD360308AF9B010879
:10C82000C536030800000000AC3603085B9C010815
:10C8300093360308639C01087F360308310D010815
:10C840005B360308CD0E01084436030800000000E3
:10C850003236030859000108203603086B9C010892
:10C860000D36030819010108FB350308CD00010846
:10C87000EC350308F39F0108D23503089F9C01089B
:10C88000BF35030899010108AB350308C59C0108B1
:10C890009A350308AD5E0008843503081176000858
:10C8A0006D350308950701084D35030800000000A9
:10C8B0002D350308000000001035030800000000BB
:10C8C000FB3403081D100108E1340308699E0108C8
:10C8D000C8340308A1060108AB3403085F9E0108B1
:10C8E0008E340308050D010877340308010C010894
:10C8F0005B340308B119010840340308F919010831
:10C90000203403080000000008340308C5090108AA
:10C91000E233030800000000BA33030800000000FF
:10C920009D330308000000007E3303080000000070
:10C9300069330308BD1601084F33030803A5010836
:10C94000343303082D17010820330308CBA4010852
:10C950000333030800000000E63203080000000073
:10C96000D032030823A40108C032030843A0010801
:10C97000B0320308850E0108A1320308850D0108B5
:10C9800087320308558D00086F3203083D620008A6
:10C9900059320308C56200083A320308E56200080C
:10C9A000293203080162000816320308F3690108FE
:10C9B000FC31030800000000E13103080000000022
:10C9C000C731030800000000A9310308000000007F
:10C9D00093310308000000007A31030800000000D2
:10C9E0005F3103080000000046310308000000002A
:10C9F00032310308000000000C3103080000000081
:10CA0000F230030800000000D630030800000000E8
:10CA1000BC30030800000000A13003080000000043
:10CA20008D30030800000000723003080000000091
:10CA30005E300308000000004B30030800000000D7
:10CA400035300308000000000A3003080000000031
:10CA5000E82F030800000000C72F030800000000B3
:10CA6000AA2F0308955D00087B2F03080000000033
:10CA7000602F0308F9130008472F0308295E0008F8
:10CA8000312F03080D7B00081D2F0308CD7A000805
:10CA9000062F030800000000F02E0308000000002D
:10CAA000DC2E030800000000C62E03080000000072
:10CAB000AA2E0308000000008F2E030800000000CB
:10CAC000742E030800000000592E03080000000027
:10CAD0003F2E030800000000242E03080000000081
:10CAE0000A2E030800000000F32D030800000000D8
:10CAF000D92D030800000000BF2D0308000000002E
:10CB0000AB2D030800000000932D03080000000077
:10CB10007E2D030800000000652D030800000000C2
:10CB20004E2D030800000000382D0308000000000F
:10CB30001E2D0308000000000F2D03080000000058
:10CB4000FA2C030800000000E72C03080000000096
:10CB5000C62C0308FF6A0108A52C0308116B010805
:10CB6000842C0308256B0108652C0308B1630008B9
:10CB7000462C030800000000252C030800000000DC
:10CB8000112C030851790008FC2B03080000000059
:10CB9000E32B030800000000C82B0308000000007E
:10CBA000C1E5010805630008C1E501080563000847
:08CBB00001000000000000007C
:10CBB800FFFFFFFFFFFFFF7FFFC99A3B0000000058
:10CBC8004CB6010802000000000000000000001040
:10CBD800000000200000003000000040000000506D
:10CBE800000000600000007001000000000000006C
:10CBF800050000000000000019000000000000000F
:10CC08007D0000000000000071020000000000002C
:10CC1800350C000000000000093D00000000000085
:10CC28002D31010000000000E1F5050000000000C2
:10CC380065CD1D0000000000F9029500000000000D
:10CC4800DD0EE90200000000514A8D0E00000000D0
:10CC58009573C24800000000E941CC6B0100000058
:10CC68008D49FD1A07000000C16FF28623000000FD
:10CC7800C52EBCA2B1000000D9E9AC2D7803000094
:10CC88003D9160E45811000031D6E275BC560000B1
:10CC9800F52E6E4DAEB10100C9EA2683677808000B
:10CCA800ED95C28F055A2A00A1EDCCCE1BC2D30048
:10CCB80025A4000A8BCA220400000000000000001E
:10CCC800000000000000001000000000000000004C
:10CCD800B9340332B7F4AD1410DB1AB30892540E0A
:10CCE8000D307D951447BA1A66088F4D26ADC66D6E
:10CCF800F598BF85E2B74511CA96853D92BD1DEBF3
:10CD0800FCA11860DCEF52163C92AE220BB8C1B4FD
:10CD1800839D2D5B0562DA1C304C7E8F4E8BB25B97
:10CD280016F4529F8B56A512FBD4827643ED8AF0F7
:10CD38008FE7F9311565191850F19BD94A13EEB4EC
:10CD4800284CF0A686C1251F035FC270CB9E4916EA
:10CD5800E642889C44EB2014B0650836AD6EA58584
:10CD680085F0CA14E2FD031A0B899979D5B13D09FA
:10CD7800D8DA973A35EBCF10AC363F5E73BB38CF75
:10CD88003E6752FA44AFBA150100000000000000E7
:10CD98000000000000000020345065C05FC9A652A2
:10CDA800BB13CBAEC440C21806C8DF7100D5A87C3F
:10CDB800F56F0FDA58FC27136E4756357D2420652A
:10CDC80002C7E768E48CA41DE9E60268D7CD39619B
:10CDD8007977FCC2405BEF16798CDE43FFA751F9E7
:10CDE80091F3B278F5BDBE11E857E9D6E8BEE87B05
:10CDF800B054AC8F848D751BEA23A499E9F9D38BC1
:10CE0800B7A3714061DA3E15CEE33ECB73F948080B
:10CE18008C97B427D51B7010A2BFEFB9EB853215DC
:10CE28004DB44DB49BBB6F1996B6076CF8E7EEADE1
:10CE380036D9B4F59135AE13222218AF4E6A684D33
:10CE480091DAAA3D4F40741E9FBD9EE006A1C0988E
:10CE580057C2A7FDA40E90170E7D497173E3208F6A
:10CE6800B220D87605143B12853D7434811343B043
:10CE7800AD297A5F27F4351CE2652F227F2B7A3C97
:10CE8800075C143326A6813CBDCBF07A8807703C3A
:10CE9800075C143326A6913C4FBB610567ACDD3FA8
:10CEA800182D4454FB21E93F9BF681D20B73EF3FC9
:10CEB800182D4454FB21F93F763C7935EF39EA3D8A
:10CEC800763C7935EF39EABD0000E0FE422EE63FB8
:10CED8000000E0FE422EE6BF000000000000E03F38
:10CEE800000000000000E0BF00000000000000009B
:10CEF80000000000000000800000000000000000AA
:10CF080006D0CF43EBFD4C3E0000000000000000BF
:10CF18000000004003B8E23F000000000000F03FBE
:10CF2800000000000000F83F00000040FB21F93F2E
:10CF3800000000002D44743E000000809846F83C34
:10CF48000000006051CC783B00000080831BF03962
:10CF58000000004020257A38000000802282E33655
:10CF6800000000001DF3693500000C0000000C00F3
:10CF7800000010088800000000000210916B0108F2
:10CF88000000000000000000000000000000000099
:10CF9800FB1E0308031F0308000000000000000038
:10CFA800000000008AE401080B1F03088AE6010854
:10CFB8000F1F0308C4CF010810170020F9670008E5
:10CFC80030170020DF1F002001000000456C010819
:10CFD80000000000136C0108076C01080000000045
:10CFE800FB6B0108000000000500000000000000C5
:10CFF80000000000000001008CB7010801000000DB
:10D008000000010000000C008CB7010802000000BD
:10D0180000000D00000003008CB7010803000000A9
:10D028000000100000000C008CB70108040000008C
:10D0380000001C00000004008CB70108CC00002090
:10D0480040170020008002425F72010888D0010862
:10D05800020000000000080098D001080500060042
:10D068000C0014002400440087012E030001020470
:10D078000C6270000C6261000C6252000C6243008A
:10D088008C0000000004000009000000E800CC014A
:10D09800A0D0010801000000A8D001080600000087
:10D0A8009000000000000000B00000000000000038
:10D0B800D000000000000000F000000000000000A8
:10D0C8003004000000000000100400000000000010
:10D0D8000000000020000000400000006000000088
:10D0E80080000000A0000000C0000000E000000078
:10D0F80000010000200100004001000000000000C5
:10D10800010000000200000003000000040000000D
:10D1180005000000060000000700000008000000ED
:10D12800090000000A0000000B0000000C000000CD
:10D138000D0000000E0000000F00000006000000B7
:10D148000C000000120000001800000000010000A0
:10D15800060100000C010000120100001801000087
:10D1680000020000060200000C020000120200008B
:10D178001802000000030000060300000000000081
:10D188000000000000127A0048E8010000000000DA
:10D1980040420F0028D20108F8D1010800001C0005
:10D1A8000800030003000000030003000000000063
:10D1B8007000B0008801600260027802500300002D
:10D1C800CCD1010800A4004000AC004002000000DF
:10D1D800E8D101088F77010808D201080000000093
:10D1E800A0000000000200000E000000E000D808C7
:10D1F8005C1900207C1800203C180020031C080043
:10D2080010D201080100000018D201080200000035
:10D218006901000000000000890100000000000012
:10D228008B760108057701080B780108B5770108A6
:10D23800E17701084CD201081C00DC11060000004F
:10D248001C00D84354D20108010000005CD2010838
:10D25800010000000001000080010000FFFF000045
:10D26800000000000101000074190020004801407E
:10D2780004000000A400000000000400837B0108F3
:10D2880047000000ECB40108920F00000000000005
:10D29800FFFF00000000000001010000A8190020A5
:10D2A8000044014004000000A40000000000020047
:10D2B8006D7B010846000000ECB40108910F0000E6
:10D2C80000000000377A01083F7A0108477A010810
:10D2D8004F7A0108617A0108757A0108897A01088C
:10D2E8009D7A0108577A01086B7A01087F7A01084C
:10D2F800937A0108277A01082B7A01082F7A010806
:10D30800337A0108177A01081B7A01081F7A010885
:10D31800237A01080018024694000000400000002B
:10D328002CD3010834D30108010000003CD30108C4
:10D33800020000009000000000000000B0000000A3
:10D3480000000000010010027200403500000000DB
:10D3580001000000020000000300000004000000BB
:10D36800050000000600000007000000080000009B
:10D37800090000000A0000000B0000000C0000007B
:10D388000D0000000E0000000F00000088000000E3
:10D3980001000000EB7C01080000000000000240D2
:10D3A80010000000E8190020683803200000000081
:10D3B80000004000000080000000C00000000000E5
:10D3C8000000010000000200000000000100000051
:10D3D8000200000050000000D000000050010000D2
:10D3E800D001000050020000D002000050030000ED
:10D3F800D003000050040000D004000050050000D5
:10D40800D005000050060000D006000050070000BC
:10D41800D00700001000000000FF0000FFFF000020
:10D4280000200242080000008C00000000010000FB
:10D43800FFFF0000001C0242070000008C000000F3
:10D4480080000000FFFF00000018024206000000F4
:10D458008C00000040000000FFFF000000140242A2
:10D46800050000008C00000020000000FFFF000005
:10D4780000100242040000008C00000010000000B0
:10D48800FFFF0000000C0242030000008C000000B7
:10D4980008000000FFFF0000000802420200000030
:10D4A8008C00000004000000FFFF0000000402429E
:10D4B800010000008C00000002000000FFFF0000D7
:10D4C80000000242000000008C0000000100000083
:10D4D80055830108F8D401080100000000840040C9
:10D4E800801A060000D5010820D5010800000000B8
:10D4F800A00000000200000008D50108010000009B
:10D5080010D5010802000000840700004002000056
:10D51800A4070000400200002F83010840D501083D
:10D528000100000000280046801A060048D50108BE
:10D5380068D5010800000000A80000008000000075
:10D5480050D501080100000058D50108020000006C
:10D55800040400004002000024040000400200000F
:10D568000983010888D5010801000000005800401F
:10D57800801A060090D50108B0D501080000000007
:10D588009C0000000000400098D501080100000040
:10D59800A0D501080200000044030000400200007A
:10D5A80064030000400200004CB601082CB60108D4
:10D5B8000CB60108ECB50108CCB50108ACB50108FA
:10D5C8008CB501086CB501084CB5010800000000D5
:10D5D8000000000000000000000000000000000043
:10D5E80000000000000000000000000000340140BE
:10D5F8003F00000000000000A40000000020000020
:10D608000CD6010814D60108010000001CD6010838
:10D61800010000004302000000000000000C004070
:10D6280004000000000000009C000000080000004A
:10D638003CD6010844D60108010000004CD6010878
:10D6480003000000420F000000000000620F00000D
:10D6580000000000820F00000000000000080040E9
:10D6680004000000000000009C000000040000000E
:10D678007CD6010884D60108010000008CD6010878
:10D688000200000002030000000000002203000066
:10D69800000000000004004004000000000000003A
:10D6A8009C00000002000000B4D60108BCD60108A6
:10D6B80001000000C4D601080300000002020000B7
:10D6C80000000000220200000000000082020000AA
:10D6D80000000000000000400400000000000000FE
:10D6E8009C00000001000000F4D60108FCD60108E7
:10D6F8000100000004D701080300000061020000D7
:10D708000000000041030000000000006103000069
:10D7180000000000002C01403F0000000000000055
:10D72800A40000000008000034D701083CD7010815
:10D738000100000044D70108040000006101000056
:10D7480000000000E103000000000000C103000029
:10D7580000000000A1030000000000005B87010832
:10D768005F87010863870108678701086B870108DD
:10D778007787010804000000400000000004000052
:10D78800004000000100000010000000000100003F
:10D79800001000000000010000001000000C02460C
:10D7A8007F000000FF000000B4D70108A8000000B7
:10D7B8000000200002000000F000C8080024004615
:10D7C800ECB4010806100000ECD7010801000000C5
:10D7D800000000000000000000000000F4D701086D
:10D7E8007B890108A800000040000000FCD7010860
:10D7F8000100000004D8010804000000E80C000043
:10D8080000020000080D000000020000C80C000023
:10D8180000000000A80C00000002000000380140D1
:10D82800ECB401088E0F00004CD80108010000007C
:10D8380000000000000000000000000054D80108AB
:10D8480065890108A4000000004000005CD80108B8
:10D858000100000064D8010802000000C7020000AF
:10D8680000020000E70200000002000000000000C3
:10D878000000000000200046A4D80108AF8E01086F
:10D888000000000000000000010000009CD8010812
:10D8980000000000A800000020000000ACD801082B
:10D8A80001000000B4D8010804000000260D0000A3
:10D8B80080050000460D000000040000A6020000DC
:10D8C80000040000860D00000002000000000000B7
:10D8D800000000000038004004D90108998E0108B2
:10D8E800000000000000000001000000FCD8010852
:10D8F800000000009C000000004000000CD9010856
:10D908000100000014D9010804000000A50300006C
:10D9180080050000C503000000040000E5030000C6
:10D92800000400002503000000020000006CDC0277
:10D9380000366E010024F400001BB70000093D000A
:10D9480080841E00504B140040420F0000E02E005F
:10D958000070170000A00F0000B80B00801A060026
:10D96800400D030088070200A0860100A95C030897
:10D97800B75C0308CB5C0308DA5C0308E65C0308C1
:10D988005CB301085CB3010824B401082CB4010895
:10D99800CCB40108CCB40108085D030800010000FC
:10D9A800000000000000000000000000000000006F
:10D9B800000000000000004095596959555554551C
:10D9C80015555556040515411054554045515544B3
:10D9D8004045504450555545004000404004449649
:10D9E8006555565545404554514115405591555535
:10D9F80055554051050100005445545445550504FA
:10DA08000010041014044000000001405555154151
:10DA1800540400004400010000000040410000449C
:10DA280050444550540055555455655100400040E8
:10DA380001000001000501001154515154555505CC
:10DA4800000000000000000000000000FB21F93F7A
:10DA5800FB2109407CD91240FB2119407A6A1F40FA
:10DA68007CD92240BBFD2540FB2129403A462C4069
:10DA78007A6A2F405C4731407CD932409C6B3440F5
:10DA8800BBFD3540DB8F3740FB2139401BB43A40A2
:10DA98003A463C405AD83D407A6A3F404C7E404026
:10DAA8005C4741406C1042407CD942408CA24340C4
:10DAB8009C6B4440AC344540BBFD4540CBC646401A
:10DAC800DB8F4740EB584840FB21494083F9A200CF
:10DAD800444E6E00FC291500D1572700DD34F500AF
:10DAE80062DBC0003C999500419043006351FE0001
:10DAF800BBDEAB00B761C5003A6E2400D24D4200D0
:10DB08004906E00009EA2E001C92D100EB1DFE0038
:10DB180029B11C00E83EA700F535820044BB2E0061
:10DB28009CE98400B4267000417E5F00D6913900DC
:10DB3800538339009CF439008B5F840028F9BD00B9
:10DB4800F81F3B00DEFF97000F980500112FEF002C
:10DB58000A5A8B006D1F6D00CF7E360009CB270057
:10DB6800464FB7009E663F002DEA5F00BA27750052
:10DB7800E5EBC7003D7BF100F739070092528A00B8
:10DB8800FB6BEA001FB15F00085D8D003003560093
:10DB98007BFC4600F0AB6B0020BCCF0036F49A004B
:10DBA800E3A91D005E619100081BE60085996500E8
:10DBB800A0145F008D40680080D8FF0027734D00D7
:10DBC80006063100CA561500C9A873007BE260003A
:10DBD8006B8CC0006937AC3168212233B40F143321
:10DBE8006821A2333863ED3EDA0F493F5E987B3FE8
:10DBF800DA0FC93F000FC93F000F494000CB9640DC
:10DC0800000FC9400053FB4000CB164100ED2F41E7
:10DC1800000F49410031624100537B41003A8A417B
:10DC280000CB9641005CA34100EDAF41007EBC41B2
:10DC3800000FC94100A0D5410031E24100C2EE41C8
:10DC48000053FB4100F20342003A0A4200831042AB
:10DC580000CB164200141D42005C234200A5294255
:10DC680000ED2F4200363642007E3C4200C7424259
:10DC7800000F4942A2000000F900000083000000E4
:10DC88006E0000004E000000440000001500000077
:10DC980029000000FC0000002700000057000000D9
:10DCA800D1000000F500000034000000DD00000095
:10DCB800C0000000DB0000006200000095000000CA
:10DCC800990000003C0000004300000090000000A4
:10DCD80041000000FE000000510000006300000049
:10DCE800AB000000DE000000BB000000C500000023
:10DCF80061000000B7000000240000006E00000072
:10DD08003A000000420000004D000000D200000070
:10DD1800E000000006000000490000002E0000009E
:10DD2800EA00000009000000D10000009200000095
:10DD38001C000000FE0000001D000000EB000000B9
:10DD48001C000000B100000029000000A70000002E
:10DD58003E000000E80000008200000035000000DE
:10DD6800F50000002E000000BB0000004400000089
:10DD780084000000E90000009C0000007000000022
:10DD880026000000B40000005F0000007E000000D4
:10DD9800410000003900000091000000D60000009A
:10DDA8003900000083000000530000003900000023
:10DDB800F40000009C000000840000005F000000E8
:10DDC8008B000000BD000000F900000028000000E2
:10DDD8003B0000001F000000F80000009700000052
:10DDE800FF000000DE0000000500000098000000B1
:10DDF8000F000000EF0000002F00000011000000DD
:10DE08008B0000005A0000000A0000006D000000AE
:10DE18001F0000006D000000360000007E000000BA
:10DE2800CF00000027000000CB0000000900000020
:10DE3800B70000004F000000460000003F0000004F
:10DE4800660000009E0000005F000000EA0000007D
:10DE58002D0000007500000027000000BA00000037
:10DE6800C7000000EB000000E5000000F100000022
:10DE78007B0000003D0000000700000039000000A2
:10DE8800F70000008A000000520000009200000025
:10DE9800EA0000006B000000FB0000005F000000CB
:10DEA800B10000001F0000008D0000005D000000B0
:10DEB80008000000560000000300000030000000C9
:10DEC80046000000FC0000007B0000006B00000022
:10DED800AB000000F0000000CF000000BC00000014
:10DEE800200000009A000000F40000003600000046
:10DEF8001D000000A9000000E300000091000000E0
:10DF0800610000005E000000E60000001B00000049
:10DF1800080000006500000099000000850000006E
:10DF28005F00000014000000A0000000680000006E
:10DF3800400000008D000000FF000000D800000035
:10DF4800800000004D000000730000002700000062
:10DF58003100000006000000060000001500000067
:10DF680056000000CA00000073000000A80000006E
:10DF7800C900000060000000E20000007B00000013
:10DF8800C00000008C0000006B00000002000000D0
:10DF98000300000004000000060000000000C93F64
:10DFA8000000F0390000DA370000A2330000842EA8
:10DFB8000000502B0000C2270000D0220000C41F20
:10DFC8000000C61B00004417040000000700000002
:10DFD80009000000010002000400060008000A0011
:10DFE8000C001000200040008000000100001F000D
:10DFF8003B005A0078009700B500D400F3001101E7
:10E0080030014E014661696C656420746F20736548
:10E018007420636F756E7465725F7365745F746F77
:10E02800705F76616C756500200010616E616C6FC1
:10E03800675F7265666572656E6365000001010061
:10E0480000020200010202010003030001030301B0
:10E058000203030200040400010404010204040290
:10E068000304040300050500010505010205050276
:10E07800030505030405050400060600010606015C
:10E08800020606020306060304060604050606053C
:10E098000007070001070701020707020307070334
:10E0A8000407070405070705060707060008080010
:10E0B8000108080102080802030808030408080404
:10E0C80005080805060808060708080700090900E2
:10E0D80001090901020909020309090304090904DC
:10E0E80005090905060909060709090708090908AC
:10E0F800000A0A00010A0A01020A0A02030A0A03BC
:10E10800040A0A04050A0A05060A0A0653797374FA
:10E11800656D436F7265436C6F636B0061726D5F11
:10E128006972715F7072696F726974795F7365740F
:10E138000061726D5F6972715F69735F656E6162BC
:10E148006C65640061726D5F6972715F64697361A7
:10E15800626C650061726D5F6972715F656E6162A4
:10E168006C65006B5F69735F696E5F6973720061EC
:10E178007263685F6972715F646973636F6E6E65FD
:10E1880063745F64796E616D696300617263685F6F
:10E198006972715F636F6E6E6563745F64796E61D7
:10E1A8006D69630063616E5F6164645F72785F6666
:10E1B800696C74657200666C6173685F6172656131
:10E1C8005F636C6F736500666C6173685F6172652D
:10E1D800615F657261736500666C6173685F617227
:10E1E80065615F777269746500666C6173685F6109
:10E1F8007265615F7265616400666C6173685F6116
:10E208007265615F6F70656E006D617472697845E3
:10E218006E64006D617472697853657447726179D0
:10E228007363616C6542697473006D6174726978B7
:10E23800477261797363616C655772697465006DC3
:10E248006174726978506C6179006D617472697873
:10E258005772697465006D6174726978426567699F
:10E268006E005F5F6378615F707572655F76697273
:10E278007475616C005F5F61656162695F64636D9D
:10E28800706765005F5F61656162695F756C3266C2
:10E29800005F5F61656162695F6C6469766D6F6478
:10E2A800005F5F61656162695F696469766D6F646B
:10E2B800005F5F61656162695F6C3266005F5F6124
:10E2C800656162695F756C3264005F5F6165616298
:10E2D800695F663264005F5F61656162695F6432CD
:10E2E800697A005F5F61656162695F64636D70652B
:10E2F80071005F5F61656162695F75696469766D08
:10E308006F64005F5F61656162695F643275697A35
:10E31800005F5F61656162695F6C3264005F5F61C5
:10E32800656162695F7569646976005F5F616561EF
:10E3380062695F693264005F5F61656162695F6439
:10E34800737562005F5F7265616C5F5F5F616561D5
:10E3580062695F64636D706774005F5F61656162C5
:10E36800695F69646976005F5F61656162695F66BC
:10E37800636D706C65005F5F7265616C5F5F5F61A4
:10E38800656162695F64616464005F5F61656162C1
:10E39800695F66636D70756E005F5F616561626974
:10E3A8005F643266005F5F61656162695F646D75B5
:10E3B8006C005F5F61656162695F64646976005FD4
:10E3C8005F61656162695F64636D706C74005F5F53
:10E3D80061656162695F75693264005F5F6165618B
:10E3E80062695F756C6469766D6F64005F5F616513
:10E3F8006162695F64326C7A005F5F61656162695E
:10E408005F64636D706C65005F5F61656162695F21
:10E4180064636D70756E007379735F636C6F636BA3
:10E428005F6379636C655F6765745F333200726937
:10E438006E675F6275665F617265615F66696E6966
:10E4480073680072696E675F6275665F61726561A5
:10E458005F636C61696D0072696E675F6275665FA4
:10E468007075740072696E675F6275665F70656566
:10E478006B0072696E675F6275665F6765740073CB
:10E488007464657272005F5F6173736572745F6E46
:10E498006F5F6172677300737363616E66006362B6
:10E4A800767072696E746600737072696E74660055
:10E4B8006D6B74696D65006B5F776F726B5F7375F9
:10E4C800626D69745F746F5F7175657565006B5F08
:10E4D800776F726B5F71756575655F737461727460
:10E4E800006B5F776F726B5F7265736368656475E5
:10E4F8006C655F666F725F7175657565006B5F77D8
:10E508006F726B5F7363686564756C655F666F7265
:10E518005F7175657565006B5F776F726B5F696EAC
:10E5280069745F64656C617961626C65006B5F77C3
:10E538006F726B5F7363686564756C65006B5F779A
:10E548006F726B5F696E6974006B5F666174616C92
:10E558005F68616C74006B5F74696D65725F696E8A
:10E5680069740073746D33325F6261636B75705FD9
:10E57800646F6D61696E5F64697361626C655F6128
:10E5880063636573730073746D33325F6261636BC9
:10E5980075705F646F6D61696E5F656E61626C65F1
:10E5A8005F616363657373006C6F675F636F6E733E
:10E5B800745F736B65746368007A5F6C6F675F6D17
:10E5C80073675F72756E74696D655F766372656196
:10E5D8007465006B5F7379735F776F726B5F71003F
:10E5E8006B5F6D7367715F696E6974006B5F7363EE
:10E5F8006865645F756E6C6F636B006B5F736368EF
:10E6080065645F6C6F636B006B5F6D616C6C6F63EF
:10E61800005F5F7265616C5F76736E7072696E74AD
:10E6280066005F5F7265616C5F70757463686172C4
:10E63800005F5F7265616C5F70757473005F5F7215
:10E6480065616C5F6C64657870005F5F7265616CB2
:10E658005F74616E66005F5F7265616C5F74616EA6
:10E66800005F5F7265616C5F7371727466005F5FF3
:10E678007265616C5F73717274005F5F7265616C63
:10E688005F73696E66005F5F7265616C5F73696E68
:10E69800005F5F7265616C5F706F77005F5F7265C6
:10E6A800616C5F6C6F673130005F5F7265616C5FD2
:10E6B8006C6F6732005F5F7265616C5F6C6F676675
:10E6C800005F5F7265616C5F6C6F67005F5F7265AA
:10E6D800616C5F666D6F64005F5F7265616C5F653A
:10E6E800787032005F5F7265616C5F657870005F9B
:10E6F8005F7265616C5F636F7366005F5F7265610F
:10E708006C5F636F73005F5F7265616C5F617461FA
:10E718006E66005F5F7265616C5F6174616E326620
:10E72800005F5F7265616C5F6174616E32005F5F8C
:10E738007265616C5F6174616E005F5F7265616CC8
:10E748005F6173696E66005F5F7265616C5F6173BC
:10E75800696E005F5F7265616C5F61636F7366000D
:10E768005F5F7265616C5F61636F73005F5F7265A5
:10E77800616C5F6973786469676974005F5F72656B
:10E78800616C5F69736C6F776572005F5F7265615A
:10E798006C5F69737570706572005F5F7265616C3C
:10E7A8005F69737072696E74005F5F7265616C5F38
:10E7B80069736772617068005F5F7265616C5F6939
:10E7C800736469676974005F5F7265616C5F697320
:10E7D800636E74726C005F5F7265616C5F69736110
:10E7E8006C706861005F5F7265616C5F746F7570F3
:10E7F800706572005F5F7265616C5F746F6C6F77D4
:10E808006572005F5F7265616C5F6973616C6E75DC
:10E818006D005F5F7265616C5F69737370616365DA
:10E82800005F5F7265616C5F5F65786974005F5F48
:10E838007265616C5F617465786974005F5F7265A9
:10E84800616C5F65786974005F5F7265616C5F61B8
:10E85800626F7274005F5F7265616C5F61746F6C88
:10E86800005F5F7265616C5F61746F66005F5F7205
:10E8780065616C5F61746F69005F5F7265616C5F91
:10E88800737472746F756C005F5F7265616C5F732F
:10E898007472746F6C005F5F7265616C5F73747221
:10E8A800746F64005F5F7265616C5F7372616E6440
:10E8B800005F5F7265616C5F72616E64005F5F72BA
:10E8C80065616C5F66726565005F5F7265616C5F4C
:10E8D80063616C6C6F63005F5F7265616C5F72652A
:10E8E800616C6C6F63005F5F7265616C5F6D616C1A
:10E8F8006C6F63005F5F7265616C5F6D656D6D6500
:10E908006D005F5F7265616C5F737472647570002F
:10E918005F5F7265616C5F6D656D636872005F5FF4
:10E928007265616C5F737472746F6B005F5F7265A0
:10E93800616C5F6D656D736574005F5F7265616CB6
:10E948005F6D656D636D70005F5F7265616C5F73AD
:10E958007472637079005F5F7265616C5F73747263
:10E96800636174005F5F7265616C5F737472636882
:10E9780072005F5F7265616C5F7374726E6C656E56
:10E98800005F5F7265616C5F7374726C656E005FC7
:10E998005F7265616C5F737472636D70005F5F7244
:10E9A80065616C5F73747263617365636D70005F3A
:10E9B8005F7265616C5F7374726E637079005F5F1C
:10E9C8007265616C5F7374726E636D70005F5F7205
:10E9D80065616C5F737472737472005F5F726561F6
:10E9E8006C5F73747272636872005F5F7265616CEA
:10E9F8005F6D656D6D6F7665005F5F7265616C5FF9
:10EA08006D656D637079004661696C656420746F2B
:10EA1800206F70656E20666C617368206172656135
:10EA28002C2072632025640A004661696C656420A5
:10EA3800746F2072656164206865616465722C205A
:10EA480072632025640A00496E76616C69642073DC
:10EA58006B65746368206865616465720A00466165
:10EA6800696C656420746F206C6F616420736B65DA
:10EA78007463682C2072632025640A004661696CFF
:10EA8800656420746F2066696E64206D61696E200C
:10EA980066756E6374696F6E0A00000000000000FE
:10EAA8000000000000000000461700000000000001
:10EAB80000000000002E0000000000000000000020
:10EAC800000000000000000000000000000000003E
:10EAD800000000000000000000000000000000002E
:10EAE800000000000000000000000000000000001E
:10EAF800000000000000000000000000000000000E
:10EB080000000000140000000000000000000000E9
:10EB18002D44000000000000000000000026000056
:10EB280000000000000000000000000000000000DD
:10EB380000000000000000000000000000000000CD
:10EB480000000000000000000000000000000000BD
:10EB580000000000000000000000000000000000AD
:10EB68000000000000000000000000001F16000068
:10EB78000000000000000000144D04000000000028
:10EB880000000000001C0000000000000000000061
:10EB9800000000000000000000000000000000006D
:10EBA800000000000000000000000000000000005D
:10EBB800000000000000000000000000000000004D
:10EBC800000000000000000000000000000000003D
:10EBD800000000000D4500000000000000000000DB
:10EBE80005421800000000000000000000110000AD
:10EBF800000000000000000000000000000000000D
:10EC080000000000000000000000000000000000FC
:10EC180000000000000000000000000000000000EC
:10EC280000000000000000000000000000000000DC
:10EC380000000000000000000000000001442D005A
:10EC4800000000000000000000361C050000000065
:10EC580000000000000600000000000000000000A6
:10EC6800000000000000000000000000000000009C
:10EC7800000000000000000000000000000000008C
:10EC8800000000000000000000000000000000007C
:10EC9800000000000000000000000000000000006C
:10ECA8000000000000314C040000000000000000DB
:10ECB800002B1916000000000000000000000000F2
:10ECC800000000000000000000000000000000003C
:10ECD800000000000000000000000000000000002C
:10ECE800000000000000000000000000000000001C
:10ECF800000000000000000000000000000000000C
:10ED08000000000000000000000000000025452A67
:10ED18000000000000000000001F1716200000007F
:10ED280000000000000000000000000000000000DB
:10ED380000000000000000000000000000000000CB
:10ED480000000000000000000000000000000000BB
:10ED580000000000000000000000000000000000AB
:10ED6800000000000000000000000000000000009B
:10ED780000000000001A3830000000000000000009
:10ED88000016160E3D1100000000000000000000F3
:10ED9800000000000000000000000000000000006B
:10EDA800000000000000000000000000000000005B
:10EDB800000000000000000000000000000000004B
:10EDC800000000000000000000000000000000003B
:10EDD80000000000000000000000000000132F29C0
:10EDE8000000000000000000000E140B3A4C000068
:10EDF800000000000000000000000000000000000B
:10EE080000000000000000000000000000000000FA
:10EE180000000000000000000000000000000000EA
:10EE280000000000000000000000000000000000DA
:10EE380000000000000000000000000000000000CA
:10EE480000000000000C2823000000000000000063
:10EE580000071108316100000000000000000000F8
:10EE68000000180000000000000000000000000082
:10EE7800000000000000000000000000000000008A
:10EE8800000000000000000000000000000000007A
:10EE9800000000000000000000000000000000006A
:10EEA8000000000000000000000000000006221E14
:10EEB800000000000000000000010E062B550000B5
:10EEC800000000000000000000003D1D00000000E0
:10EED800000000000000000000000000000000002A
:10EEE800000000000000000000000000000000001A
:10EEF800000000000000000000000000000000000A
:10EF080000000000000000000000000000000000F9
:10EF18000000000000021B190000000000000000B3
:10EF280000000B042549000000000000000000005C
:10EF38000000511E0000000000000000000000203A
:10EF480000000000000000000000000000000000B9
:10EF580000000000000000000000000000000000A9
:10EF68000000000000000000000000000000000099
:10EF7800000000000000000000000000000016155E
:10EF88000000000000000000000008031F3F000010
:10EF980000000000000000000000661700000000EC
:10EFA8000000000000000037000000000000000022
:10EFB8000000000000000000000000000000000049
:10EFC8000000000000000000000000000000000039
:10EFD8000000000000000000000000000000000029
:10EFE80000000000000011110000000000000000F7
:10EFF800000005011D3D00000000000000000000A9
:10F00800000D870F00000000000000000000003124
:10F0180000000000000000000000000000000000E8
:10F0280000000000000000000000000000000000D8
:10F0380000000000000000000000000000000000C8
:10F0480000000000000000000000000000000E0D9D
:10F058000000000000000000000002002153000032
:10F0680000000000000000000011940A00000000E9
:10F07800000000000000002900000000000000005F
:10F088000000000000000000000000000000000078
:10F098000000000000000000000000000000000068
:10F0A8000000000000000000000000000000000058
:10F0B8000000000000000A0A000000000000000034
:10F0C800000000001A7100000000000000000000AD
:10F0D800000E890700000000000000000000002565
:10F0E8000000000000000000000000000000000018
:10F0F8000000000000000000000000000000000008
:10F1080000000000000000000000000000000000F7
:10F1180000000000000000000000000000000706DA
:10F12800000000000000000000000000148214002D
:10F138000000000000000000000D7E030000000039
:10F148000000000000000021000000000000000096
:10F1580000000000000000000000000000000000A7
:10F168000000000000000000000000000000000097
:10F178000000000000000000000000000000000087
:10F18800000000000000040400250000000000004A
:10F1980000000000107C31000000000000000000AA
:10F1A800000B750000000000000000000000001EB9
:10F1B8000000000000000000000000000000000047
:10F1C8000000000000000000000000000000000037
:10F1D8000000000000000000000000000000000027
:10F1E8000000000000000000000000000000010214
:10F1F8000036050000000000000000000D7240010C
:10F208000000000000000000000A6E00000000007E
:10F21800000000000000001B0000000000000000CB
:10F2280000000000000000000000000000000000D6
:10F2380000000000000000000000000000000000C6
:10F2480000000000000000000000000000000000B6
:10F25800000000000000000000341600000000005C
:10F26800000000000B6B3F2E0000000000000000B3
:10F278000008660000000000000000000000001800
:10F288000000000000000000000000000000000076
:10F298000000000000000000000000000000000066
:10F2A8000000000000000000000000000000000056
:10F2B8000000000000000000000000000000000046
:10F2C800002F1600000000000000000008653656F8
:10F2D800030000000000000000075F0000000000BD
:10F2E8000000000000000016000000000000000000
:10F2F8000000000000000000000000000000000006
:10F3080000000000000000000000000000000000F5
:10F3180000000000000000000000000000000000E5
:10F328000000000000000000002D12000000000096
:10F3380000000000066030612100000000000000AD
:10F34800000659000003000000000000000000143F
:10F3580000000000000000000000000000000000A5
:10F368000000000000000000000000000000000095
:10F378000000000000000000000000000000000085
:10F388000000000000000000000000000000000075
:10F39800002A10000000000000000000045A2D5E42
:10F3A80027000000000000000004530000310000A6
:10F3B8000000000000000012000000000000000033
:10F3C8000000000000000000000000000000000035
:10F3D8000000000000000000000000000000000025
:10F3E8000000000000000000000000000000000015
:10F3F800000000000000000000270E0000000000D0
:10F408000000000002542A582000000000000000FC
:10F4180000034D0000570000000000000000000F2E
:10F4280000000000000000000000000000000000D4
:10F4380000000000000000000000000000000000C4
:10F4480000000000000000000000000000000000B4
:10F4580000000000000000000000000000000000A4
:10F4680000250D000000000000000000004F285497
:10F478001C0000000000000000024800005C0000C2
:10F48800000000000000000D00002B00000000003C
:10F498000000000000000000000000000000000064
:10F4A8000000000000000000000000000000000054
:10F4B8000000000000000000000000000000000044
:10F4C800000000000000000000220C000000000006
:10F4D80000000000004B25501B0000000000000049
:10F4E8000001430000550000000000000000000C6F
:10F4F80000004F00000000000000000000000000B5
:10F5080000000000000000000000000000000000F3
:10F5180000000000000000000000000000000000E3
:10F5280000000000000000000000000000000000D3
:10F5380000200A0000000000000000000047234CE3
:10F54800190000000000000000003F00004F00000C
:10F55800000000000000000A00055700000000003D
:10F568000000000000000515000000000000000079
:10F578000000000000000000000000000000000083
:10F588000000000000000000000000000000000073
:10F598000000000000000000001E0900000000003C
:10F5A8000000000000422148170000000000000091
:10F5B80000003A00004A00000000000000000009B6
:10F5C8000003520000000000000000000000272790
:10F5D8000000000000000000000000000000000023
:10F5E8000000000000000000000000000000000013
:10F5F8000000000000000000000000000000000003
:10F60800001C08000000000000000000003E1F452C
:10F61800150000000000000000003700004700004F
:10F62800000000000000000800004E00000000007C
:10F638000000000000004329000000000000000056
:10F6480000000009000000000000000000000000A9
:10F6580000000000000000000000000000000000A2
:10F668000000000000000000001A07000000000071
:10F6780000000000003B1C421400000000000000D5
:10F6880000003400004500000000000000000007F2
:10F6980000004B00000000000000000000004A27A6
:10F6A8000000000000000000000000300000000022
:10F6B8000000000000000000000000000000000042
:10F6C8000000000000000000000000000000000032
:10F6D80000190600000000000000000000371B3F72
:10F6E800130000000000000000003000004100008E
:10F6F80000000000000000060000480000000000B4
:10F708000000000000004624000000000000000087
:10F718000000094D0000000000000000000000008B
:10F7280000000000000000000000000000000000D1
:10F7380000000000000000000017050000000000A5
:10F74800000000000034193D120000000000000015
:10F7580000002E00003F0000000000000000000430
:10F7680000004500000000000000000000004223E7
:10F778000000000000000000000024540000000009
:10F78800000000000000000200000000000000006F
:10F798000000000000000000000000000000000061
:10F7A8000016040000000000000000000031173AB5
:10F7B800100000000000000000002A00003C0000CB
:10F7C80000000000000000030000410000000000ED
:10F7D80000000000000040210000000000000000C0
:10F7E800000032510000000000000000000000226C
:10F7F8000000000000000000000000000000000001
:10F8080000000000000000000014030000000000D9
:10F8180000000000002D16370F0000000000000057
:10F82800000027000039000000000000000000026E
:10F8380000003F00000000000000000000003D1F25
:10F8480000000000000000000000334F000000002E
:10F85800000000000000004400000000000000005C
:10F868000000000000000000000000000000000090
:10F87800001203000000000000000000002B1435F7
:10F888000E00000000000000000025000037000006
:10F89800000000000000000200003D000000000021
:10F8A8000000000000003B1E0000000000000000F7
:10F8B80000002F4C0000000000000000000015555B
:10F8C8000000000000000000000000000000000030
:10F8D800000000000000000000110200000000000D
:10F8E80000000000002913320D0000000000000095
:10F8F80000002300003400000000000000000001A8
:10F9080000003B0000000000000000000000391C5F
:10F91800000000000000000000002C4A0000000069
:10F928000000000000003157000000000000000047
:10F9380000000003000000000000000000000000BC
:10F948000010020000000000000000000026112F37
:10F958000B00000000000000000020000032000042
:10F968000000000000000000000038000000000057
:10F97800000000000000371C00000000000000002C
:10F9880000002A4700000000000000000000425369
:10F9980000000000000000000000001C0000000043
:10F9A8000000000000000000000F0100000000003F
:10F9B800000000000023102D0A00000000000000D5
:10F9C80000001E00003000000000000000000000E1
:10F9D8000000360000000000000000000000341A9B
:10F9E80000000000000000000000284500000000A2
:10F9F8000000000000004C50000000000000000063
:10FA080000000027000000000000000000000000C7
:10FA1800000E010000000000000000000021102B73
:10FA2800090000000000000000001C00002E00007B
:10FA3800000000000000000000003400000000008A
:10FA48000000000000003318000000000000000063
:10FA5800000026430000000000000000001A504D7E
:10FA6800000000000000000000000728000000005F
:10FA78000000000000000000000D00000000000071
:10FA880000000000001F0F2909000000000000000E
:10FA980000001A00002C0000000000000000000018
:10FAA80000003200000000000000000000003117D4
:10FAB80000000000000000000000244100000000D9
:10FAC80000000000003D4C4A00000000000000005B
:10FAD80000000826000000000000000000000000F0
:10FAE800000D00000000000000000000001D0E27AF
:10FAF800080000000000000000001800002B0000B3
:10FB080000000000000000000000300000000000BD
:10FB18000000000000002E1500000000000000009A
:10FB28000000223E00000000000000000056474888
:10FB38000000000000000000000004260000000093
:10FB48000000000000000000000C000000000000A1
:10FB580000000000001B0D25070000000000000049
:10FB6800000016000029000000000000000000004E
:10FB780000002D00000000000000000000002C1410
:10FB880000000000000000000000203C0000000011
:10FB9800000000000560434600000000000000006F
:10FBA8000000012400000000000000000000000028
:10FBB800000B0000000000000000000000190C24E9
:10FBC80006000000000000000000140000270000EC
:10FBD800000000000000000000002C0000000000F1
:10FBE8000000000000002A130000000000000015BB
:10FBF80004001E3A00000000000000000D604044B0
:10FC080000000000000000000000002300000000C9
:10FC18000000000000000000000A000000000000D2
:10FC28000000000000170B22060000000000000082
:10FC38000000120000250000000000000000000085
:10FC480000002A0000000000000000000000291247
:10FC5800000000000000003507001C38000000000C
:10FC6800000000000D5E3E420000000000000000A1
:10FC7800000000220000000000000000000000005A
:10FC880000090000000000000000000000140A2124
:10FC98000500000000000000000011000024000022
:10FCA8000000000000000000000029000000000023
:10FCB80000000000000027120000000000000050B3
:10FCC80006001A360000000000000000085B3C40F7
:10FCD80000000000000000000000002100000000FB
:10FCE8000000000000000000000800000000000004
:10FCF800000000000013091F0400000000000000BD
:10FD080000000F00002200000000000000000000BA
:10FD1800000027000000000000000100000026117C
:10FD2800000000000000005E05001935000000001A
:10FD38000000000004583A3F0000000000000000E6
:10FD4800000000200000000000000000000000008B
:10FD58000008000000000000000000000011081E5C
:10FD6800030000000000000000000E000021000059
:10FD78000000000000000000000025000000000056
:10FD8800000313000000240F0000000000000060C2
:10FD98000500173200000000000000000156393D40
:10FDA80000000000000000000000001F000000002C
:10FDB8000000000000000000000700000000000034
:10FDC80000000000000F071D0300000000000000F5
:10FDD80000000C00001F00000000000000000000F0
:10FDE8000000240000000000001821000000230F7C
:10FDF800000000000000005E07001631000000004F
:10FE0800000000000054373B000000000000000024
:10FE18000000001F000000000000000000000000BB
:10FE2800000700000000000000000000000E071C92
:10FE3800030000000000000000000B00001E00008E
:10FE48000000000000000000000023000000000087
:10FE5800002B29000000220E000000000000005ABC
:10FE68000800153000000000000000000052363A7B
:10FE780000000000000000000000001E000000005C
:10FE88000000000000000000000600000000000064
:10FE980000000000000D061B02000000000000002A
:10FEA80000000900001D000000000000070000001D
:10FEB800000022000000000000362C000000200D89
:10FEC80000000000000000570800142F0000000088
:10FED800000000000050343900000000000000005D
:10FEE8000000001D000000000000000000000000ED
:10FEF800000500000000000000000000000C061AC9
:10FF0800020000000000000000000800001D0000C2
:10FF18000000000021000000000021000000000097
:10FF280000382D0000001F0D0000000000000055E3
:10FF38000900132E0000000000000000004E3337B7
:10FF480000000000000000000000001C000000008D
:10FF58000000000000000000000500000000000094
:10FF680000000000000B051A02000000000000005D
:10FF780000000700001C0000000000003B0000001B
:10FF8800000020000000000000352D0000001E0CBD
:10FF980000000000000000530900122C00000000BF
:10FFA80000000000004C3236000000000000000095
:10FFB8000000001C0000000000000000000000001D
:10FFC800000500000000000000000000000A0419FD
:10FFD800010000000000000000000600001C0000F6
:10FFE800000000004D00000000001F00000000009D
:08FFF80000302E0000001E0C79
:020000040802F0
:1000000000000000000000510A00122C0000000057
:1000100000000000004B323600000000000000002D
:100020000000001B000000000000000000000000B5
:100030000004000000000000000000000009041897
:10004000010000000000000F00000500001B000080
:10005000000000005600000000001F00000000002B
:10006000002D2F0000001D0B000000000000004FBD
:100070000B00112B0000000000000000004A313589
:1000800000000000000000000000001B0000000055
:10009000000000000000000000040000000000005C
:1000A0000000000000080418010000000000002902
:1000B00000000400001A00000000000057000000CB
:1000C00000001E0000000000002B2F0000001D0B90
:1000D000000000000000004E0C00112A000000008B
:1000E0000000000000493135000000000000000061
:1000F0000000001B000000000000000000000000E5
:1001000000030000000000000000000000080418C8
:10011000010000000000004000000300001A000081
:10012000000000005400000000001E00000000005D
:10013000002A300000001C0B000000000000004DF1
:100140000D00102A000000000000000000483034BC
:1001500000000000000000000000001A0000000085
:10016000000000000000000000030000000000008C
:10017000000000000007031701000000000000500D
:100180000000030000190000000000005200000001
:1001900000001E00000000000029300000001C0BC1
:1001A000000000000000004C0E00102A00000000BB
:1001B0000000000000473034000000000000000094
:1001C0000000001A00000000000000000000000015
:1001D000000300000000000000000C0000070316F0
:1001E000010000000000005700000200001A00009B
:1001F000000000005000000000001D000000000092
:100200000028310000001C0B000000000000004C22
:100210000E00102A000000000000000000473034EB
:1002200000000000000000000000001A00000000B4
:1002300000000000000000000003000000000000BB
:1002400000001C0300070316000000000000005916
:100250000000000000190000000000004F00000036
:1002600000001D00000000000027320000001C0BF1
:10027000000000000000004B0F000F2A00000000EB
:1002800000000000004630340000000000000000C4
:100290000000001A00000000000000000000000044
:1002A00000030000000000000000281400070316EF
:1002B00000000000000000590000000000190000CC
:1002C000000000004F00000000001D0000000000C2
:1002D0000026330000001C0A000000000000004B54
:1002E0000F000F2A0000000000000000004630341C
:1002F00000000000000000000000001A00000000E4
:1003000000000000000000000003000000000000EA
:1003100000002D2900060215000000000000005812
:100320000000000000190000000000004F00000065
:1003300000001D00000000000026340000001C0A20
:10034000000000000000004A10000F29000000001B
:1003500000000000004630340000000000000000F3
:100360000000001A00000000000000000000000073
:10037000000200000000000000002E3D00060215F3
:1003800000000000000000580000000000190000FC
:10039000000000004E00000000001D0000000000F2
:1003A0000025350000001B0A000000000000004A84
:1003B00011000F290000000000000000004630344A
:1003C00000000000000000000000001A0000000013
:1003D0000000000000000500000200000000000016
:1003E00000002D4D0006021500000000000000581E
:1003F0000000000000180000000000004E00000097
:1004000000001D00000000000025360000001C0A4E
:10041000000000000000004A12000F290000000048
:100420000000000000463034000000000000000022
:100430000000001A00000000000000000000100092
:10044000000200000000000000002C590005021509
:10045000000000000000005900000000001900002A
:10046000000000004F00000000001D000000000020
:100470000024360000001B0A000000000000004AB3
:1004800012000F2A00000000000000000046313476
:1004900000000000000000000000001A0000000042
:1004A0000000000000001800000200000000000032
:1004B00000002B6100030215000000000000005A3C
:1004C0000000000000180000000000004F000000C5
:1004D00000001D00000000000024370000001C0B7D
:1004E000000000000000004A13000F2A0000000076
:1004F0000000000000463135000000000000000050
:100500000000001A000000000000000000001C08AD
:10051000000200000000000000002A66010202152F
:10052000000000000000005A000000000019000058
:10053000000000005000000000001D00000000004E
:100540000024380000001C0B000000000000004ADE
:1005500014000F2B0000000000000000004732359F
:1005600000000000000000000000001B0000000070
:100570000000000000001E14000200000000000047
:1005800000002A690E010215000000000000005B57
:1005900000000000001900000000000050000000F2
:1005A00000001D00000000000024390000001C0BAA
:1005B000000000000000004B14000F2B00000000A2
:1005C000000000000047323600000000000000007C
:1005D0000000001B000000000000000000001E20C2
:1005E000000200000000000000002A691C02021541
:1005F000000000000000005C000000000019000086
:10060000000000005100000000001D00000000007C
:1006100000243A0000001C0B000000000000004C09
:100620001500102B000000000000000000483336C9
:1006300000000000000000000000001C000000009E
:100640000000000000001D29000200000000000062
:1006500000002B6A29050115000000000000005D64
:10066000000000000019000000000000520000001F
:1006700000001E000000000000243C0000001C0BD5
:10068000000000000000004C1600102C00000000CC
:1006900000000000004934370000000000000000A6
:1006A0000000001C000000000000000000001D2EE3
:1006B000000100000000000000002B69340C001550
:1006C000010000000000005E00000000001A0000B1
:1006D000000000005300000000001E0000000000A9
:1006E00000253D0000001D0B000000000000004D33
:1006F0001700102D0000000000000000004A3538EF
:1007000000000000000000000000001D00000000CC
:100710000000000000001D3000010000000000008B
:1007200000002B6A3C16001601000000000000606B
:1007300000000000001A000000000000550000004A
:1007400000001E000000000000253E0000001E0BFF
:10075000000000000000004E1700112D00000000F6
:1007600000000000004B36390000000000000000CF
:100770000000001D000000000000000000001D310E
:10078000000100000000000000002C6A4226001654
:10079000010000000000006200000000001A0000DC
:1007A000000000005700000000001F0000000000D3
:1007B0000026400000001E0C000000000000005059
:1007C0001900112E0000000000000000004D373A13
:1007D00000000000000000000000001E00000000FB
:1007E0000000000000001D310001000000000000BA
:1007F00000002C6B46380017010000000000006468
:1008000000000000001B0000000000005900000074
:1008100000001F00000000000027420000001F0C25
:1008200000000000000000521A00112F000000001C
:1008300000000000004E383C0000000000000000F6
:100840000000001F000000000000000000001E3239
:10085000000100000000000000002D6C4848001757
:10086000010000000000006600000000001C000005
:10087000000000005B0100000000210000000000FB
:10088000002844000000200D00000000000000547B
:100890001A001231000000000000000000503A3D34
:1008A0000000000000000000000000200000000028
:1008B0000000000000001E320001000000000000E7
:1008C00000002E6D4855001801000000000000686F
:1008D00000000000001C0000000000005D0100009E
:1008E0000000220000000000002A46000000210D48
:1008F00000000000000000561C0013320000000041
:100900000000000000533C3F000000000000000019
:1009100000000021000000000000000000001F3364
:10092000000100000000000000002E6E4965001864
:10093000020000000000006900000000001D00002F
:100940000000000060020000000023000000000022
:10095000002B48000000220E00000000000000599B
:100960001D001434000000000000000000553D414F
:100970000000000000000000000000230000000054
:100980000000000000001F33000100000000000014
:1009900000002F6F49710218020000000000006A79
:1009A00000000600001E00000000000063020000BE
:1009B0000000240000000000002D4B000000240F68
:1009C000000000000000005C1E0015360000000062
:1009D000000000000058404400000000000000003B
:1009E000000000240000000000000000000020348F
:1009F000000100000000000000002F704979051977
:100A0000020000000000006C00000F00001F00004A
:100A10000000000065030000000026000000000048
:100A200000304E00000026110000000000000060B1
:100A3000200016380000000000000000005C434762
:100A40000000000000000000000000260000000080
:100A5000000000000000203500020000000000003F
:100A600000003071497F081A030000000000006C8C
:100A700000001A00002100000000000066030000D2
:100A80000000280000000000003251000000271282
:100A900000000000000000652200173B000000007D
:100AA000000000000060464A000000000000000056
:100AB00000000028000000000000000000002035B9
:100AC00000020000000000000000307249830A1B91
:100AD000040000000000006D00002600002200005D
:100AE0000000000067030000000029000000000073
:100AF0000033540000002A13000000000000006AC8
:100B00002400193E000000000000000000654A4E6D
:100B100000000000000000000000002B00000000AA
:100B2000000000000000213600020000000000006C
:100B3000000031734A840B1D040000000000006EA9
:100B400000003103002500000000000068030000E1
:100B500000002C00000000000033550000002C15A0
:100B6000000000000000006F28001B420000000091
:100B700000000000006B4F52000000000000000069
:100B80000000002E000000000000000000002136E0
:100B90000003000000000000000032744B850C1FB1
:100BA000060000000000006F00003C0B0026000063
:100BB0000000000069040000000030000000000098
:100BC00000345600000030170000000000000071E3
:100BD0002A001E4700000000000000000072545868
:100BE00000000000000000000000003200000000D3
:100BF0000000000000002237000400000000000098
:100C0000000032754C870C220700000000000071C4
:100C100000004712002A0000000000006A040000E3
:100C200000003400000000000035570000003419B7
:100C300000000000000000722C00214C00000000A9
:100C4000000000000078595E000000000000000075
:100C50000000003600000000000000000000223804
:100C60000006000000000000000033764D870D25CF
:100C7000080000000000007100004F19002E000065
:100C8000000000006B0400000000390000000000BC
:100C9000003558000000391D0000000000000073FE
:100CA0002C0025520000000000000000007A5F6662
:100CB00000000000000000000000003A00000000FA
:100CC00000000000000022390007000000000000C2
:100CD000000033774E880E290A00000000000072E1
:100CE0000000561C00340000000000006C040000EE
:100CF00000003E00000000000036580000003F20C9
:100D000000000000000000742D002A5A00000000BE
:100D100000000000007B6370000000000000000085
:100D20000000003D0000000000000000000023392A
:100D30000008010000000000000034784E8A0F2EE9
:100D40000D0000000000007300005D20003900006D
:100D5000000000006D0500000000440000000000DD
:100D60000036590000004524000000000000007516
:100D70002D002E620000000000000000007C65775E
:100D800000000000000000000000003E0000000025
:100D90000000000000002439000A020000000000EA
:100DA000000035794F8B11330F00000000000074F4
:100DB00000006421003F0000000000006E050004F8
:100DC00000004C000000000000375A0000004D29D0
:100DD00000000000000000762E00336C00000000D0
:100DE00000000000007D657A0000000000000000A7
:100DF0000000003E00000000000000000000243A57
:100E0000000C0300000000000000357A4F8D1339FC
:100E1000120000000000007600006A210047000078
:100E2000000000006F05000D0000550000000000EC
:100E300000385B000000562F000000000000007723
:100E40002E0034730000000000000000007E667B6E
:100E500000000000000000000000003F0000000053
:100E6000000000000000243B000F0500000000000F
:100E70000000367B518E1640150000000000007700
:100E800000006F21005000000000000070050017F6
:100E900000005E000000000000385C0000005D34CF
:100EA00000000000000000782F00357500000000F1
:100EB00000000000007F677C0000000000000000D0
:100EC0000000003F00000000000000000000253C82
:100ED00000120700000000000000367D5190194804
:100EE0001900000000000077000075210058000084
:100EF00000000000710600210003690000000000EE
:100F000000395D0000005F3800000000000000793B
:100F10002F00357600000000000000000080687D92
:100F20000000000000000000000000400000000081
:100F3000000000000000253C001609000000000031
:100F40000000377D52931D501E0000000000007805
:100F500000007A2000630000000000007206002AF2
:100F6000000471000000000000395E0000006039DC
:100F7000000000000000007A2F003677000000001B
:100F8000000000000081697E0000000000000000F9
:100F90000000004000000000000000000000263DAE
:100FA000001A0C00000000000000387E5295205A04
:100FB000230000000000007A00007E20006F000087
:100FC000000000007306002F000474000000000001
:100FD000003A5F0000006139000000000000007B63
:100FE0003000367800000000000000000082697FB9
:100FF00000000000000000000000004100000000B0
:10100000000000000000263D001E0F000000000050
:101010000000387F53972564290000000000007A03
:101020000000841F007600000000000074060037F6
:101030000005740000000000003A5F000000623A02
:10104000000000000000007C300037790000000044
:101050000000000000836A80000000000000000023
:101060000000004200000000000000000000273ED9
:10107000002313000000000000003880539A2A70FB
:101080002F0000000000007C0000891E0078000096
:10109000000000007506003B000575000000000020
:1010A000003B60000000633A000000000000007D8B
:1010B0003100387A000000000000000000846B81DD
:1010C00000000000000000000000004200000000DE
:1010D000000000000000273E00281800000000006B
:1010E00000003981539D307B310000000000007CFE
:1010F00000008E1D00790000000000007606004010
:101100000005760000000000003B61000000643B29
:10111000000000000000007E3200387B000000006C
:101120000000000000856B8200000000000000004D
:101130000000004300000000000000000000283E06
:10114000002F1D000000000000003A8253A13783E9
:10115000320000000000007E0000941D007A0000B4
:101160000000000077060044000577000000000042
:10117000003C62000000643B000000000000007FB3
:101180003200397C000000000000000000866C8303
:10119000000000000000000000000043000000000C
:1011A000000000000000283F003620000000000082
:1011B00000003A8354A43E87320000000000007F04
:1011C00000009A1C007B0000000000007706004829
:1011D0000005780000000000003D62000000653C52
:1011E000000000000000008032003A7D0000000096
:1011F0000000000000876D85000000000000000076
:101200000000004400000000000000000000283F33
:10121000013D22000000000000003B8554A84589E4
:10122000320000000000007F0000A01B007C0000D6
:101230000000000079060049000579000000000068
:10124000003D63000000663D0000000000000081DA
:1012500033003A7E000000000000000000886D8628
:10126000000000000000000000000044000000003A
:10127000000000000000294002432300000000009D
:1012800000003B8554AC4B8A330000000000008115
:101290000000A61A007D0000000000007A06004B46
:1012A00000057A0000000000003E64000000673D79
:1012B000000000000000008234003A7F00000000BF
:1012C0000000000000896E870000000000000000A0
:1012D00000000045000000000000000000002A405F
:1012E000044623000000000000003C8655B2518AED
:1012F00033000000000000820000AB19007E0000F7
:10130000000000007A06004C00057B000000000091
:10131000003F65000000683E000000000000008300
:1013200034003B800000000000000000008A6F884D
:101330000000000000000000000000450000000068
:101340000000000000002A400748230000000000C1
:1013500000003C8755B7558B340000000000008228
:101360000000B119007F0000000000007B06004D66
:1013700000057C0000000000003F66000000693EA0
:10138000000000000000008435003C8000000000E8
:1013900000000000008B6F890000000000000000CA
:1013A00000000046000000000000000000002A418C
:1013B000084823000000000000003D8855BD578B01
:1013C00034000000000000840000B619007F000017
:1013D000000000007C06004E00067C0000000000BB
:1013E0000040670000006A3F000000000000008528
:1013F00036003C820000000000000000008C708A73
:101400000000000000000000000000470000000095
:101410000000000000002B410949230000000000EB
:1014200000003E8956C1598C350000000000008440
:101430000000BD1900800000000000007D06004E85
:1014400000067D00000000000040670000006A3FC9
:10145000000000000000008636003D820000000011
:1014600000000000008D718A0000000000000000F4
:1014700000000047000000000000000000002B41B9
:10148000094A24000000000000003E8957C4598D1D
:1014900035000000000000850001C2190081000035
:1014A000000000007E07004F00067F0000000000E3
:1014B0000041680000006B40000000000000008751
:1014C00036003D830000000000000000008E718B9C
:1014D00000000000000000000000004800000000C4
:1014E0000000000000002C42094A24000000000017
:1014F00000003E8A58C7598E360000000000008662
:101500000005C91900820000000000007F07004F9D
:1015100000077F00000000000041690000006C41EE
:10152000000000000000008837003E84000000003A
:1015300000000000008F728C00000000000000001E
:1015400000000048000000000000000000002C42E5
:10155000094B24000000000000003F8B5ACA5A8F3C
:1015600037000000000000870008CF18008300004B
:10157000000000008007005000078000000000000D
:1015800000426A0000006D41000000000000008978
:1015900037003F8500000000000000000090728DC1
:1015A00000000000000000000000004800000000F3
:1015B0000000000000002D43094B25000000000042
:1015C00000003F8C5BCD5A9037000000000000887F
:1015D000000AD51800840000000000008007004FBA
:1015E000000781000000000000426A0000006D4218
:1015F000000000000000008A38003F860000000064
:10160000000000000091738E000000000000000048
:1016100000000049000000000000000000002D4311
:10162000094C2500000000000000408C5ED15B9159
:101630003700000000000089000DDB180085000065
:101640000000000081070050000782000000000039
:1016500000436B0000006E42000000000000008AA2
:101660003900408700000000000000000092748FE5
:1016700000000000000000000000004A0000000020
:101680000000000000002E43094D2600000000006D
:101690000000418D5FD35B9238000000000000899C
:1016A0000010E118008500000000000082080050D2
:1016B000000782000000000000446C0000006F433F
:1016C000000000000000008B39004087000000008F
:1016D0000000000000937490000000000000000073
:1016E0000000004A000000000000000000002E433F
:1016F000094D2600000000000000418E61D55C937A
:10170000380000000000008A0012E6170086000082
:101710000000000083080050000783000000000064
:1017200000446D0000006F43000000000000008CCA
:10173000390040890000000000000000009375910E
:1017400000000000000000000000004B000000004E
:101750000000000000002E440A4E26000000000099
:101760000000428E62D75C93380000000000008BBE
:101770000014EA17008700000000000083080050F2
:10178000000784000000000000446D000000704469
:10179000000000000000008D3A00418900000000B8
:1017A000000000000094759200000000000000009E
:1017B0000000004B000000000000000000002F446B
:1017C0000A4E2700000000000000428F63D85C949E
:1017D000390000000000008B0016EC1700880000A4
:1017E000000000008408005100088500000000008F
:1017F00000456D0000007144000000000000008EF4
:101800003A00418A00000000000000000095769236
:1018100000000000000000000000004C000000007C
:101820000000000000002F440A4E270000000000C6
:101830000000428F64D95D95390000000000008CE3
:101840000017EF1800880000000000008509005113
:10185000000886000000000000456E000000714591
:10186000000000000000008E3B00428A00000000E3
:1018700000000000009676930000000000000000C9
:101880000000004C000000000000000000002F4598
:101890000A4F2700000000000000439065D95E96C3
:1018A0003A0000000000008D0018F11800890000C7
:1018B00000000000850900510008860000000000BB
:1018C00000466F0000007245000000000000008F1D
:1018D0003B00428B0000000000000000009677945F
:1018E00000000000000000000000004D00000000AB
:1018F00000000000000030450A4F270000000000F3
:101900000000439065DA5E963A0000000000008D0A
:101910000019F118008A000000000000860900523A
:10192000000887000000000000466F0000007345BB
:1019300000000000000000903B00438B000000000E
:1019400000000000009777940000000000000000F5
:101950000000004D000000000000000000003045C5
:101960000B4F2800000000000000449166DA5E97EB
:101970003B0000000000008E0019F218008A0000F1
:1019800000000000860900520008870000000000E7
:101990000046700000007345000000000000009049
:1019A0003C00438C00000000000000000098789587
:1019B00000000000000000000000004D00000000DA
:1019C00000000000000030450A5028000000000020
:1019D0000000449266DB5F973B0000000000008E31
:1019E0000019F319008B0000000000008709005265
:1019F00000088800000000000047700000007346E7
:101A000000000000000000913C00438C000000003A
:101A10000000000000987895000000000000000021
:101A20000000004E000000000000000000003046F2
:101A30000B502800000000000000449266DB5F9716
:101A40003B0000000000008E001AF419008B00001B
:101A50000000000087090053000888000000000013
:101A60000047700000007446000000000000009174
:101A70003C00438D000000000000000000987996B3
:101A800000000000000000000000004E0000000008
:101A900000000000000031460B502900000000004B
:101AA0000000449266DC5F983B0000000000008F5D
:101AB000001AF419008C0000000000008709005390
:101AC0000008880000000000004770000000744615
:101AD00000000000000000913C00448D0000000068
:101AE000000000000099799600000000000000004E
:101AF0000000004E00000000000000000000314621
:101B00000B502900000000000000449267DC5F9841
:101B10003C0000000000008F001AF419008C000047
:101B20000000000088090053000889000000000040
:101B300000487000000074470000000000000091A1
:101B40003C00438D000000000000000000997996E1
:101B500000000000000000000000004E0000000037
:101B600000000000000031460B502900000000007A
:101B70000000449267DC5F983C0000000000008F8A
:101B8000001AF419008C00000000000088090053BE
:101B90000008890000000000004870000000744741
:101BA00000000000000000913C00438D0000000098
:101BB000000000000099799600000000000000007D
:101BC0000000004E00000000000000000000314650
:101BD0000B502900000000000000449267DC5F9871
:101BE0003C0000000000008F001AF419008C000077
:101BF0000000000088090053000889000000000070
:101C000000487000000074470000000000000091D0
:101C10003C00438D00000000000000000099799610
:101C200000000000000000000000004E0000000066
:101C300000000000000031460B50290000000000A9
:101C40000000449267DC5F983C0000000000008FB9
:101C5000001AF419008C00000000000088090053ED
:101C60000008890000000000004870000000744770
:101C700000000000000000913C00438D00000000C7
:101C800000000000009979960000000000000000AC
:101C90000000004E0000000000000000000031467F
:101CA0000B502900000000000000449267DC5F98A0
:101CB0003C0000000000008F001AF419008C0000A6
:101CC000000000008809005300088900000000009F
:101CD0000048700000007447000000000000009100
:101CE0003C00438D00000000000000000099799640
:101CF00000000000000000000000004E0000000096
:101D000000000000000031460B50290000000000D8
:101D10000000449267DC5F983C0000000000008FE8
:101D2000001AF419008C000000000000880900531C
:101D3000000889000000000000487000000074479F
:101D400000000000000000913C00438D00000000F6
:101D500000000000009979960000000000000000DB
:101D60000000004E000000000000000000003146AE
:101D70000B502900000000000000449267DC5F98CF
:101D80003C0000000000008F001AF419008C0000D5
:101D900000000000880900530008890000000000CE
:101DA000004870000000744700000000000000912F
:101DB0003C00438D0000000000000000009979966F
:101DC00000000000000000000000004E00000000C5
:101DD00000000000000031460B5029000000000008
:101DE0000000449267DC5F983C0000000000008F18
:101DF000001AF419008C000000000000880900534C
:101E000000088900000000000048700000007447CE
:101E100000000000000000913C00438D0000000025
:101E2000000000000099799600000000000000000A
:101E30000000004E000000000000000000003146DD
:101E40000B502900000000000000449267DC5F98FE
:101E50003C0000000000008F001AF419008C000004
:101E600000000000880900530008890000000000FD
:101E7000004870000000744700000000000000915E
:101E80003C00438D0000000000000000009979969E
:101E900000000000000000000000004E00000000F4
:101EA00000000000000031460B5029000000000037
:101EB0000000449267DC5F983C0000000000008F47
:101EC000001AF419008C000000000000880900537B
:101ED00000088900000000000048700000007447FE
:101EE00000000000000000913C00438D0000000055
:101EF000000000000099799600000000000000003A
:101F00000000004E0000000000000000000031460C
:101F10000B502900000000000000449267DC5F982D
:101F20003C0000000000008F001AF419008C000033
:101F3000000000008809005300088900000000002C
:101F4000004870000000744700000000000000918D
:101F50003C00438D000000000000000000997996CD
:101F600000000000000000000000004E0000000023
:101F700000000000000031460B5029000000000066
:101F80000000449267DC5F983C0000000000008F76
:101F9000001AF419008C00000000000088090053AA
:101FA000000889000000000000487000000074472D
:101FB00000000000000000913C00438D0000000084
:101FC0000000000000997996000000000000000069
:101FD0000000004E0000000000000000000031463C
:101FE0000B502900000000000000449267DC5F985D
:101FF0003C0000000000008F001AF419008C000063
:10200000000000008809005300088900000000005B
:1020100000487000000074470000000000000091BC
:102020003C00438D000000000000000000997996FC
:1020300000000000000000000000004E0000000052
:1020400000000000000031460B5029000000000095
:102050000000449267DC5F983C0000000000008FA5
:10206000001AF419008C00000000000088090053D9
:10207000000889000000000000487000000074475C
:1020800000000000000000913C00438D00000000B3
:102090000000000000997996000000000000000098
:1020A0000000004E0000000000000000000031466B
:1020B0000B502900000000000000449267DC5F988C
:1020C0003C0000000000008F001AF419008C000092
:1020D000000000008809005300088900000000008B
:1020E00000487000000074470000000000000091EC
:1020F0003C00438D0000000000000000009979962C
:1021000000000000000000000000004E0000000081
:1021100000000000000031460B50290000000000C4
:102120000000449267DC5F983C0000000000008FD4
:10213000001AF419008C0000000000008809005308
:10214000000889000000000000487000000074478B
:1021500000000000000000913C00438D00000000E2
:1021600000000000009979960000000000000000C7
:102170000000004E0000000000000000000031469A
:102180000B502900000000000000449267DC5F98BB
:102190003C0000000000008F001AF419008C0000C1
:1021A00000000000880900530008890000000000BA
:1021B000004870000000744700000000000000911B
:1021C0003C00438D0000000000000000009979965B
:1021D00000000000000000000000004E00000000B1
:1021E00000000000000031460B50290000000000F4
:1021F0000000449267DC5F983C0000000000008F04
:10220000001AF419008C0000000000008809005337
:1022100000088900000000000048700000007447BA
:1022200000000000000000913C00438D0000000011
:1022300000000000009979960000000000000000F6
:102240000000004E000000000000000000003146C9
:102250000B502900000000000000449267DC5F98EA
:102260003C0000000000008F001AF419008C0000F0
:1022700000000000880900530008890000000000E9
:10228000004870000000744700000000000000914A
:102290003C00438D0000000000000000009979968A
:1022A00000000000000000000000004E00000000E0
:1022B00000000000000031460B5029000000000023
:1022C0000000449267DC5F983C0000000000008F33
:1022D000001AF419008C0000000000008809005367
:1022E00000088900000000000048700000007447EA
:1022F00000000000000000913C00438D0000000041
:102300000000000000997996000000000000000025
:102310000000004E000000000000000000003146F8
:102320000B502900000000000000449267DC5F9819
:102330003C0000000000008F001AF419008C00001F
:102340000000000088090053000889000000000018
:102350000048700000007447000000000000009179
:102360003C00438D000000000000000000997996B9
:1023700000000000000000000000004E000000000F
:1023800000000000000031460B5029000000000052
:102390000000449267DC5F983C0000000000008F62
:1023A000001AF419008C0000000000008809005396
:1023B0000008890000000000004870000000744719
:1023C00000000000000000913C00438D0000000070
:1023D0000000000000997996000000000000000055
:1023E0000000004E00000000000000000000314628
:1023F0000B502900000000000000449267DC5F9849
:102400003C0000000000008F001AF419008C00004E
:102410000000000088090053000889000000000047
:1024200000487000000074470000000000000091A8
:102430003C00438D000000000000000000997996E8
:1024400000000000000000000000004E000000003E
:1024500000000000000031460B5029000000000081
:102460000000449267DC5F983C0000000000008F91
:10247000001AF419008C00000000000088090053C5
:102480000008890000000000004870000000744748
:1024900000000000000000913C00438D000000009F
:1024A0000000000000997996000000000000000084
:1024B0000000004E00000000000000000000314657
:1024C0000B502900000000000000449267DC5F9878
:1024D0003C0000000000008F001AF419008C00007E
:1024E0000000000088090053000889000000000077
:1024F00000487000000074470000000000000091D8
:102500003C00438D00000000000000000099799617
:1025100000000000000000000000004E000000006D
:1025200000000000000031460B50290000000000B0
:102530000000449267DC5F983B0000000000008FC1
:10254000001AF419008C00000000000088090053F4
:102550000008890000000000004871000000744677
:1025600000000000000000913D00448D00000000CC
:1025700000000000009979960000000000000000B3
:102580000000004E00000000000000000000314686
:102590000B502800000000000000449267DC5F98A8
:1025A0003B0000000000008F001AF419008B0000AF
:1025B00000000000870A00530009880000000000A6
:1025C0000047710000007446000000000000009108
:1025D0003D00448D00000000000000000099799645
:1025E00000000000000000000000004E000000009D
:1025F00000000000000030450A4F280000000000E5
:102600000000449367DB5F983B0000000000008FF0
:102610000019F419008B000000000000870A005325
:1026200000098800000000000046720000007545A7
:1026300000000000000000903E00458D00000000FA
:102640000000000000987A950000000000000000E3
:102650000000004D000000000000000000002F45B9
:102660000A4E2700000000000000439367DB6098DB
:102670003A0000000000008E0019F418008B0000E2
:1026800000000000870B0053000A880000000000D3
:102690000045730000007644000000000000008F39
:1026A0003F00468C000000000000000000977B9473
:1026B00000000000000000000000004C00000000CE
:1026C0000000000000002E44094D2600000000001C
:1026D0000000419368DA6098390000000000008E25
:1026E0000019F418018A000000000000860C005256
:1026F000000B8600000000000043740000007742D9
:10270000000000000000008D4100488A0000000029
:102710000000000000967C93000000000000000014
:102720000000004B000000000000000000002D43EE
:10273000084C2500000000000000409469D9619811
:10274000380000000000008D0018F4170289000016
:1027500000000000850D0052000D85000000000003
:10276000004076000000793F000000000000008B70
:1027700043004A87000000000000000000957E91A1
:1027800000000000000000000000004A00000000FF
:102790000000000000002B4106492300000000005B
:1027A00000003D956AD76298360000000000008B5B
:1027B0000017F4150487000000000000830F00518B
:1027C000000F830000000000003D790000007C3C09
:1027D000000000000000008847004D840000000059
:1027E000000000000092818F000000000000000047
:1027F0000000004800000000000000000000283E2B
:102800000546200000000000000039956CD5649852
:1028100034000000000000890116F4140685000051
:102820000000000080130050001281000000000032
:1028300000387C0000007F370000000000000083AB
:102840004B00517F0000000000000000008E858CCE
:102850000000000000000000000000450000000033
:10286000000000000000243A02411D0000000000AA
:10287000000035966ED2669831000000000000849A
:102880000415F31209830000000000007C17004EBD
:1028900000177D000000000000318100000083303F
:1028A000000000000000007C52005778000000008B
:1028B00000000000008A8B8700000000000000007C
:1028C00000000041000000000000000000001E3475
:1028D000003A17000000000000002D9671CC6A98A5
:1028E0002B0000000000007F0B13F30E0E7E000093
:1028F00000000000741F004B001F76000000000065
:1029000000268600000089250000000000000071FC
:102910005B005F6D00000000000000000080917E01
:1029200000000000000000000000003B000000006C
:10293000000000000000152A002E0F00000000001B
:102940000000219774C16E972200000000000074FF
:102950001710F1091775000000000000672C0047F0
:10296000002C69000000000000178D0000008F158A
:10297000000000000000005D6A006D5900000000CA
:102980000000000000729C700000000000000000C9
:102990000000003100000000000000000000081CE2
:1029A000001E050000000000000012937AB175942B
:1029B0001700000000000061280BEF0224660000F1
:1029C00000000000533E0042003E550000000000A1
:1029D000000491000000920200000000000000428C
:1029E00079007B3E0000000000000000005DA85C54
:1029F00000000000000000000000002300000000B4
:102A0000000000000000011200140000000000009F
:102A10000000098E7CA4778F0F0000000000005496
:102A2000340AEE002D5C000000000000444B004022
:102A3000004B46000000000000008E0000008E00E9
:102A400000000000000000317F00822D0000000027
:102A5000000000000051AC4F00000000000000002A
:102A60000000001B00000000000000000000000D3E
:102A7000000F0000000000000000048B7D9C788C9B
:102A80000B0000000000004C3B09ED003355000036
:102A9000000000003B52003E00513D0000000000DD
:102AA00000008C0100058B000000000000000028E1
:102AB0008200842400000000000000000049AD47AF
:102AC00000000000000000000000001600000000F0
:102AD000000000000000000A000C000000000000E0
:102AE000000001887E9879890800000000000047F6
:102AF0003E09EC0037510000000000003655003D53
:102B00000056380000000000000089050009880018
:102B100000000000000000238300851E000000006C
:102B2000000000000045AE42000000000000000070
:102B3000000000120000000000000000000000097A
:102B4000000A000000000000000000867F957A88DF
:102B500006000000000000444108EB00394E000070
:102B6000000000003257003C005934000000000013
:102B700000008708000C8600000000000000001F15
:102B80008400861A00000000000000000042AF3FF1
:102B90000000000000000000000000100000000025
:102BA0000000000000000007000800000000000016
:102BB000000000857F937A87050000000000004137
:102BC0004308EB003B4B0000000000003059003B85
:102BD000005A3200000000000000850A000E840048
:102BE000000000000000001D8500861800000000A5
:102BF000000000000040AF3D0000000000000000A9
:102C00000000000F000000000000000000000006AF
:102C100000070000000000000000008380917B8618
:102C2000040000000000003F4508EA003D4A0000A3
:102C3000000000002D5B003B005C30000000000045
:102C40000000840B00108300000000000000001B47
:102C5000850086160000000000000000003FAF3B2A
:102C600000000000000000000000000E0000000056
:102C70000000000000000006000700000000000047
:102C8000000000827F907B85030000000000003E72
:102C90004608EA003D490000000000002C5C003BB3
:102CA000005D2F00000000000000840C0011820075
:102CB000000000000000001A8500861500000000DA
:102CC00000000000003EAF3A0000000000000000DD
:102CD0000000000D000000000000000000000005E2
:102CE000000600000000000000000082808F7B844E
:102CF000030000000000003D4607EA003E480000D7
:102D0000000000002B5C003A005D2E000000000077
:102D10000000830C00128100000000000000001978
:102D2000850086140000000000000000003DB0395E
:102D300000000000000000000000000D0000000086
:102D40000000000000000005000500000000000079
:102D500000000081808F7B84030000000000003CA5
:102D60004608E9003E470000000000002B5D003AE5
:102D7000005E2D00000000000000820D00128100A6
:102D8000000000000000001985008714000000000A
:102D900000000000003DB03900000000000000000D
:102DA0000000000C00000000000000000000000413
:102DB0000005000000000000000000817F8F7B8480
:102DC000030000000000003C4708E9003E47000007
:102DD000000000002A5D003A005E2D0000000000A7
:102DE0000000820D001280000000000000000018AA
:102DF000850086130000000000000000003CAF3991
:102E000000000000000000000000000C00000000B6
:102E100000000000000000040005000000000000A9
:102E2000000000817F8E7B84030000000000003CD6
:102E30004708E9003F470000000000002A5D003A13
:102E4000005E2D00000000000000820D00128000D6
:102E5000000000000000001885008613000000003C
:102E600000000000003CAF3800000000000000003F
:102E70000000000C000000000000000000003240D4
:102E800000442E000000000000003F8C6AD1628CDC
:102E900047000000000000820215F10E00850000CE
:102EA000000000007326003A0025760000000000B4
:102EB000001D8F000000911C000000000000006653
:102EC00064006663000000000000000000808D8048
:102ED000000000000000000000000053000000009F
:102EE0000000000000005C6119685600000000004E
:102EF00000006C7159E850737000000000000094ED
:102F00000022F31D00950000000000008F09003B27
:102F1000000791000000000000457A0000007C4599
:102F2000000000000000008F4300448D00000000FE
:102F300000000000009E6A9E0000000000000000EB
:102F40000000047A04000000000000000000777612
:102F50002D7E710000000000000088574EF3435C96
:102F60008A00000000000196002AF2280095020065
:102F7000000000009A00003C00009B0000000000E0
:102F8000006464000000656400000000000000A50B
:102F90002A002CA500000000000000000DAC4EAC83
:102FA0000C0000000000000000001491140000005C
:102FB0000000000000098A843D8C840500000000A8
:102FC00000009A4346FA3C49990000000000109323
:102FD0000030F22F00921000000000009D00003D24
:102FE00000009D0200000000007951000000527BAB
:102FF00000000000000000B018001AB0000000003F
:10300000000000001FB13AB01D00000000000000E9
:10301000000022A122000000000000000013958D96
:103020004A95910E000000000000A43340FD373A9D
:10303000A400000000001C8E0033F234008E1A0041
:10304000000000089D00003E00009C0C00000000F5
:10305000008942000000438B00000000000008B51A
:103060000B000EB507000000000000002FB02AB0D2
:103070002C00000000000000000030A92E0000001D
:1030800000000000001D9D94559B9B160000000051
:103090000000AC283DFF3430AB0000000000278862
:1030A0000036F23900892400000000119B00003F27
:1030B00000009914000000000094370000003796CB
:1030C00000000000000012B7030006B71100000066
:1030D000000000003DAE20B03900000000000000FC
:1030E00000003BB039000000000000000024A3995C
:1030F0005E9FA11C000000000000B0203BFF3228B2
:10310000AF00000000002F830039F23C00852B0047
:1031100000000018980000400000961C000000000D
:10312000009C2E0000002E9E0000000000001BB638
:10313000000000B7190000000000000048AC18AE05
:103140004300000000000000000044B44100000003
:1031500000000000002BA69C63A2A5220000000036
:103160000001B21A39FF3122B20000000000367FA0
:10317000003AF23E008231000000001D960000403F
:10318000000094220000000000A12700000028A3F6
:1031900000000000000021B5000000B71F00000083
:1031A0000000000050A911AC4C000000000000001D
:1031B00000004BB64800000000000000002FA89E51
:1031C00067A4A726000000000003B31537FF301DD9
:1031D000B400000000003A7B003BF2400080350064
:1031E0000000002195000041000091250000000032
:1031F00000A52300000023A600000000000027B463
:10320000000000B6250000000000000056A70DAA2F
:103210005100000000000000000050B84C00000009
:10322000000000000032AAA06AA5A9280000000042
:103230000005B41236FF301AB500000000003D79D9
:10324000003CF241007E3800000000249300004161
:10325000000090280000000000A72000000020A827
:103260000000000000002AB3000000B528000000A4
:10327000000000005BA50BA9550000000000000045
:10328000000054B94F000000000000000034AAA064
:103290006CA6AA2A000000000007B41036FF3019FF
:1032A000B501000000003F78003DF242007C39008B
:1032B000000000269200004100008F2A000000005C
:1032C00000A81E0000001FAA0000000000002CB291
:1032D000000000B52A000000000000005DA409A85D
:1032E0005700000000000000000056BA5100000026
:1032F000000000000034AAA06DA6AA2A0000000069
:103300000007B51036FF2F19B502000000003F7707
:10331000003DF242007C3A0000000026920000418D
:1033200000008E2A0000000000A81E0000001EAA57
:103330000000000000002DB2000000B52A000000CF
:10334000000000005EA409A8580000000000000072
:10335000000056BA52000000000000000034AAA08D
:103360006CA6AA29000000000007B41036FF2F1930
:10337000B501000000003F78003DF242007D3900B9
:10338000000000269200004100008F2A000000008B
:1033900000A81E0000001FAA0000000000002CB2C0
:1033A000000000B52A000000000000005DA409A88C
:1033B0005700000000000000000056BA5100000055
:1033C000000000000032A9A06BA5A92800000000A1
:1033D0000005B41336FF301BB500000000003D7936
:1033E000003DF241007E37000000002493000041C0
:1033F000000090290000000000A71F00000020A985
:103400000000000000002BB3000000B52800000001
:10341000000000005BA50BA95500000000000000A3
:10342000000054B94F00000000000000002EA89ECC
:1034300067A4A723000000000002B31637FF301F67
:10344000B300000000003A7C003CF24100813300F0
:1034500000000021940000420000922500000000BE
:1034600000A52200000023A600000000000027B4F1
:10347000000000B6240000000000000057A70FABBA
:10348000500000000000000000004FB74A0000009C
:10349000000000000027A69B62A2A31D0000000000
:1034A0000000B11E39FF3126B0000000000032815B
:1034B000003AF23F00852C000000001B96000043FC
:1034C0000000941F0000000000A02800000029A2B6
:1034D00000000000000021B5000000B71E00000041
:1034E000000000004FAA16AE4800000000000000D7
:1034F000000048B44200000000000000001B9D9541
:10350000599D9B12000000000000AC2A3CFF34349F
:10351000A9000000000027890038F13C008D21003F
:10352000000000129A0000440000991500000000FD
:10353000009832000000349900000000000017B627
:10354000000006B8130000000000000041AE24B3E4
:10355000390000000000000000003BAD3400000016
:103560000000000000058A874490840000000000ED
:103570000000984944FB3A53950000000000109663
:103580000031F33500970A00000000029D0000485A
:1035900000009D02000000000082470000004D82F4
:1035A00000000000000004B413001CB30000000081
:1035B0000000000026B143B21B0000000000000024
:1035C0000000229919000000000000000000546271
:1035D0001F6E4D00000000000000627F57EC4F8618
:1035E0005C000000000000970023F3240095000019
:1035F000000000009204004E000492000000000051
:1036000000546F000000794E000000000000009A96
:103610003E0051900000000000000000009F8197D4
:103620000000000000000000000000650000000035
:10363000000000000000394E105832000000000069
:103640000000449263E15A953F0000000000008CA6
:10365000001BF41B048800000000000084130052CB
:103660000015830000000000003C7F000000893549
:10367000000000000000008554006A770000000090
:1036800000000000008D9B7F000000000000000093
:1036900000000048000000000000000000002D4570
:1036A0000A4F2600000000000000369767DB609993
:1036B00032000000000000840817F4170E8000009C
:1036C000000000007C1B0054001E7B000000000076
:1036D0000031850000008E2A000000000000007A02
:1036E0005D00736900000000000000000083A67206
:1036F00000000000000000000000003C000000008E
:1037000000000000000027400749200000000000E2
:10371000000030986BD8629A2C00000000000080F6
:103720000E15F415137B000000000000771F0054F5
:103730000022770000000000002C88000000912586
:1037400000000000000000756300796300000000C5
:1037500000000000007DAA6C0000000000000000D6
:103760000000003500000000000000000000233DC4
:1037700005461D000000000000002C9A6DD6649BD9
:10378000280000000000007E1114F31416780000D9
:1037900000000000752200550025730000000000A5
:1037A0000029890000009222000000000000007241
:1037B00066007B5F0000000000000000007BAC683A
:1037C00000000000000000000000003100000000C8
:1037D000000000000000223C05451C000000000025
:1037E00000002A9A6ED5659B270000000000007C2F
:1037F0001314F31318770000000000007423005521
:10380000002672000000000000288A0000009320BB
:10381000000000000000007067007C5D00000000F8
:10382000000000000079AD6600000000000000000C
:103830000000003000000000000000000000213BFC
:1038400004441C000000000000002A9A6ED5669B0C
:10385000260000000000007C1314F3131977000009
:1038600000000000732300550027720000000000D4
:1038700000278A0000009320000000000000006F75
:1038800067007D5C00000000000000000078AD656E
:1038900000000000000000000000002F00000000F9
:1038A000000000000000213B04441C000000000058
:1038B00000002A9A6ED5659B260000000000007C5F
:1038C0001314F31318770000000000007323005551
:1038D000002672000000000000288A0000009320EB
:1038E000000000000000006F67007C5D0000000029
:1038F000000000000079AD6600000000000000003C
:103900000000002F00000000000000000000223C2A
:1039100005451C000000000000002A9A6ED5659B3A
:10392000270000000000007D1214F3131877000038
:103930000000000074220055002573000000000004
:1039400000288900000092210000000000000071A2
:1039500066007B5E0000000000000000007AAB689B
:103960000000000000000000000000300000000027
:10397000000000000000233C05451D000000000081
:1039800000002C996DD6659B280000000000007F88
:103990001014F31416790000000000007620005582
:1039A0000024750000000000002B88000000902417
:1039B0000000000000000073630078620000000057
:1039C00000000000007CA96B000000000000000067
:1039D0000000003200000000000000000000253F51
:1039E00006481F0000000000000031986CD7649B5F
:1039F0002B000000000000820B15F415127E000061
:103A0000000000007A1B0054001D7A000000000036
:103A10000030840000008C2A000000000000007AC2
:103A20005B006E6B00000000000000000082A174CB
:103A3000000000000000000000000037000000004F
:103A40000000000000002D43094D2500000000008B
:103A500000003D9668DA6199350000000000008B97
:103A60000018F4170686000000000000830F0054C1
:103A70000011830000000000003E790000007E3C41
:103A8000000000000000008948005581000000008F
:103A90000000000000918A8B000000000000000080
:103AA00000000045000000000000000000002F455D
:103AB0000A4F2700000000000000429367DB609877
:103AC000390000000000008E0019F418028A00007E
:103AD00000000000860C0053000B8700000000006F
:103AE0000044740000007842000000000000008ED6
:103AF00041004A89000000000000000000967F920B
:103B000000000000000000000000004A000000006B
:103B100000000000000030460B50280000000000AC
:103B20000000449367DB5F983B0000000000008FBB
:103B3000001AF419008B000000000000870A0053EF
:103B4000000A880000000000004672000000754571
:103B500000000000000000903E00458C00000000C6
:103B60000000000000987B950000000000000000AD
:103B70000000004D00000000000000000000314681
:103B80000B502900000000000000449266DC5F98A2
:103B90003B0000000000008F001AF419008B0000A9
:103BA00000000000880900530008890000000000A0
:103BB0000048710000007446000000000000009101
:103BC0003D00448D0000000000000000009979963F
:103BD00000000000000000000000004E0000000097
:103BE00000000000000031460B50290000000000DA
:103BF0000000449267DC5F983C0000000000008FEA
:103C0000001AF419008C000000000000880900531D
:103C100000088900000000000048700000007446A1
:103C200000000000000000913C00438D00000000F7
:103C300000000000009979960000000000000000DC
:103C40000000004E000000000000000000003146AF
:103C50000B502900000000000000449267DC5F98D0
:103C60003C0000000000008F001AF419008C0000D6
:103C700000000000880900530008890000000000CF
:103C80000048700000007446000000000000009131
:103C90003C00438D00000000000000000099799670
:103CA00000000000000000000000004E00000000C6
:103CB00000000000000031460B5029000000000009
:103CC0000000449267DC5F983C0000000000008F19
:103CD000001AF419008C000000000000880900534D
:103CE00000088900000000000048700000007446D1
:103CF00000000000000000913C00438D0000000027
:103D0000000000000099799600000000000000000B
:103D10000000004E000000000000000000003146DE
:103D20000B512900000000000000449267DC5F98FE
:103D30003C0000000000008F001AF419008C000005
:103D400000000000880900530008890000000000FE
:103D50000048700000007446000000000000009160
:103D60003C00438D0000000000000000009979969F
:103D700000000000000000000000004E00000000F5
:103D800000000000000031460B5129000000000037
:103D90000000449267DC5F983C0000000000008F48
:103DA000001AF419008C000000000000880900537C
:103DB0000008890000000000004870000000744600
:103DC00000000000000000913C00438D0000000056
:103DD000000000000099799600000000000000003B
:103DE0000000004E0000000000000000000031460E
:103DF0000B512900000000000000449267DC5F982E
:103E00003C0000000000008F001AF419008C000034
:103E1000000000008809005300088900000000002D
:103E2000004870000000744600000000000000918F
:103E30003C00438D000000000000000000997996CE
:103E400000000000000000000000004E0000000024
:103E500000000000000031460B5029000000000067
:103E60000000449267DC5F983C0000000000008F77
:103E7000001AF419008C00000000000088090053AB
:103E8000000889000000000000487000000074462F
:103E900000000000000000913C00438D0000000085
:103EA000000000000099799600000000000000006A
:103EB0000000004E0000000000000000000031463D
:103EC0000B502900000000000000449267DC5F985E
:103ED0003C0000000000008F001AF419008C000064
:103EE000000000008809005300088900000000005D
:103EF00000487000000074470000000000000091BE
:103F00003C00438D000000000000000000997996FD
:103F100000000000000000000000004E0000000053
:103F200000000000000031460B5029000000000096
:103F30000000449267DC5F983C0000000000008FA6
:103F4000001AF419008C00000000000088090053DA
:103F5000000889000000000000487000000074475D
:103F600000000000000000913C00438D00000000B4
:103F70000000000000997996000000000000000099
:103F80000000004E0000000000000000000031466C
:103F90000B502900000000000000449267DC5F988D
:103FA0003C0000000000008F001AF419008C000093
:103FB000000000008809005300088900000000008C
:103FC00000487000000074470000000000000091ED
:103FD0003C00438D0000000000000000009979962D
:103FE00000000000000000000000004E0000000083
:103FF00000000000000031460B50290000000000C6
:104000000000449267DC5F983C0000000000008FD5
:10401000001AF419008C0000000000008809005309
:10402000000889000000000000487000000074478C
:1040300000000000000000913C00438D00000000E3
:1040400000000000009979960000000000000000C8
:104050000000004E0000000000000000000031469B
:104060000B502900000000000000449267DC5F98BC
:104070003C0000000000008F001AF419008C0000C2
:1040800000000000880900530008890000000000BB
:10409000004870000000744700000000000000911C
:1040A0003C00438D0000000000000000009979965C
:1040B00000000000000000000000004E00000000B2
:1040C00000000000000031460B50290000000000F5
:1040D0000000449267DC5F983C0000000000008F05
:1040E000001AF419008C0000000000008809005339
:1040F00000088900000000000048700000007447BC
:1041000000000000000000913C00438D0000000012
:1041100000000000009979960000000000000000F7
:104120000000004E000000000000000000003146CA
:104130000B502900000000000000449267DC5F98EB
:104140003C0000000000008F001AF419008C0000F1
:1041500000000000880900530008890000000000EA
:10416000004870000000744700000000000000914B
:104170003C00438D0000000000000000009979968B
:1041800000000000000000000000004E00000000E1
:1041900000000000000031460B5029000000000024
:1041A0000000449267DC5F983C0000000000008F34
:1041B000001AF419008C0000000000008809005368
:1041C00000088900000000000048700000007447EB
:1041D00000000000000000913C00438D0000000042
:1041E0000000000000997996000000000000000027
:1041F0000000004E000000000000000000003146FA
:104200000B502900000000000000449267DC5F981A
:104210003C0000000000008F001AF419008C000020
:104220000000000088090053000889000000000019
:10423000004870000000744700000000000000917A
:104240003C00438D000000000000000000997996BA
:1042500000000000000000000000004E0000000010
:1042600000000000000031460B5029000000000053
:104270000000449267DC5F983C0000000000008F63
:10428000001AF419008C0000000000008809005397
:10429000000889000000000000487000000074471A
:1042A00000000000000000913C00438D0000000071
:1042B0000000000000997996000000000000000056
:1042C0000000004E00000000000000000000314629
:1042D0000B502900000000000000449267DC5F984A
:1042E0003C0000000000008F001AF419008C000050
:1042F0000000000088090053000889000000000049
:1043000000487000000074470000000000000091A9
:104310003C00438D000000000000000000997996E9
:1043200000000000000000000000004E000000003F
:1043300000000000000031460B5029000000000082
:104340000000449267DC5F983C0000000000008F92
:10435000001AF419008C00000000000088090053C6
:104360000008890000000000004870000000744749
:1043700000000000000000913C00438D00000000A0
:104380000000000000997996000000000000000085
:104390000000004E00000000000000000000314658
:1043A0000B502900000000000000449267DC5F9879
:1043B0003C0000000000008F001AF419008C00007F
:1043C0000000000088090053000889000000000078
:1043D00000487000000074470000000000000091D9
:1043E0003C00438D00000000000000000099799619
:1043F00000000000000000000000004E000000006F
:1044000000000000000031460B50290000000000B1
:104410000000449267DC5F983C0000000000008FC1
:10442000001AF419008C00000000000088090053F5
:104430000008890000000000004870000000744778
:1044400000000000000000913C00438D00000000CF
:1044500000000000009979960000000000000000B4
:104460000000004E00000000000000000000314687
:104470000B502900000000000000449267DC5F98A8
:104480003B0000000000008F001AF419008C0000AF
:1044900000000000880900530008890000000000A7
:1044A0000048710000007447000000000000009107
:1044B0003D00448D00000000000000000099799646
:1044C00000000000000000000000004E000000009E
:1044D00000000000000031460B50280000000000E2
:1044E0000000449267DC5F983B0000000000008FF2
:1044F000001AF419008B000000000000870A005326
:1045000000088800000000000047710000007446A9
:1045100000000000000000913D00448D00000000FC
:1045200000000000009979960000000000000000E3
:104530000000004E000000000000000000003045B8
:104540000A4F2800000000000000449267DB5F98DB
:104550003B0000000000008F0019F419008B0000E0
:1045600000000000870A00530009880000000000D6
:104570000046720000007545000000000000009039
:104580003E00458C000000000000000000987A9575
:1045900000000000000000000000004D00000000CE
:1045A0000000000000002F450A4E27000000000018
:1045B0000000439367DB60983A0000000000008E23
:1045C0000019F418008B000000000000870B005356
:1045D000000A8700000000000045730000007644D8
:1045E000000000000000008F3F00468C000000002B
:1045F0000000000000977B94000000000000000015
:104600000000004C000000000000000000002E44EC
:10461000094D2600000000000000419368DA609810
:10462000390000000000008E0019F417018A000014
:1046300000000000860C0052000B87000000000004
:104640000043740000007742000000000000008E6C
:104650004100478A000000000000000000967C93A3
:1046600000000000000000000000004B00000000FF
:104670000000000000002D43084C25000000000051
:104680000000409469D96198380000000000008D56
:104690000018F4170288000000000000850D005289
:1046A000000D850000000000004076000000793F0A
:1046B000000000000000008B43004A87000000005B
:1046C0000000000000957E91000000000000000046
:1046D0000000004A000000000000000000002B4124
:1046E000064923000000000000003D956AD762984B
:1046F000360000000000008B0017F415048700004E
:1047000000000000830F0051000F83000000000034
:10471000003D790000007C3C0000000000000088A3
:1047200047004D8400000000000000000092818FCF
:104730000000000000000000000000480000000031
:10474000000000000000283E054520000000000099
:10475000000039966CD56398340000000000008991
:104760000116F414068500000000000080130050BC
:10477000001281000000000000387C0000007F373C
:1047800000000000000000834B00517F000000008B
:1047900000000000008E858C00000000000000007A
:1047A0000000004500000000000000000000243A66
:1047B00002411D0000000000000035966ED2669890
:1047C00030000000000000840415F312098300008B
:1047D000000000007C17004E00177D000000000064
:1047E0000031810000008330000000000000007CE8
:1047F000530057780000000000000000008A8B87FB
:104800000000000000000000000000410000000067
:104810000000000000001E34003A180000000000F4
:1048200000002D9671CC6A982B0000000000007FDC
:104830000B13F30E0E7E000000000000741F004BEF
:10484000001F760000000000002686000000892579
:1048500000000000000000715B005F6C00000000C1
:10486000000000000080917E0000000000000000B9
:104870000000003B00000000000000000000152ABE
:10488000002E0F00000000000000219774C16E97F9
:1048900022000000000000741710F10917750000D5
:1048A00000000000682C0047002C69000000000098
:1048B00000178D0000009015000000000000005D52
:1048C0006A006D59000000000000000000729C703A
:1048D00000000000000000000000003100000000A7
:1048E000000000000000081C001E05000000000081
:1048F000000012937BB17594170000000000006166
:10490000280BEF022466000000000000533E004226
:10491000003E5500000000000004910000009202DB
:10492000000000000000004279007B3E0000000013
:1049300000000000005DA85C000000000000000016
:104940000000002300000000000000000000011231
:1049500000140000000000000000098E7CA4778F86
:104960000E00000000000054340AEE002D5C000030
:1049700000000000444B0040004B460000000000D7
:1049800000008E0000008E000000000000000031DA
:104990007F00822D00000000000000000051AC4F9D
:1049A00000000000000000000000001B00000000EC
:1049B000000000000000000D000F000000000000DB
:1049C0000000048B7D9C788C0B0000000000004CE4
:1049D0003B09ED0033550000000000003B52003E53
:1049E00000523E000000000000008C0100058B001A
:1049F0000000000000000028820084240000000065
:104A0000000000000049AD47000000000000000069
:104A10000000001600000000000000000000000A76
:104A2000000C000000000000000001887E987989D9
:104A300008000000000000473E09EC00375100006C
:104A4000000000003655003D005638000000000010
:104A50000000890500098800000000000000002314
:104A60008300851E00000000000000000045AE42EB
:104A70000000000000000000000000120000000024
:104A80000000000000000009000A00000000000013
:104A9000000000867F957A88060000000000004430
:104AA0004108EB00394E0000000000003257003C86
:104AB000005934000000000000008708000C860048
:104AC000000000000000001F8400861A00000000A3
:104AD000000000000042AF3F0000000000000000A6
:104AE00000000010000000000000000000000007AF
:104AF0000008000000000000000000857F937A8716
:104B000005000000000000414308EB003B4B0000A3
:104B100000000000305A003C005A32000000000043
:104B20000000850A000E8400000000000000001D47
:104B30008400861800000000000000000040B03D26
:104B400000000000000000000000000F0000000056
:104B50000000000000000006000700000000000048
:104B60000000008380917B86040000000000003F6D
:104B70004508EB003C4A0000000000002D5B003BB4
:104B8000005C3100000000000000840B000F830077
:104B9000000000000000001B8400861600000000DA
:104BA00000000000003FAF3B0000000000000000DC
:104BB0000000000E000000000000000000000006E1
:104BC0000007000000000000000000827F907B854D
:104BD000030000000000003E4608EA003D490000D6
:104BE000000000002C5C003B005D2F000000000076
:104BF0000000840C00118200000000000000001A78
:104C0000850086150000000000000000003EAF3A5D
:104C100000000000000000000000000D0000000087
:104C20000000000000000005000600000000000079
:104C3000000000827F907B85030000000000003DA3
:104C40004607EA003E480000000000002B5C003BE5
:104C5000005D2E00000000000000830C00128100A7
:104C6000000000000000001985008614000000000C
:104C700000000000003DB03900000000000000000E
:104C80000000000D00000000000000000000000512
:104C9000000500000000000000000081808F7B8480
:104CA000030000000000003C4608E9003E47000009
:104CB000000000002B5D003A005E2D0000000000A7
:104CC0000000830D001281000000000000000019A8
:104CD000850087140000000000000000003DB0398E
:104CE00000000000000000000000000C00000000B8
:104CF00000000000000000040005000000000000AB
:104D0000000000817F8F7B84030000000000003CD6
:104D10004708E9003E470000000000002A5D003A15
:104D2000005E2D00000000000000820D00128000D7
:104D3000000000000000001885008613000000003D
:104D400000000000003CB03900000000000000003E
:104D50000000000C00000000000000000000000443
:104D60000005000000000000000000817F8E7B84B1
:104D7000030000000000003C4708E9003F47000036
:104D8000000000002A5D003A005E2D0000000000D7
:104D90000000820D001280000000000000000018DA
:104DA000850086130000000000000000003CAF38C2
:104DB00000000000000000000000000C00000000E7
:104DC000000000000000324000442E0000000000FF
:104DD00000003F8C6AD1628C470000000000008216
:104DE0000215F10E00850000000000007226003A56
:104DF0000024760000000000001C8F000000911CC1
:104E0000000000000000006664006663000000000F
:104E10000000000000808D80000000000000000005
:104E200000000053000000000000000000005D6171
:104E3000196856000000000000006C7159E85073BA
:104E400070000000000000940022F31C0094000099
:104E5000000000008F09003B0007910000000000E7
:104E600000457A0000007C45000000000000008F33
:104E70004300448D0000000000000000009E6A9E78
:104E800000000000000000000000047A04000000A0
:104E900000000000000077762D7E71000000000009
:104EA000000088574EF3435C8A0000000000019622
:104EB000002AF32800950200000000009A00003C40
:104EC00000009B00000000000063640000006564B7
:104ED00000000000000000A52A002CA50000000032
:104EE000000000000DAC4EAC0C0000000000000003
:104EF00000001491140000000000000000098A85E1
:104F00003D8C84050000000000009A4346FA3C49AD
:104F10009A000000000010930030F22E0092100062
:104F2000000000009D00003D00009D020000000008
:104F3000007951000000527B00000000000000B129
:104F400018001AB000000000000000001FB13AB0C5
:104F50001D00000000000000000022A1220000004F
:104F6000000000000013958D4A95910E000000008E
:104F70000000A43340FD373AA400000000001C8E5E
:104F80000034F234008D1A00000000089D00003E3D
:104F900000009C0C00000000008942000000438BD0
:104FA00000000000000008B50B000EB5070000006F
:104FB000000000002FB02AB02C000000000000000C
:104FC000000030A92E00000000000000001D9D948C
:104FD000559B9B16000000000000AC283DFF3430BC
:104FE000AB000000000027880037F2390089240058
:104FF000000000109B00003F00009914000000001A
:10500000009437000000379600000000000012B73F
:10501000030006B711000000000000003DAE20B004
:10502000390000000000000000003BB03900000023
:10503000000000000024A3995E9FA11C0000000056
:105040000000B0203AFF3228AF00000000002F839C
:105050000039F23C00852B00000000189800004049
:105060000000961C00000000009C2E0000002E9DF9
:105070000000000000001BB6000000B7190000008F
:105080000000000048AC18AE430000000000000023
:10509000000044B44100000000000000002BA69C6A
:1050A00063A2A521000000000001B21A39FF3122DD
:1050B000B20000000000367F003AF23E008231006C
:1050C0000000001D96000040000094220000000037
:1050D00000A12800000028A300000000000021B566
:1050E000000000B61F0000000000000050A911AC35
:1050F0004C0000000000000000004BB6480000001B
:1051000000000000002FA89E67A4A7260000000052
:105110000003B41537FF301DB400000000003A7BD7
:10512000003BF24000803500000000219500004166
:10513000000091250000000000A52300000023A628
:1051400000000000000027B4000000B625000000A9
:105150000000000056A70DAA51000000000000004A
:10516000000050B84C000000000000000032AAA06F
:105170006AA5A928000000000005B41236FF301A05
:10518000B500000000003D79003DF241007E38008E
:10519000000000249300004100009028000000005F
:1051A00000A72000000020A80000000000002AB393
:1051B000000000B528000000000000005BA50BA95E
:1051C0005500000000000000000054BA4F0000002D
:1051D000000000000034AAA06CA6AA29000000006C
:1051E0000007B41036FF3019B501000000003F7809
:1051F000003DF242007D390000000026920000418F
:1052000000008F2A0000000000A81E0000001FAA56
:105210000000000000002CB2000000B52A000000D1
:10522000000000005DA409A8570000000000000075
:10523000000056BA51000000000000000034AAA08F
:105240006DA6AA2A000000000007B51036FF2F192E
:10525000B502000000003F77003DF242007C3A00BA
:10526000000000269100004100008E2A000000008E
:1052700000A81E0000001EAA0000000000002DB2C1
:10528000000000B52A000000000000005EA409A88C
:105290005800000000000000000056BA5200000054
:1052A000000000000034AAA06CA6AA29000000009B
:1052B0000007B41036FF2F19B501000000003F7839
:1052C000003DF242007D39000000002692000041BE
:1052D00000008F2A0000000000A81E0000001FAA86
:1052E0000000000000002CB2000000B52A00000001
:1052F000000000005DA409A85700000000000000A5
:10530000000056BA51000000000000000032AAA0C0
:105310006BA5A928000000000005B41336FF301B60
:10532000B500000000003D79003DF241007E3700ED
:1053300000000024930000410000902900000000BC
:1053400000A71F00000020A80000000000002BB3F1
:10535000000000B528000000000000005BA50BA9BC
:105360005500000000000000000054B94F0000008C
:1053700000000000002EA89E67A4A72300000000E4
:105380000002B31637FF301FB300000000003A7C64
:10539000003CF241008134000000002194000042F2
:1053A000000092250000000000A52200000023A6B6
:1053B00000000000000027B4000000B62500000037
:1053C0000000000057A70FAB5000000000000000D5
:1053D00000004FB74A000000000000000027A69B15
:1053E00062A2A31D000000000000B11E39FF31269B
:1053F000B000000000003281003AF23F00852C002E
:105400000000001B960000430000941F00000000F5
:1054100000A02800000029A200000000000021B523
:10542000000000B71E000000000000004FAA16AEEA
:105430004800000000000000000048B442000000E6
:1054400000000000001B9D95599D9B12000000006C
:105450000000AC2A3CFF3434A9000000000027897A
:105460000038F13C008D2100000000129A00004439
:1054700000009915000000000098320000003499E7
:1054800000000000000017B7000006B8130000007D
:105490000000000041AE24B339000000000000000D
:1054A00000003BAD340000000000000000058A87CA
:1054B00044908400000000000000994944FB3A53E6
:1054C00095000000000010960031F33500970A00A7
:1054D000000000029D00004800009D030000000045
:1054E0000082470000004D8200000000000004B56B
:1054F00013001CB3000000000000000026B143B2FE
:105500001B000000000000000000229919000000AC
:1055100000000000000054621F6E4D0000000000FB
:105520000000627F57EC4F865C000000000000978F
:105530000023F32400950000000000009204004EB8
:10554000000492000000000000546F000000794E3B
:10555000000000000000009A3E0051900000000092
:1055600000000000009F8197000000000000000084
:105570000000006500000000000000000000394E3F
:1055800010583200000000000000449163E15A9579
:105590003F0000000000008C001BF41B048800008A
:1055A000000000008313005200158300000000007B
:1055B000003C7F00000089350000000000000085ED
:1055C00054006A770000000000000000008D9B7FFF
:1055D0000000000000000000000000480000000083
:1055E0000000000000002D450A4F260000000000CA
:1055F0000000379668DB60993200000000000084EC
:105600000817F4170E810000000000007C1B0054F6
:10561000001E7B00000000000031850000008F2A82
:10562000000000000000007B5D00736900000000C6
:10563000000000000083A6720000000000000000CF
:105640000000003C000000000000000000002740B7
:105650000749200000000000000030986BD8629AD3
:105660002B000000000000800E15F414137B0000D6
:1056700000000000771F00540022770000000000A7
:10568000002C88000000912500000000000000753B
:10569000630079630000000000000000007DAA6C38
:1056A00000000000000000000000003500000000C5
:1056B000000000000000233D05461D000000000022
:1056C00000002C996DD6649B280000000000007E2D
:1056D0001114F31416780000000000007522005524
:1056E000002573000000000000298A0000009222BB
:1056F000000000000000007266007B5F00000000F8
:1057000000000000007BAC6800000000000000000A
:105710000000003100000000000000000000223CFA
:1057200005451C000000000000002A9A6ED5659B0C
:10573000260000000000007C1314F313187700000B
:1057400000000000742300550026720000000000D5
:1057500000288A0000009320000000000000007074
:1057600067007C5D00000000000000000079AD666D
:1057700000000000000000000000003000000000F9
:10578000000000000000213B04441C000000000059
:1057900000002A9A6ED5669B260000000000007C5F
:1057A0001314F31319760000000000007323005552
:1057B000002772000000000000278A0000009320EC
:1057C000000000000000006F67007D5C000000002A
:1057D000000000000078AD6500000000000000003F
:1057E0000000002F00000000000000000000213B2E
:1057F00004441C000000000000002A9A6ED5659B3E
:10580000260000000000007C1314F313187700003A
:105810000000000073230055002672000000000005
:1058200000288A00000093200000000000000070A3
:1058300067007C5D00000000000000000079AD669C
:1058400000000000000000000000002F0000000029
:10585000000000000000223C05451C000000000084
:1058600000002A9A6ED5659B270000000000007D8D
:105870001214F31318770000000000007422005582
:10588000002573000000000000288900000092211C
:10589000000000000000007166007B5E0000000058
:1058A00000000000007AAB6800000000000000006B
:1058B0000000003000000000000000000000233C59
:1058C00005451D000000000000002C996DD6659B69
:1058D000280000000000007F1014F3141679000067
:1058E0000000000076200055002475000000000034
:1058F000002A8800000090240000000000000073CF
:10590000630078620000000000000000007CA96BCA
:105910000000000000000000000000320000000055
:10592000000000000000253F06481F0000000000A6
:10593000000031986CD7639B2B00000000000082B0
:105940000B15F415127E0000000000007A1B0054B5
:10595000001D7A00000000000030840000008C2A46
:10596000000000000000007A5B006E6B0000000089
:10597000000000000082A174000000000000000090
:1059800000000037000000000000000000002D4370
:10599000094D25000000000000003D9668DA61997D
:1059A000350000000000008B0018F4170686000088
:1059B00000000000830F005400118300000000006D
:1059C000003E790000007E3B0000000000000089DE
:1059D00048005581000000000000000000918A8B03
:1059E0000000000000000000000000450000000072
:1059F0000000000000002F450A4F270000000000B3
:105A00000000429367DB6098390000000000008EC0
:105A10000019F419028A000000000000860C0053EF
:105A2000000B870000000000004474000000784272
:105A3000000000000000008E41004A8900000000C4
:105A40000000000000967F920000000000000000AF
:105A50000000004A00000000000000000000304686
:105A60000B502800000000000000449367DB6098A2
:105A70003B0000000000008F001AF419008B0000AA
:105A800000000000870A00530009880000000000A1
:105A90000046720000007545000000000000009004
:105AA0003E00468C000000000000000000987B953E
:105AB00000000000000000000000004D0000000099
:105AC00000000000000031460B50290000000000DB
:105AD0000000449267DC5F983B0000000000008FEC
:105AE000001AF419008B0000000000008809005320
:105AF00000088900000000000048710000007446A2
:105B000000000000000000913D00448D00000000F6
:105B100000000000009979960000000000000000DD
:105B20000000004E000000000000000000003146B0
:105B30000B502900000000000000449267DC5F98D1
:105B40003C0000000000008F001AF419008C0000D7
:105B500000000000880900530008890000000000D0
:105B60000048700000007447000000000000009131
:105B70003C00438D00000000000000000099799671
:105B800000000000000000000000004E00000000C7
:105B900000000000000031460B502900000000000A
:105BA0000000449267DC5F983C0000000000008F1A
:105BB000001AF419008C000000000000880900534E
:105BC00000088900000000000048700000007447D1
:105BD00000000000000000913C00438D0000000028
:105BE000000000000099799600000000000000000D
:105BF0000000004E000000000000000000003146E0
:105C00000B502900000000000000449267DC5F9800
:105C10003C0000000000008F001AF419008C000006
:105C200000000000880900530008890000000000FF
:105C30000048700000007447000000000000009160
:105C40003C00438D000000000000000000997996A0
:105C500000000000000000000000004E00000000F6
:105C600000000000000031460B5029000000000039
:105C70000000449267DC5F983C0000000000008F49
:105C8000001AF419008C000000000000880900537D
:105C90000008890000000000004870000000744700
:105CA00000000000000000913C00438D0000000057
:105CB000000000000099799600000000000000003C
:105CC0000000004E0000000000000000000031460F
:105CD0000B502900000000000000449267DC5F9830
:105CE0003C0000000000008F001AF419008C000036
:105CF000000000008809005300088900000000002F
:105D0000004870000000744700000000000000918F
:105D10003C00438D000000000000000000997996CF
:105D200000000000000000000000004E0000000025
:105D300000000000000031460B5029000000000068
:105D40000000449267DC5F983C0000000000008F78
:105D5000001AF419008C00000000000088090053AC
:105D6000000889000000000000487000000074472F
:105D700000000000000000913C00438D0000000086
:105D8000000000000099799600000000000000006B
:105D90000000004E0000000000000000000031463E
:105DA0000B502900000000000000449267DC5F985F
:105DB0003C0000000000008F001AF419008C000065
:105DC000000000008809005300088900000000005E
:105DD00000487000000074470000000000000091BF
:105DE0003C00438D000000000000000000997996FF
:105DF00000000000000000000000004E0000000055
:105E000000000000000031460B5029000000000097
:105E10000000449267DC5F983C0000000000008FA7
:105E2000001AF419008C00000000000088090053DB
:105E3000000889000000000000487000000074475E
:105E400000000000000000913C00438D00000000B5
:105E5000000000000099799600000000000000009A
:105E60000000004E0000000000000000000031466D
:105E70000B502900000000000000449267DC5F988E
:105E80003C0000000000008F001AF419008C000094
:105E9000000000008809005300088900000000008D
:105EA00000487000000074470000000000000091EE
:105EB0003C00438D0000000000000000009979962E
:105EC00000000000000000000000004E0000000084
:105ED00000000000000031460B50290000000000C7
:105EE0000000449267DC5F983C0000000000008FD7
:105EF000001AF419008C000000000000880900530B
:105F0000000889000000000000487000000074478D
:105F100000000000000000913C00438D00000000E4
:105F200000000000009979960000000000000000C9
:105F30000000004E0000000000000000000031469C
:105F40000B502900000000000000449267DC5F98BD
:105F50003C0000000000008F001AF419008C0000C3
:105F600000000000880900530008890000000000BC
:105F7000004870000000744700000000000000911D
:105F80003C00438D0000000000000000009979965D
:105F900000000000000000000000004E00000000B3
:105FA00000000000000031460B50290000000000F6
:105FB0000000449267DC5F983C0000000000008F06
:105FC000001AF419008C000000000000880900533A
:105FD00000088900000000000048700000007447BD
:105FE00000000000000000913C00438D0000000014
:105FF00000000000009979960000000000000000F9
:106000000000004E000000000000000000003146CB
:106010000B502900000000000000449267DC5F98EC
:106020003C0000000000008F001AF419008C0000F2
:1060300000000000880900530008890000000000EB
:10604000004870000000744700000000000000914C
:106050003C00438D0000000000000000009979968C
:1060600000000000000000000000004E00000000E2
:1060700000000000000031460B5029000000000025
:106080000000449267DC5F983C0000000000008F35
:10609000001AF419008C0000000000008809005369
:1060A00000088900000000000048700000007447EC
:1060B00000000000000000913C00438D0000000043
:1060C0000000000000997996000000000000000028
:1060D0000000004E000000000000000000003146FB
:1060E0000B502900000000000000449267DC5F981C
:1060F0003C0000000000008F001AF419008C000022
:10610000000000008809005300088900000000001A
:10611000004870000000744700000000000000917B
:106120003C00438D000000000000000000997996BB
:1061300000000000000000000000004E0000000011
:1061400000000000000031460B5029000000000054
:106150000000449267DC5F983C0000000000008F64
:10616000001AF419008C0000000000008809005398
:10617000000889000000000000487000000074471B
:1061800000000000000000913C00438D0000000072
:106190000000000000997996000000000000000057
:1061A0000000004E0000000000000000000031462A
:1061B0000B502900000000000000449267DC5F984B
:1061C0003C0000000000008F001AF419008C000051
:1061D000000000008809005300088900000000004A
:1061E00000487000000074470000000000000091AB
:1061F0003C00438D000000000000000000997996EB
:1062000000000000000000000000004E0000000040
:1062100000000000000031460B5029000000000083
:106220000000449267DC5F983C0000000000008F93
:10623000001AF419008C00000000000088090053C7
:10624000000889000000000000487000000074474A
:1062500000000000000000913C00438D00000000A1
:106260000000000000997996000000000000000086
:106270000000004E00000000000000000000314659
:106280000B502900000000000000449267DC5F987A
:106290003C0000000000008F001AF419008C000080
:1062A0000000000088090053000889000000000079
:1062B00000487000000074470000000000000091DA
:1062C0003C00438D0000000000000000009979961A
:1062D00000000000000000000000004E0000000070
:1062E00000000000000031460B50290000000000B3
:1062F0000000449267DC5F983C0000000000008FC3
:10630000001AF419008C00000000000088090053F6
:106310000008890000000000004870000000744779
:1063200000000000000000913C00438D00000000D0
:1063300000000000009979960000000000000000B5
:106340000000004E00000000000000000000314688
:106350000B502900000000000000449267DC5F98A9
:106360003C0000000000008F001AF419008C0000AF
:1063700000000000880900530008890000000000A8
:106380000048700000007447000000000000009109
:106390003C00438D00000000000000000099799649
:1063A00000000000000000000000004E000000009F
:1063B00000000000000031460B50290000000000E2
:1063C0000000449267DC5F983C0000000000008FF2
:1063D000001AF419008C0000000000008809005326
:1063E00000088900000000000048700000007447A9
:1063F00000000000000000913C00438D0000000000
:1064000000000000009979960000000000000000E4
:106410000000004E000000000000000000003146B7
:106420000B502900000000000000449267DC5F98D8
:106430003C0000000000008F001AF419008C0000DE
:1064400000000000880900530008890000000000D7
:106450000048700000007447000000000000009138
:106460003C00438D00000000000000000099799678
:1064700000000000000000000000004E00000000CE
:1064800000000000000031460B5029000000000011
:106490000000449267DC5F983C0000000000008F21
:1064A000001AF419008C0000000000008809005355
:1064B00000088900000000000048700000007447D8
:1064C00000000000000000913C00438D000000002F
:1064D0000000000000997996000000000000000014
:1064E0000000004E000000000000000000003146E7
:1064F0000B502900000000000000449267DC5F9808
:106500003C0000000000008F001AF419008C00000D
:106510000000000088090053000889000000000006
:106520000048700000007447000000000000009167
:106530003C00438D000000000000000000997996A7
:1065400000000000000000000000004E00000000FD
:1065500000000000000031460B5029000000000040
:106560000000449267DC5F983C0000000000008F50
:10657000001AF419008C0000000000008809005384
:106580000008890000000000004870000000744707
:1065900000000000000000913C00438D000000005E
:1065A0000000000000997996000000000000000043
:1065B0000000004E00000000000000000000314616
:1065C0000B502900000000000000449267DC5F9837
:1065D0003C0000000000008F001AF419008C00003D
:1065E0000000000088090053000889000000000036
:1065F0000048700000007447000000000000009197
:106600003C00438D000000000000000000997996D6
:1066100000000000000000000000004E000000002C
:1066200000000000000031460B502900000000006F
:106630000000449267DC5F983C0000000000008F7F
:10664000001AF419008C00000000000088090053B3
:106650000008890000000000004870000000744736
:1066600000000000000000913C00438D000000008D
:106670000000000000997996000000000000000072
:106680000000004E00000000000000000000314645
:106690000B502900000000000000449267DC5F9866
:1066A0003C0000000000008F001AF419008C00006C
:1066B0000000000088090053000889000000000065
:1066C00000487000000074470000000000000091C6
:1066D0003C00438D00000000000000000099799606
:1066E00000000000000000000000004E000000005C
:1066F00000000000000031460B502900000000009F
:106700000000449267DC5F983C0000000000008FAE
:10671000001AF419008C00000000000088090053E2
:106720000008890000000000004870000000744765
:1067300000000000000000913C00438D00000000BC
:1067400000000000009979960000000000000000A1
:106750000000004E00000000000000000000314674
:106760000B502900000000000000449267DC5F9895
:106770003C0000000000008F001AF419008C00009B
:106780000000000088090053000889000000000094
:1067900000487000000074470000000000000091F5
:1067A0003C00438D00000000000000000099799635
:1067B00000000000000000000000004E000000008B
:1067C00000000000000031460B50290000000000CE
:1067D0000000449267DC5F983C0000000000008FDE
:1067E000001AF419008C0000000000008809005312
:1067F0000008890000000000004870000000744795
:1068000000000000000000913C00438D00000000EB
:1068100000000000009979960000000000000000D0
:106820000000004E000000000000000000003146A3
:106830000B502900000000000000449267DC5F98C4
:106840003C0000000000008F001AF419008C0000CA
:1068500000000000880900530008890000000000C3
:106860000048700000007447000000000000009124
:106870003C00438D00000000000000000099799664
:1068800000000000000000000000004E00000000BA
:1068900000000000000031460B50290000000000FD
:1068A0000000449267DC5F983C0000000000008F0D
:1068B000001AF419008C0000000000008809005341
:1068C00000088900000000000048700000007447C4
:1068D00000000000000000913C00438D000000001B
:1068E0000000000000997996000000000000000000
:1068F0000000004E000000000000000000003146D3
:106900000B502900000000000000449267DC5F98F3
:106910003C0000000000008F001AF419008C0000F9
:1069200000000000880900530008890000000000F2
:106930000048700000007447000000000000009153
:106940003C00438D00000000000000000099799693
:1069500000000000000000000000004E00000000E9
:1069600000000000000031460B502900000000002C
:106970000000449267DC5F983C0000000000008F3C
:10698000001AF419008C0000000000008809005370
:1069900000088900000000000048700000007447F3
:1069A00000000000000000913C00438D000000004A
:1069B000000000000099799600000000000000002F
:1069C0000000004E00000000000000000000314602
:1069D0000B502900000000000000449267DC5F9823
:1069E0003C0000000000008F001AF419008C000029
:1069F0000000000088090053000889000000000022
:106A00000048700000007447000000000000009182
:106A10003C00438D000000000000000000997996C2
:106A200000000000000000000000004E0000000018
:106A300000000000000031460B502900000000005B
:106A40000000449267DC5F983C0000000000008F6B
:106A5000001AF419008C000000000000880900539F
:106A60000008890000000000004870000000744722
:106A700000000000000000913C00438D0000000079
:106A8000000000000099799600000000000000005E
:106A90000000004E00000000000000000000314631
:106AA0000B502900000000000000449267DC5F9852
:106AB0003C0000000000008F001AF419008C000058
:106AC0000000000088090053000889000000000051
:106AD00000487000000074470000000000000091B2
:106AE0003C00438D000000000000000000997996F2
:106AF00000000000000000000000004E0000000048
:106B000000000000000031460B502900000000008A
:106B10000000449267DC5F983C0000000000008F9A
:106B2000001AF419008C00000000000088090053CE
:106B30000008890000000000004870000000744751
:106B400000000000000000913C00438D00000000A8
:106B5000000000000099799600000000000000008D
:106B60000000004E00000000000000000000314660
:106B70000B502900000000000000449267DC5F9881
:106B80003C0000000000008F001AF419008C000087
:106B90000000000088090053000889000000000080
:106BA00000487000000074470000000000000091E1
:106BB0003C00438D00000000000000000099799621
:106BC00000000000000000000000004E0000000077
:106BD00000000000000031460B50290000000000BA
:106BE0000000449267DC5F983C0000000000008FCA
:106BF000001AF419008C00000000000088090053FE
:106C00000008890000000000004870000000744780
:106C100000000000000000913C00438D00000000D7
:106C200000000000009979960000000000000000BC
:106C30000000004E0000000000000000000031468F
:106C40000B502900000000000000449267DC5F98B0
:106C50003C0000000000008F001AF419008C0000B6
:106C600000000000880900530008890000000000AF
:106C70000048700000007447000000000000009110
:106C80003C00438D00000000000000000099799650
:106C900000000000000000000000004E00000000A6
:106CA00000000000000031460B50290000000000E9
:106CB0000000449267DC5F983C0000000000008FF9
:106CC000001AF419008C000000000000880900532D
:106CD00000088900000000000048700000007447B0
:106CE00000000000000000913C00438D0000000007
:106CF00000000000009979960000000000000000EC
:106D00000000004E000000000000000000003146BE
:106D10000B502900000000000000449267DC5F98DF
:106D20003C0000000000008F001AF419008C0000E5
:106D300000000000880900530008890000000000DE
:106D4000004870000000744700000000000000913F
:106D50003C00438D0000000000000000009979967F
:106D600000000000000000000000004E00000000D5
:106D700000000000000031460B5029000000000018
:106D80000000449267DC5F983C0000000000008F28
:106D9000001AF419008C000000000000880900535C
:106DA00000088900000000000048700000007447DF
:106DB00000000000000000913C00438D0000000036
:106DC000000000000099799600000000000000001B
:106DD0000000004E000000000000000000003146EE
:106DE0000B502900000000000000449267DC5F980F
:106DF0003C0000000000008F001AF419008C000015
:106E0000000000008809005300088900000000000D
:106E1000004870000000744700000000000000916E
:106E20003C00438D000000000000000000997996AE
:106E300000000000000000000000004E0000000004
:106E400000000000000031460B5029000000000047
:106E50000000449267DC5F983C0000000000008F57
:106E6000001AF419008C000000000000880900538B
:106E7000000889000000000000487000000074470E
:106E800000000000000000913C00438D0000000065
:106E9000000000000099799600000000000000004A
:106EA0000000004E0000000000000000000031461D
:106EB0000B502900000000000000449267DC5F983E
:106EC0003C0000000000008F001AF419008C000044
:106ED000000000008809005300088900000000003D
:106EE000004870000000744700000000000000919E
:106EF0003C00438D000000000000000000997996DE
:106F000000000000000000000000004E0000000033
:106F100000000000000031460B5029000000000076
:106F20000000449267DC5F983C0000000000008F86
:106F3000001AF419008C00000000000088090053BA
:106F4000000889000000000000487000000074473D
:106F500000000000000000913C00438D0000000094
:106F60000000000000997996000000000000000079
:106F70000000004E0000000000000000000031464C
:106F80000B502900000000000000449267DC5F986D
:106F90003C0000000000008F001AF419008C000073
:106FA000000000008809005300088900000000006C
:106FB00000487000000074470000000000000091CD
:106FC0003C00438D0000000000000000009979960D
:106FD00000000000000000000000004E0000000063
:106FE00000000000000031460B50290000000000A6
:106FF0000000449267DC5F983C0000000000008FB6
:10700000001AF419008C00000000000088090053E9
:10701000000889000000000000487000000074476C
:1070200000000000000000913C00438D00000000C3
:1070300000000000009979960000000000000000A8
:107040000000004E0000000000000000000031467B
:107050000B502900000000000000449267DC5F989C
:107060003C0000000000008F001AF419008C0000A2
:10707000000000008809005300088900000000009B
:1070800000487000000074470000000000000091FC
:107090003C00438D0000000000000000009979963C
:1070A00000000000000000000000004E0000000092
:1070B00000000000000031460B50290000000000D5
:1070C0000000449267DC5F983C0000000000008FE5
:1070D000001AF419008C0000000000008809005319
:1070E000000889000000000000487000000074479C
:1070F00000000000000000913C00438D00000000F3
:1071000000000000009979960000000000000000D7
:107110000000004E000000000000000000003146AA
:107120000B502900000000000000449267DC5F98CB
:107130003C0000000000008F001AF419008C0000D1
:1071400000000000880900530008890000000000CA
:10715000004870000000744700000000000000912B
:107160003C00438D0000000000000000009979966B
:1071700000000000000000000000004E00000000C1
:1071800000000000000031460B5029000000000004
:107190000000449267DC5F983C0000000000008F14
:1071A000001AF419008C0000000000008809005348
:1071B00000088900000000000048700000007447CB
:1071C00000000000000000913C00438D0000000022
:1071D0000000000000997996000000000000000007
:1071E0000000004E000000000000000000003146DA
:1071F0000B502900000000000000449267DC5F98FB
:107200003C0000000000008F001AF419008C000000
:1072100000000000880900530008890000000000F9
:10722000004870000000744700000000000000915A
:107230003C00438D0000000000000000009979969A
:1072400000000000000000000000004E00000000F0
:1072500000000000000031460B5029000000000033
:107260000000449267DC5F983C0000000000008F43
:10727000001AF419008C0000000000008809005377
:1072800000088900000000000048700000007447FA
:1072900000000000000000913C00438D0000000051
:1072A0000000000000997996000000000000000036
:1072B0000000004E00000000000000000000314609
:1072C0000B502900000000000000449267DC5F982A
:1072D0003C0000000000008F001AF419008C000030
:1072E0000000000088090053000889000000000029
:1072F000004870000000744700000000000000918A
:107300003C00438D000000000000000000997996C9
:1073100000000000000000000000004E000000001F
:1073200000000000000031460B5029000000000062
:107330000000449267DC5F983C0000000000008F72
:10734000001AF419008C00000000000088090053A6
:107350000008890000000000004870000000744729
:1073600000000000000000913C00438D0000000080
:107370000000000000997996000000000000000065
:107380000000004E00000000000000000000314638
:107390000B502900000000000000449267DC5F9859
:1073A0003C0000000000008F001AF419008C00005F
:1073B0000000000088090053000889000000000058
:1073C00000487000000074470000000000000091B9
:1073D0003C00438D000000000000000000997996F9
:1073E00000000000000000000000004E000000004F
:1073F00000000000000031460B5029000000000092
:107400000000449267DC5F983C0000000000008FA1
:10741000001AF419008C00000000000088090053D5
:107420000008890000000000004870000000744758
:1074300000000000000000913C00438D00000000AF
:107440000000000000997996000000000000000094
:107450000000004E00000000000000000000314667
:107460000B502900000000000000449267DC5F9888
:107470003C0000000000008F001AF419008C00008E
:107480000000000088090053000889000000000087
:1074900000487000000074470000000000000091E8
:1074A0003C00438D00000000000000000099799628
:1074B00000000000000000000000004E000000007E
:1074C00000000000000031460B50290000000000C1
:1074D0000000449267DC5F983C0000000000008FD1
:1074E000001AF419008C0000000000008809005305
:1074F0000008890000000000004870000000744788
:1075000000000000000000913C00438D00000000DE
:1075100000000000009979960000000000000000C3
:107520000000004E00000000000000000000314696
:107530000B502900000000000000449267DC5F98B7
:107540003C0000000000008F001AF419008C0000BD
:1075500000000000880900530008890000000000B6
:107560000048700000007447000000000000009117
:107570003C00438D00000000000000000099799657
:1075800000000000000000000000004E00000000AD
:1075900000000000000031460B50290000000000F0
:1075A0000000449267DC5F983C0000000000008F00
:1075B000001AF419008C0000000000008809005334
:1075C00000088900000000000048700000007447B7
:1075D00000000000000000913C00438D000000000E
:1075E00000000000009979960000000000000000F3
:1075F0000000004E000000000000000000003146C6
:107600000B502900000000000000449267DC5F98E6
:107610003C0000000000008F001AF419008C0000EC
:1076200000000000880900530008890000000000E5
:107630000048700000007447000000000000009146
:107640003C00438D00000000000000000099799686
:1076500000000000000000000000004E00000000DC
:1076600000000000000031460B502900000000001F
:107670000000449267DC5F983C0000000000008F2F
:10768000001AF419008C0000000000008809005363
:1076900000088900000000000048700000007447E6
:1076A00000000000000000913C00438D000000003D
:1076B0000000000000997996000000000000000022
:1076C0000000004E000000000000000000003146F5
:1076D0000B502900000000000000449267DC5F9816
:1076E0003C0000000000008F001AF419008C00001C
:1076F0000000000088090053000889000000000015
:107700000048700000007447000000000000009175
:107710003C00438D000000000000000000997996B5
:1077200000000000000000000000004E000000000B
:1077300000000000000031460B502900000000004E
:107740000000449267DC5F983C0000000000008F5E
:10775000001AF419008C0000000000008809005392
:107760000008890000000000004870000000744715
:1077700000000000000000913C00438D000000006C
:107780000000000000997996000000000000000051
:107790000000004E00000000000000000000314624
:1077A0000B502900000000000000449267DC5F9845
:1077B0003C0000000000008F001AF419008C00004B
:1077C0000000000088090053000889000000000044
:1077D00000487000000074470000000000000091A5
:1077E0003C00438D000000000000000000997996E5
:1077F00000000000000000000000004E000000003B
:1078000000000000000031460B502900000000007D
:107810000000449267DC5F983C0000000000008F8D
:10782000001AF419008C00000000000088090053C1
:107830000008890000000000004870000000744744
:1078400000000000000000913C00438D000000009B
:107850000000000000997996000000000000000080
:107860000000004E00000000000000000000314653
:107870000B502900000000000000449267DC5F9874
:107880003C0000000000008F001AF419008C00007A
:107890000000000088090053000889000000000073
:1078A00000487000000074470000000000000091D4
:1078B0003C00438D00000000000000000099799614
:1078C00000000000000000000000004E000000006A
:1078D00000000000000031460B50290000000000AD
:1078E0000000449267DC5F983C0000000000008FBD
:1078F000001AF419008C00000000000088090053F1
:107900000008890000000000004870000000744773
:1079100000000000000000913C00438D00000000CA
:1079200000000000009979960000000000000000AF
:107930000000004E00000000000000000000314682
:107940000B512900000000000000449267DC5F98A2
:107950003C0000000000008F001AF419008C0000A9
:1079600000000000880900530008890000000000A2
:107970000048700000007447000000000000009103
:107980003C00448D00000000000000000099799642
:1079900000000000000000000000004E0000000099
:1079A00000000000000031460B51290000000000DB
:1079B0000000449267DC5F983C0000000000008FEC
:1079C000001AF419008C0000000000008809005320
:1079D00000088900000000000048700000007447A3
:1079E00000000000000000913C00438D00000000FA
:1079F00000000000009979960000000000000000DF
:107A00000000004E000000000000000000003146B1
:107A10000B512900000000000000449267DC5F98D1
:107A20003C0000000000008F001AF419008C0000D8
:107A300000000000880900530008890000000000D1
:107A40000048700000007447000000000000009132
:107A50003C00438D00000000000000000099799672
:107A600000000000000000000000004E00000000C8
:107A700000000000000031460B512900000000000A
:107A80000000449267DC5F983C0000000000008F1B
:107A9000001AF419008C000000000000880900534F
:107AA00000088900000000000048700000007447D2
:107AB00000000000000000913C00438D0000000029
:107AC000000000000099799600000000000000000E
:107AD0000000004E000000000000000000003146E1
:107AE0000B512900000000000000449267DC5F9801
:107AF0003C0000000000008F001AF419008C000008
:107B00000000000088090053000889000000000000
:107B10000048700000007447000000000000009161
:107B20003C00438D000000000000000000997996A1
:107B300000000000000000000000004E00000000F7
:107B400000000000000031460B5129000000000039
:107B50000000449267DC5F983C0000000000008F4A
:107B6000001AF419008C000000000000880900537E
:107B70000008890000000000004870000000744701
:107B800000000000000000913C00438D0000000058
:107B9000000000000099799600000000000000003D
:107BA0000000004E00000000000000000000314610
:107BB0000B512900000000000000449267DC5F9830
:107BC0003C0000000000008F001AF419008C000037
:107BD0000000000088090053000889000000000030
:107BE0000048700000007447000000000000009191
:107BF0003C00438D000000000000000000997996D1
:107C000000000000000000000000004E0000000026
:107C100000000000000031460B5129000000000068
:107C20000000449267DC5F983C0000000000008F79
:107C3000001AF419008C00000000000088090053AD
:107C40000008890000000000004870000000744730
:107C500000000000000000913C00438D0000000087
:107C6000000000000099799600000000000000006C
:107C70000000004E0000000000000000000031463F
:107C80000B512900000000000000449267DC5F985F
:107C90003C0000000000008F001AF419008C000066
:107CA000000000008809005300088900000000005F
:107CB00000487000000074470000000000000091C0
:107CC0003C00438D00000000000000000099799600
:107CD00000000000000000000000004E0000000056
:107CE00000000000000031460B5129000000000098
:107CF0000000449267DC5F983C0000000000008FA9
:107D0000001AF419008C00000000000088090053DC
:107D1000000889000000000000487000000074475F
:107D200000000000000000913C00438D00000000B6
:107D3000000000000099799600000000000000009B
:107D40000000004E0000000000000000000031466E
:107D50000B512900000000000000449267DC5F988E
:107D60003C0000000000008F001AF419008C000095
:107D7000000000008809005300088900000000008E
:107D800000487000000074470000000000000091EF
:107D90003C00438D0000000000000000009979962F
:107DA00000000000000000000000004E0000000085
:107DB00000000000000031460B51290000000000C7
:107DC0000000449267DC5F983C0000000000008FD8
:107DD000001AF419008C000000000000880900530C
:107DE000000889000000000000487000000074478F
:107DF00000000000000000913C00438D00000000E6
:107E000000000000009979960000000000000000CA
:107E10000000004E0000000000000000000031469D
:107E20000B512900000000000000449267DC5F98BD
:107E30003C0000000000008F001AF419008C0000C4
:107E400000000000880900530008890000000000BD
:107E5000004870000000744700000000000000911E
:107E60003C00438D0000000000000000009979965E
:107E700000000000000000000000004E00000000B4
:107E800000000000000031460B51290000000000F6
:107E90000000449267DC5F983C0000000000008F07
:107EA000001AF419008C000000000000880900533B
:107EB00000088900000000000048700000007447BE
:107EC00000000000000000913C00438D0000000015
:107ED00000000000009979960000000000000000FA
:107EE0000000004E000000000000000000003146CD
:107EF0000B512900000000000000449267DC5F98ED
:107F00003C0000000000008F001AF419008C0000F3
:107F100000000000880900530008890000000000EC
:107F2000004870000000744700000000000000914D
:107F30003C00438D0000000000000000009979968D
:107F400000000000000000000000004E00000000E3
:107F500000000000000031460B5129000000000025
:107F60000000449267DC5F983C0000000000008F36
:107F7000001AF419008C000000000000880900536A
:107F800000088900000000000048700000007447ED
:107F900000000000000000913C00438D0000000044
:107FA0000000000000997996000000000000000029
:107FB0000000004E000000000000000000003146FC
:107FC0000B512900000000000000449267DC5F981C
:107FD0003C0000000000008F001AF419008C000023
:107FE000000000008809005300088900000000001C
:107FF000004870000000744700000000000000917D
:108000003C00438D000000000000000000997996BC
:1080100000000000000000000000004E0000000012
:1080200000000000000031460B5129000000000054
:108030000000449267DC5F983C0000000000008F65
:10804000001AF419008C0000000000008809005399
:10805000000889000000000000487000000074471C
:1080600000000000000000913C00438D0000000073
:108070000000000000997996000000000000000058
:108080000000004E0000000000000000000031462B
:108090000B512900000000000000449267DC5F984B
:1080A0003C0000000000008F001AF419008C000052
:1080B000000000008809005300088900000000004B
:1080C00000487000000074470000000000000091AC
:1080D0003C00438D000000000000000000997996EC
:1080E00000000000000000000000004E0000000042
:1080F00000000000000031460B5129000000000084
:108100000000449267DC5F983C0000000000008F94
:10811000001AF419008C00000000000088090053C8
:10812000000889000000000000487000000074474B
:1081300000000000000000913C00438D00000000A2
:108140000000000000997996000000000000000087
:108150000000004E0000000000000000000031465A
:108160000B512900000000000000449267DC5F987A
:108170003C0000000000008F001AF419008C000081
:10818000000000008809005300088900000000007A
:1081900000487000000074470000000000000091DB
:1081A0003C00438D0000000000000000009979961B
:1081B00000000000000000000000004E0000000071
:1081C00000000000000030460B50280000000000B6
:1081D0000000438F66D85F943A0000000000008BD7
:1081E0000019EF1800880000000000008408005209
:1081F000000885000000000000456E000000714589
:10820000000000000000008E3B00428A00000000D9
:1082100000000000009577920000000000000000C0
:108220000000004D000000000000000000002E448F
:108230000B4F2600000000000000408A65D25D8ED2
:1082400037000000000000860017E61600820000DC
:10825000000000007F08004F0007800000000000C1
:108260000042690000006C4100000000000000882E
:1082700038003F850000000000000000008F758D71
:1082800000000000000000000000004B00000000A3
:108290000000000000002C420A4D240000000000F5
:1082A00000003D8462CC5B89350000000000008145
:1082B0000015DE15007D0000000000007A07004C6C
:1082C00000067B0000000000004065000000683FE1
:1082D000000000000000008336003C800000000029
:1082E00000000000008A728700000000000000000B
:1082F00000000049000000000000000000002940CC
:10830000094A22000000000000003B7F5EC5578440
:10831000320000000000007C0013D513007800003C
:10832000000000007606004900067600000000000C
:10833000003D61000000643C000000000000007E81
:108340003300397A000000000000000000846F82D2
:1083500000000000000000000000004700000000D6
:10836000000000000000273D08472000000000003A
:108370000000387A5ABD547E3000000000000077BB
:108380000012CD12007300000000000070050045CF
:108390000005710000000000003A5D000000603937
:1083A0000000000000000078300037750000000079
:1083B00000000000007F6B7C000000000000000057
:1083C000000000440000000000000000000025390B
:1083D00007431E00000000000000347355B44F77BF
:1083E0002D000000000000710011C310006D00009E
:1083F000000000006B04004100046B00000000005E
:108400000037580000005A360000000000000072DB
:108410002E00336F00000000000000000079657638
:10842000000000000000000000000040000000000C
:108430000000000000002336063F1D000000000081
:108440000000326E51AD4B722B0000000000006B3B
:10845000000FBB0F00680000000000006504003E34
:108460000003660000000000003454000000573391
:10847000000000000000006D2B00306A00000000CA
:1084800000000000007361710000000000000000A7
:108490000000003D0000000000000000000021334B
:1084A000063C1A000000000000002F694DA4476D33
:1084B0002800000000000066000EB20E00640000FC
:1084C000000000006002003B0002610000000000AC
:1084D00000314F0000005230000000000000006832
:1084E00029002E650000000000000000006D5C6B9C
:1084F0000000000000000000000000390000000043
:108500000000000000001E300438180000000000C9
:1085100000002C63499C43662500000000000060B9
:10852000000CA80C005E0000000000005B0100379A
:1085300000015C0000000000002E4B0000004D2DEB
:10854000000000000000006226002B5F0000000019
:1085500000000000006757650000000000000000F8
:1085600000000036000000000000000000001C2D8C
:1085700004351700000000000000295E45933F61AC
:10858000230000000000005B000BA00B005900005E
:1085900000000000560000340000570000000000FA
:1085A000002B46000000492A000000000000005D8A
:1085B0002400285A00000000000000000062526001
:1085C0000000000000000000000000320000000079
:1085D0000000000000001A2A03321500000000000D
:1085E00000002658408B3B5B200000000000005636
:1085F000000A970A005400000000000051000030FB
:108600000000520000000000002842000000442743
:108610000000000000000057210025540000000069
:1086200000000000005C4D5A000000000000000047
:108630000000002F000000000000000000001827CC
:10864000012E130000000000000023523C83375528
:108650001E0000000000005000098E08004E0000BF
:10866000000000004C00002D00004C000000000045
:1086700000243E00000040240000000000000051E3
:108680001E00224F00000000000000000056485469
:1086900000000000000000000000002B00000000AF
:1086A0000000000000001624012A11000000000054
:1086B0000000214D387B33501C0000000000004BAF
:1086C000000785070049000000000000470000295E
:1086D00000004700000000000022390000003C219B
:1086E000000000000000004C1C001F4A00000000B9
:1086F000000000000050434F000000000000000098
:10870000000000280000000000000000000014210C
:1087100000270F000000000000001E4733732F4A9F
:10872000190000000000004600057C050043000021
:108730000000000041000026000041000000000091
:10874000001F35000000371E00000000000000463A
:1087500019001C440000000000000000004B3E49CE
:1087600000000000000000000000002500000000E4
:10877000000000000000111E00240D000000000099
:1087800000001B422F6A2B4416000000000000412D
:1087900000047304003E0000000000003C000023C1
:1087A00000003D0000000000001B31000000321BF3
:1087B000000000000000004117001A3F0000000008
:1087C00000000000004539440000000000000000E7
:1087D00000000021000000000000000000000F1B4E
:1087E00000200B00000000000000183C2B62273F17
:1087F000130000000000003A00036A030039000083
:10880000000000003700001F0000370000000000DB
:1088100000182C0000002E18000000000000003B93
:10882000140017390000000000000000003F343E33
:1088300000000000000000000000001E000000001A
:108840000000000000000D18001D090000000000DD
:1088500000001537275A23391100000000000035A9
:108860000002620100330000000000003200001C22
:1088700000003200000000000016280000002A1648
:108880000000000000000036110014340000000059
:1088900000000000003A2F38000000000000000037
:1088A0000000001B000000000000000000000B158D
:1088B00000190700000000000000123222511F338F
:1088C0000E0000000000002F00005900002E0000E4
:1088D000000000002D00001800002D000000000026
:1088E00000132300000025120000000000000030EB
:1088F0000F00112F000000000000000000342A3299
:108900000000000000000000000000170000000050
:108910000000000000000812001606000000000021
:1089200000000F2C1E491B2D0C0000000000002A27
:108930000000500000280000000000002700001583
:108940000000270000000000000F1F0000002010A2
:10895000000000000000002B0C000E2900000000A9
:1089600000000000002E252D000000000000000087
:108970000000001400000000000000000000060ECF
:10898000001203000000000000000C261A40172807
:108990000900000000000024000046000023000041
:1089A0000000000022000011000022000000000072
:1089B000000D1B0000001B0D000000000000002641
:1089C00009000B2400000000000000000028202700
:1089D0000000000000000000000000100000000087
:1089E000000000000000040C000F02000000000066
:1089F0000000092115391322060000000000001FA5
:108A000000003E00001E0000000000001D00000EDF
:108A100000001D0000000000000A160000001709F9
:108A200000000000000000200700091F00000000F7
:108A30000000000000221B210000000000000000D8
:108A40000000000D0000000000000000000002080F
:108A5000000B0000000000000000061B11300F1C7E
:108A6000040000000000001900003500001800009C
:108A7000000000001700000A0000170000000000BE
:108A80000007120000001307000000000000001A99
:108A9000040006190000000000000000001C161B66
:108AA00000000000000000000000000900000000BD
:108AB00000000000000000050008000000000000A9
:108AC000000003150D280B16010000000000001423
:108AD00000002C000013000000000000120000073E
:108AE000000012000000000000030D0000000E0353
:108AF0000000000000000015010003140000000049
:108B00000000000000161116000000000000000028
:108B1000000000060000000000000000000000024D
:108B200000040000000000000000011008200711F0
:108B3000000000000000000E00002300000E0000F6
:108B4000000000000D00000300000D000000000008
:108B50000001090000000A01000000000000000FF1
:108B60000000000F000000000000000000110C10C9
:108B700000000000000000000000000300000000F2
:108B800000000000000000000001000000000000E4
:108B90000000000A0517030B000000000000000998
:108BA00000001A000009000000000000080000009A
:108BB00000000800000000000000050000000500A3
:108BC000000000000000000A000000090000000092
:108BD00000000000000B070B000000000000000078
:108BE0000000000000000000000000000000000085
:108BF000000000000000000000000005000F00065B
:108C0000000000000000000400001100000300004C
:108C1000000000000200000000000300000000004F
:108C2000000000000000010000000000000000043F
:108C30000000000400000000000000000005020524
:108C40000000000000000000000000000000000024
:108C50000000000000000000000000000000000014
:108C600000000000000700000000000000000000FD
:108C700000000900000000000000000000000000EB
:108C800000000000000000000000000000000000E4
:108C900000000000000000000000000000000000D4
:108CA00000000000000000000000000000000000C4
:108CB00000000000000000000000000000000000B4
:108CC00000000000000000000000000000000000A4
:108CD0000000000000000000000000000000000094
:108CE0000000000000000000000000000000000084
:108CF0000000000000000000000000000000000074
:108D00000000000000000000000000000000000063
:108D10000000000000000000000000000000000053
:108D20000000000000000000000000000000000043
:108D30000000000000000000000000000000000033
:108D40000000000000000000000000000000000023
:108D50000000000000000000000000000000000013
:108D60000000000000000000000000000000000003
:108D700000000000000000000000000000000000F3
:108D800000000000000000000000000000000000E3
:108D900000000000000000000000000000000000D3
:108DA00000000000000000000000000000000000C3
:108DB00000000000000000000000000000000000B3
:108DC00000000000000000000000000000000000A3
:108DD0000000000000000000000000000000000093
:108DE0000000000000000000000000000000000083
:108DF0000000000000000000000000000000000073
:108E0000000000000000000016000000000000004C
:108E10000000000000000000000000000000000052
:108E20000000000000000000000000000000000042
:108E30000000000000000000000000000000000032
:108E40000000000000000000000000000000000022
:108E50000000000000000000000000000000000012
:108E600000000000000000000000000000000007FB
:108E700016000000000000000000000000000000DC
:108E800000000000000000000000000000000000E2
:108E900000000000000000000000000000000000D2
:108EA00000000000000000000000000000000000C2
:108EB00000000000000000000000000000000000B2
:108EC00000000000000000000000000000000000A2
:108ED000000000000000001113000000000000006E
:108EE0000000000000000000000000000000000082
:108EF0000000000000000000000000000000000072
:108F00000000000000000000000000000000000061
:108F10000000000000000000000000000000000051
:108F20000000000000000000000000000000000041
:108F30000000000000000000000000000000001C15
:108F40000F00000000000000000000000000000012
:108F50000000000000000000000000000000000011
:108F60000000000000000000000000000000000001
:108F700000000000000000000000000000000000F1
:108F800000000000000000000000000000000000E1
:108F900000000000000000000000000000000000D1
:108FA00000000000000000280A000000000000008F
:108FB00000000000000000000000000000000000B1
:108FC00000000000000000000000000000000000A1
:108FD0000000000000000000000000000000000091
:108FE0000000000000000000000000000000000081
:108FF0000000000000000000000000000000000071
:10900000000000000000000000000000000000332D
:10901000030000000000000000000000000000004D
:109020000000000000000000000000000000000040
:109030000000000000000000000000000000000030
:109040000000000000000000000000000000000020
:109050000000000000000000000000000000000010
:109060000000000000000000000000000000000000
:10907000000000000000003D0000000000000000B3
:1090800000000000000000000000000000000000E0
:1090900000000000000000000000000000000000D0
:1090A00000000000000000000000000000000000C0
:1090B00000000000000000000000000000000000B0
:1090C00000000000000000000000000000000000A0
:1090D000000000000000000000000000000000434D
:1090E0000000000000000000000000000000000080
:1090F0000000000000000000000000000000000070
:10910000000000000000000000000000000000005F
:10911000000000000000000000000000000000004F
:10912000000000000000000000000000000000003F
:10913000000000000000000000000000000000002F
:1091400000000000000001400000000000000000DE
:10915000000000000100000000000000000000000E
:1091600000000000000000000000000000000000FF
:1091700000000000000000000000000000000000EF
:1091800000000000000000000000000000000000DF
:1091900000000000000000000000000000000000CF
:1091A00000000000000000000000000000000B397B
:1091B00000000000000000000000000006000000A9
:1091C000000000000000000000000000000000009F
:1091D000000000000000000000000000000000008F
:1091E000000000000000000000000000000000007F
:1091F000000000000000000000000000000000006F
:10920000000000000000000000000000000000005E
:10921000000000000000142E00000000000000000C
:109220000000000309000000000000000000000032
:10923000000000000000000000000000000000002E
:10924000000000000000000000000000000000001E
:10925000000000000000000000000000000000000E
:1092600000000000000000000000000000000000FE
:1092700000000000000000000000000000001A21B3
:109280000000000000000000000000100A000000C4
:1092900000000000000000000000000000000000CE
:1092A00000000000000000000000000000000000BE
:1092B00000000000000000000000000000000000AE
:1092C000000000000000000000000000000000009E
:1092D000000000000000000000000000000000008E
:1092E0000000000000001D1400000000000000004D
:1092F0000000002109000000000000000000000044
:10930000000000000000000000000000000000005D
:10931000000000000000000000000000000000004D
:10932000000000000000000000000000000000003D
:10933000000000000000000000000000000000002D
:1093400000000000000000000000000000001B08FA
:1093500000000000000000000000003306000000D4
:1093600000000000000000000000000000000000FD
:1093700000000000000000000000000000000000ED
:1093800000000000000000000000000000000000DD
:1093900000000000000000000000000000000000CD
:1093A00000000000000000000000000000000000BD
:1093B0000000000000001500000000000000000098
:1093C0000000004401000000000000000000000058
:1093D000000000000000000000000000000000008D
:1093E000000000000000000000000000000000007D
:1093F000000000000000000000000000000000006D
:10940000000000000000000000000000000000005C
:1094100000000000000000000000000000000C0040
:1094200000000000000000000000005100000000EB
:10943000000000000000000000000000000000002C
:10944000000000000000000000000000000000001C
:10945000000000000000000000000000000000000C
:1094600000000000000000000000000000000000FC
:1094700000000000000000000000000000000000EC
:1094800000000000000003000000000000000000D9
:109490000000005700000000000000000000000075
:1094A00000000000000000000000000000000000BC
:1094B00000000000000000000000000000000000AC
:1094C000000000000000000000000000000000009C
:1094D000000000000000000000000000000000008C
:1094E000000000000000000000000000000000007C
:1094F000000000000000000000000A55000000000D
:109500000000000000000000020000000000000059
:10951000000000000000000000000000000000004B
:10952000000000000000000000000000000000003B
:10953000000000000000000000000000000000002B
:10954000000000000000000000000000000000001B
:10955000000000000000000000000000000000000B
:109560000000124D0000000000000000000000029A
:109570000D000000000000000000000000000000DE
:1095800000000000000000000000000000000000DB
:1095900000000000000000000000000000000000CB
:1095A00000000000000000000000000000000000BB
:1095B00000000000000000000000000000000000AB
:1095C00000000000000000000000153F0000000047
:1095D0000000000000000013170000000000000061
:1095E000000000000000000000000000000000007B
:1095F000000000000000000000000000000000006B
:10960000000000000000000000000000000000005A
:10961000000000000000000000000000000000004A
:10962000000000000000000000000000000000003A
:109630000000142E000000000000000000000029BF
:109640001E000000000000000000000000000000FC
:10965000000000000000000000000000000000000A
:1096600000000000000000000000000000000000FA
:1096700000000000000000000000000000000000EA
:1096800000000000000000000000000000000000DA
:10969000000000000000000000000F1E000000009D
:1096A000000000000000003F21000000000000005A
:1096B00000000000000000000000000000000000AA
:1096C000000000000000000000000000000000009A
:1096D000000000000000000000000000000000008A
:1096E000000000000000000000000000000000007A
:1096F000000000000000000000000000000000006A
:1097000000000810000000000000000000000052EF
:109710001F0000000000000000000000000000002A
:109720000000000000000000000000000000000039
:109730000000000000000000000000000000000029
:109740000000000000000000000000000000000019
:109750000000000000000000000000000000000009
:1097600000000000000000000000000500000000F4
:10977000000000000000005E190000000000000072
:1097800000000000070000000000000000000000D2
:1097900000000000000000000000000000000000C9
:1097A00000000000000000000000000000000000B9
:1097B00000000000000000000000000000000000A9
:1097C0000000000000000000000000000000000099
:1097D0000000000000000000000000000000005F2A
:1097E0001200000000000000000000001F00000048
:1097F0000000000000000000000000000000000069
:109800000000000000000000000000000000000058
:109810000000000000000000000000000000000048
:109820000000000000000000000000000000000038
:109830000000000000000000000000000000000028
:1098400000000000000000570A00000000000000B7
:10985000000000003A0000000000000000000000CE
:1098600000000000000000000000000000000000F8
:1098700000000000000000000000000000000000E8
:1098800000000000000000000000000000000000D8
:1098900000000000000000000000000000000000C8
:1098A0000000000000000000000000000000004870
:1098B0000400000000000000000000005300000051
:1098C0000000000000000000000000000000000098
:1098D0000000000000000000000000000000000088
:1098E0000000000000000000000000000000000078
:1098F0000000000000000000000000000000000068
:109900000000000000000000000000000000000057
:109910000000000000000037000000000000000010
:109920000000000C640000000000000000000000C7
:109930000000000000000000000000000000000027
:109940000000000000000000000000000000000017
:109950000000000000000000000000000000000007
:1099600000000000000000000000000000000000F7
:1099700000000000000000000000000000000026C1
:1099800000000000000000000000001A6B00000052
:1099900000000000000000000000000000000000C7
:1099A00000000000000000000000000000000000B7
:1099B00000000000000000000000000000000000A7
:1099C0000000000000000000000000000000000097
:1099D0000000000000000000000000000000000087
:1099E000000000000000001800000000000000005F
:1099F00000000024670000000000000000000000DC
:109A0000080C000000000000000000000000000042
:109A10000000000000000000000000000000000046
:109A20000000000000000000000000000000000036
:109A30000000000000000000000000000000000026
:109A40000000000000000000000000000000000C0A
:109A50000000000000000000000000295B00000082
:109A600000000000000000002019000000000000BD
:109A700000000000000000000000000000000000E6
:109A800000000000000000000000000000000000D6
:109A900000000000000000000000000000000000C6
:109AA00000000000000000000000000000000000B6
:109AB00000000000000000020000000000000000A4
:109AC000000000284C000000000000000000000022
:109AD0004020000000000000000000000000000026
:109AE0000000000000000000000000000000000076
:109AF0000000000000000000000000000000000066
:109B00000000000000000000000000000000000055
:109B10000000000000000000000000000000000045
:109B20000000000000000000000000213D000000D7
:109B300000000000000000006120000000000000A4
:109B40000000000000000000000000000000000015
:109B50000000000000000000000000000000000005
:109B600000000000000000000000000000000000F5
:109B700000000000000000000000000000000000E5
:109B800000000000000000000000000000000000D5
:109B9000000000182E00000000000000000000007F
:109BA0007A1B000000000000000000000000000020
:109BB00000000000000000000000000000000000A5
:109BC0000000000000000000000000000000000095
:109BD0000000000000000000000000000000000085
:109BE0000000000000000000000000000000000075
:109BF00000000000000000000000000F2100000035
:109C000000000000000000008715000000000000B8
:109C10000000000000110000000000000000000033
:109C20000000000000000000000000000000000034
:109C30000000000000000000000000000000000024
:109C40000000000000000000000000000000000014
:109C50000000000000000000000000000000000004
:109C600000000008160000000000000000000000D6
:109C7000880E000000000000000000000028000026
:109C800000000000000000000000000000000000D4
:109C900000000000000000000000000000000000C4
:109CA00000000000000000000000000000000000B4
:109CB00000000000000000000000000000000000A4
:109CC0000000000000000000000000020C00000086
:109CD00000000000000000097E08000000000000F5
:109CE00000000000163A0000000000000000000024
:109CF0000000000000000000000000000000000064
:109D00000000000000000000000000000000000053
:109D10000000000000000000000000000000000043
:109D20000000000000000000000000000000000033
:109D30000000000004000000000000000000000F10
:109D40006F04000000000000000000003843000025
:109D50000000000000000000000000000000000003
:109D600000000000000000000000000000000000F3
:109D700000000000000000000000000000000000E3
:109D800000000000000000000000000000000000D3
:109D900000000000000000000000000000000000C3
:109DA00000000000000000105F0000000000000044
:109DB000000000005F410000000000000000000003
:109DC0000000000000000000000000000000000093
:109DD0000000000000000000000000000000000083
:109DE0000000000000000000000000000000000073
:109DF0000000000000000000000000000000000063
:109E00000000000000000000000000000000000E44
:109E10004F00000000000000000000008338000038
:109E20000000000000000000000000000000000032
:109E30000000000000000000000000000000000022
:109E40000000000000000000000000000000000012
:109E50000000000000000000000000000000000002
:109E600000000000000000000000000000000000F2
:109E7000000000000000000A410000000000000097
:109E8000000000009A2D000000000000000000000B
:109E900000000000000000000000000000000000C2
:109EA00000000000000000000000000000000000B2
:109EB00000000000000000000000000000000000A2
:109EC0000000000000000000000000000000000092
:109ED000000000000000000000000000000000077B
:109EE00033000000000000000000001BA22300005F
:109EF000000000000000000000050000000000005D
:109F00000000000000000000000000000000000051
:109F10000000000000000000000000000000000041
:109F20000000000000000000000000000000000031
:109F30000000000000000000000000000000000021
:109F400000000000000000032800000000000000E6
:109F50000000003F9C1B000000000000000000000B
:109F60000A090000000000000000000000000000DE
:109F700000000000000000000000000000000000E1
:109F800000000000000000000000000000000000D1
:109F900000000000000000000000000000000000C1
:109FA00000000000000000000000000000000001B0
:109FB0001D00000000000000000000628D14000081
:109FC00000000000000000001C080000000000006D
:109FD0000000000000000000000000000000000081
:109FE0000000000000000000000000000000000071
:109FF0000000000000000000000000000000000061
:10A000000000000000000000000000000000000050
:10A01000000000000000000014000000000000002C
:10A020000000007D7B0E000000000000000000002A
:10A030002C050000000000000000000000000000EF
:10A040000000000000000000000000000000000010
:10A050000000000000000000000000000000000000
:10A0600000000000000000000000000000000000F0
:10A0700000000000000000000000000000000000E0
:10A080000C0000000000000000000D8D69080000B9
:10A09000000000000000000035010000000000008A
:10A0A00000000000000000000000000000000000B0
:10A0B00000000000000000000000000000000000A0
:10A0C0000000000000000000000000000000000090
:10A0D0000000000000000000000000000000000080
:10A0E000000000000000000005000000000000006B
:10A0F0000000318E5A040000000000000000000E35
:10A10000350000000000000000000000000000001A
:10A11000000000000000000000000000000000003F
:10A12000000000000000000000000000000000002F
:10A13000000000000000000000000000000000001F
:10A14000000000000000000000000000000000000F
:10A15000000000000000000000005B844B000000D5
:10A16000000000000000001E3100000000000000A0
:10A1700000000000000000000000000000000000DF
:10A1800000000000000000000000000000000000CF
:10A1900000000000000000000000000000000000BF
:10A1A00000000000000000000000000000000000AF
:10A1B000000000000000000000000000000000009F
:10A1C000000081763F000000000000000000002732
:10A1D0002B00000000000000000000000000000054
:10A1E000000000000000000000000000000000006F
:10A1F000000000000000000000000000000000005F
:10A20000000000000000000000000000000000004E
:10A21000000000000000000000000000000000003E
:10A22000000000000000000000119A6633000000EA
:10A2300000000000000000292500000000000000D0
:10A24000000000000000000000000000000000000E
:10A2500000000000000000000000000000000000FE
:10A2600000000000000000000000000000000000EE
:10A2700000000000000000000000000000000000DE
:10A2800000000000000000000000000000000000CE
:10A29000003DA25A2A000000000000000000002734
:10A2A000200000000000000000000000000000008E
:10A2B000000000000000000000000000000000009E
:10A2C000000000000000000000000000000000008E
:10A2D000000000000000000000000000000000007E
:10A2E000000000000000000000000000000000006E
:10A2F0000000000000000000006D9C4E20000000E7
:10A3000000000000000000231B000000000000000F
:10A31000000000000000000000000000000000003D
:10A32000000000000000000000000000000000002D
:10A33000000000000000000000000000000000001D
:10A34000000000000000000000000000000000000D
:10A3500000000000140000000000000000000000E9
:10A3600000908F4419000000000000000000001F52
:10A3700017000000000000000000000000000000C6
:10A3800000000000000000000000000000000000CD
:10A3900000000000000000000000000000000000BD
:10A3A00000000000000000000000000000000000AD
:10A3B000000000000000000000000000320000006B
:10A3C000000000000000000000A0823B120000001E
:10A3D000000000000000001C13000000000000004E
:10A3E000000000000000000000000000000000006D
:10A3F000000000000000000000000000000000005D
:10A40000000000000000000000000000000000004C
:10A41000000000000000000000000000000000003C
:10A420000000001B500000000000000000000000C1
:10A43000059E76330C0000000000000000000018AC
:10A440000F000000000000000000000000000000FD
:10A4500000000000000000000000000000000000FC
:10A4600000000000000000000000000000000000EC
:10A4700000000000000000000000000000000000DC
:10A480000000000000000000000000476500000020
:10A49000000000000000000007956C2A0600000084
:10A4A00000000000000000150B000000000000008C
:10A4B000000000000000000000000000000000009C
:10A4C000000000000000000000000000000000008C
:10A4D000000000000000000000000000000000007C
:10A4E000000000000000010000000000000000006B
:10A4F0000000006F6C000000000000000000000081
:10A50000028A622301000000000000000000001227
:10A510000800000000000000000000000000000033
:10A52000000000000000000000000000000000002B
:10A53000000000000000000000000000000000001B
:10A5400000000000000000000000000000002A00E1
:10A550000000000000000000000000866A0000000B
:10A560000000000000000000007F581C00000000F8
:10A57000000000000000000E0500000000000000C8
:10A5800000000000000000000000000000000000CB
:10A5900000000000000000000000000000000000BB
:10A5A00000000000000000000000000000000000AB
:10A5B0000000000000006300000000000000000038
:10A5C00000000085640000000000000000000000A2
:10A5D0000076501700000000000000000000000C92
:10A5E0000200000000000000000000000000000069
:10A5F000000000000000000000000000000000005B
:10A60000000000000000000000000000000000004A
:10A6100000000000000000000000000000009603A1
:10A6200000000000000000000000007A5C00000054
:10A630000000000000000000006C47110000000056
:10A640000000000000000009000000000000000001
:10A6500000000000000000000000000000000000FA
:10A6600000000000000000000000000000000000EA
:10A6700000000000000000000020000000000000BA
:10A68000000000000000B005000000000000000015
:10A690000000006E560000000000000000000000F6
:10A6A00000633F0C000000000000000000000006F6
:10A6B000000000000000000000000000000000009A
:10A6C000000000000000000000000000000000008A
:10A6D000000000000000000000000000000000007A
:10A6E000005B000000000000000000000000B0055A
:10A6F0000000000000000000000000664F000000A5
:10A700000000000000000000005A370800000000B0
:10A710000000000000000004000000000000000035
:10A720000000000000000000000000000000000029
:10A730000000000000000000000000000000000019
:10A740000000000000000000009100000000000078
:10A75000000000000000A304000000000000000052
:10A760000000005F49000000000000000000000041
:10A770000053300400000000000000000000000250
:10A7800000000000000000000000000000000000C9
:10A7900000000000000000000000000000000000B9
:10A7A000000000001B00000000000000000000008E
:10A7B00000AC09000000000000000000000096024C
:10A7C00000000000000000000000005843000000EE
:10A7D0000000000000000000004C2A000000000003
:10A7E0000000000000000000000000000000000069
:10A7F0000000000000000000000000000000000059
:10A800000000000000000000000000004C130000E9
:10A81000000000000000000000AD0F00000000007C
:10A820000000000000008B0000000000000000009D
:10A83000000000513E000000000000000000000089
:10A84000004524000000000000000000000000009F
:10A8500000000000000000000000000000000000F8
:10A8600000000000000000000000000000000000E8
:10A87000000000006E3E000000000000000000002C
:10A8800000A40E0000000000000000000000820094
:10A8900000000000000000000000004B3900000034
:10A8A0000000000000000000003E1F00000000004B
:10A8B0000000000000000000000000000000000098
:10A8C0000000000000000000000000000000000088
:10A8D0000C0000000000000000000000776B00008A
:10A8E00000000000000000000099080000000000C7
:10A8F00000000000000079000000000000000000DF
:10A9000000000045330000000000000000000000CF
:10A9100000381900000000000000000000000000E6
:10A920000000000000000000000000000000000027
:10A9300000000000000000004000000000000000D7
:10A94000000000007286000000000000000000000F
:10A9500000910400000000000000000000007100F1
:10A9600000000000000000000000003F2F00000079
:10A970000000000000000000003214000000000091
:10A9800000000000000000000000000000000000C7
:10A9900000000000000000000000000000000000B7
:10A9A0007903000000000000000000006B8D000033
:10A9B000000000000000000000880100000000000E
:10A9C0000000000000006A0000000000000000001D
:10A9D0000000003A2A000000000000000000000013
:10A9E000002C10000000000000000000000000002B
:10A9F0000000000000000000000000000000000057
:10AA00000000000000000000983600000000000078
:10AA10000000000065880000000000000000000049
:10AA20000080000000000000000000000000620044
:10AA300000000000000000000000003526000000BB
:10AA4000000000000000000000270C0000000000D3
:10AA500000000000000000000000000000000000F6
:10AA600000000000000000000000000000000000E6
:10AA7000987B000000000000000000005F820000E2
:10AA8000000000000000000000780000000000004E
:10AA90000000000000005C0000000000000000005A
:10AAA0000000003122000000000000000000000053
:10AAB000002209000000000000000000000000006B
:10AAC0000000000000000000000000001100000075
:10AAD00000000000000000008DB100000000000038
:10AAE000000000005A7B0000000000000000000091
:10AAF0000071000000000000000000000000550090
:10AB000000000000000000000000002C1E000000FB
:10AB10000000000000000000001D05000000000013
:10AB20000000000000000000000000000000000025
:10AB300000000000190500000000000000000000F7
:10AB400083BD3100000000000000000054750000CB
:10AB50000000000000000000006A0000000000008B
:10AB60000000000000004F00000000000000000096
:10AB7000000000281B000000000000000000000092
:10AB800000190200000000000000000000000000AA
:10AB90000000000000000000000000001919000083
:10ABA00000000000000000007CBC780000000000F5
:10ABB000000000004F6F00000000000000000000D7
:10ABC00000640000000000000000000000004900D8
:10ABD000000000000000000000000024170000003A
:10ABE0000000000000000000001500000000000050
:10ABF0000000000000000000000000000000000055
:10AC0000000000001723000000000000000000000A
:10AC100076B4AB0C00000000000000004B6900009F
:10AC20000000000000000000005D000000000000C7
:10AC300000000000000044000000000000000000D0
:10AC400000000021150000000000000000000000CE
:10AC500000120000000000000000000000000000E2
:10AC600000000000000000000000000015220000AD
:10AC700000000000000000006FA9B25200000000B8
:10AC8000000000004663000000000000000000001B
:10AC900000570000000000000000000000003E001F
:10ACA00000000000000000000000001D1200000075
:10ACB0000000000000000000000E00000000000086
:10ACC0000000000000000000000000000000000084
:10ACD000000000001322000000000000000000003F
:10ACE0006AA1B29D0000000000000000425D00006B
:10ACF0000100000000000000005200000000000001
:10AD00000000000000003A00000000000000000009
:10AD10000000001A0F00000000000000000000000A
:10AD2000000B000000000000000000000000000018
:10AD300000000000000000000000000012210000E0
:10AD400000000000000000006499A7BD170000008B
:10AD5000000000003E5800001A0300000000000040
:10AD6000004C000000000000000000000000350062
:10AD70000000000000000000000000170C000000B0
:10AD800000000000000000000008000000000000BB
:10AD900000000000000000000000000000000000B3
:10ADA00000000000111F0000000000000000000073
:10ADB0005F929FBF3A000000000000003A5300007D
:10ADC0002B3E0000000000000047000000000000D3
:10ADD0000000000000003100000000000000000042
:10ADE000000000140A000000000000000000000045
:10ADF000000500000000000000000000000000004E
:10AE00000000000000000000000000000F1D000016
:10AE10000000000000000000598B98BA41000000BB
:10AE200000000000354E00002B91000000000000E3
:10AE300000420000000000000000000000002C00A4
:10AE400000000000000000000000001107000000EA
:10AE500000000000000000000002000000000000F0
:10AE600000000000000000000000000000000000E2
:10AE7000000000000E1B00000000000000000000A9
:10AE8000548491B33A00000000000000324A0000F0
:10AE900024C7110000000000003D00000000080071
:10AEA000000000000000280000000000000000007A
:10AEB0000000000D05000000000000000000000080
:10AEC0000000000000000000000000000000000082
:10AED0000000000000000000000000000C1900004D
:10AEE00000000000000000004F7D8AAC360000002A
:10AEF000000000002E44000021CE290000000000C8
:10AF00000038000000003131000000000000240083
:10AF100000000000000000000000000A0200000025
:10AF20000000000000000000000000000000000021
:10AF30000000000000000000000000000000000011
:10AF4000000000000B1700000000000000000000DF
:10AF50004B7683A533000000000000002B4000006A
:10AF60001FC52600000000000033000000004483DD
:10AF700000000000000020000000000000000000B1
:10AF800000000008000000000000000000000000B9
:10AF900000000000000000000000000000000000B1
:10AFA0000000000000000000000000000A16000081
:10AFB000000000000000000046707D9D3000000091
:10AFC00000000000273C00001DBD1F000000000025
:10AFD000002F0000000043B10000000000001B0033
:10AFE0000000000035000000000000040000000028
:10AFF0000000000000000000000000000000000051
:10B000000000000000000000000000000000000040
:10B010000000000008140000000000000000000014
:10B02000416A76962D0000000000000023370000E2
:10B030001BB51C0000000000002A0000000040B109
:10B04000000000000000170000000000890F000051
:10B0500000000002000000000000000000000000EE
:10B0600000000000000000000000000000000000E0
:10B0700000000000000000000000000007120000B7
:10B0800000000000000000003D64708F2B000000F5
:10B09000000000002034000019AE1A00000000007B
:10B0A0000026000000003EA6000000000000140082
:10B0B00000000000AE3800000000000000000000AA
:10B0C000000C0B0000000000000000000000000069
:10B0D0000000000000000000000000000000000070
:10B0E0000000000006110000000000000000000049
:10B0F000385D6A8829000000000000001D2F000054
:10B1000017A61900000000000021000000003A9F6F
:10B11000000000000000100000000000AD4800002A
:10B12000000000000000000000295D000000000099
:10B13000000000000000000000000000000000000F
:10B14000000000000000000000000000050F0000EB
:10B150000000000000000000345865822700000055
:10B16000000000001B2B0000169F170000000000CD
:10B17000001E0000000038980000000000000C00D5
:10B1800000000000A74100000000000000000000D7
:10B19000002AB100000000000000000000000007CD
:10B1A000000000000000000000000000000000009F
:10B1B00000000000040E000000000000000000007D
:10B1C00030535F7B240000000000000017280000BF
:10B1D0001497150000000000001A000000003592CE
:10B1E000000000000000090000000000A13A00007B
:10B1F00000000000000000000025CD080000000055
:10B2000000000000000000401400000000000000EA
:10B21000000000000000000000000000030C00001F
:10B2200000000000000000002D4E5A7522000000B2
:10B23000000000001524000013921400000000001C
:10B24000001700000000328C000000000000060023
:10B25000000000009A38000000000000000000001C
:10B260000023C81500000000000000000000005688
:10B27000700000000000000000000000000000005E
:10B2800000000000020B00000000000000000000B1
:10B290002949556F20000000000000001221000025
:10B2A000128B1300000000000013000000002F8626
:10B2B00000000000000003000000000094350000C2
:10B2C00000000000000000000021C1140000000088
:10B2D000000000000000004DC0050000000000005C
:10B2E000000000000000000000000000010A000053
:10B2F00000000000000000002644506A1E0000000C
:10B3000000000000101E000010841100000000006A
:10B310000010000000002D80000000000000000070
:10B32000000000008E33000000000000000000005C
:10B33000001FBA12000000000000000000000048DA
:10B34000CC560000000000000000000000081000C3
:10B3500000000000000800000000000000000000E5
:10B3600022404C651B000000000000000D1A000088
:10B370000E7F100000000000000D000000002A7B7E
:10B380000000000000000000000000008830000005
:10B390000000000000000000001DB31200000000CB
:10B3A0000000000000000045C69E000000000000F4
:10B3B0000000000000063000000000000007000050
:10B3C00000000000000000001F3B475F1A00000063
:10B3D000000000000B1700000D790F0000000000B6
:10B3E000000A0000000028750000000000000000B6
:10B3F00000000000832E000000000000000000009C
:10B40000001CAC1100000000000000000000004221
:10B41000BFA5530000000000000000000004341528
:10B420000000000000060000000000000000000016
:10B430001C37435A180000000000000009140000E7
:10B440000C730D00000000000007000000002671D2
:10B450000000000000000000000000007E2B000043
:10B460000000000000000000001AA610000000000C
:10B47000000000000000003FBAA3A6050000000085
:10B480000000000000033428000000000005000058
:10B49000000000000000000019333E5516000000B7
:10B4A00000000000071200000B6D0C0000000000FF
:10B4B000000400000000246B0000000000000000F9
:10B4C00000000000792A00000000000000000000D9
:10B4D0000019A00E00000000000000000000003C69
:10B4E000B3A0B76100000000000000000002342794
:10B4F0000000000000040000000000000000000048
:10B50000172F3B511500000000000000050F000040
:10B510000A690B0000000000000100000000226723
:10B52000000000000000000000000000742800007F
:10B53000000000000000000000189A0E00002A0021
:10B540000000000000000039AD9BB3AA000000001D
:10B55000000000000002332600000000000300008D
:10B560000000000000000000142B374C1300000006
:10B5700000000000030C000008640A000000000046
:10B580000000000000002063000000000000000038
:10B59000000000006F250000000000000000000017
:10B5A0000016950D00006235000000000000003715
:10B5B000A796B0B20900000000000000000131258C
:10B5C0000000000000020000000000000000000079
:10B5D000122833481200000000000000010A000099
:10B5E000075F0900000000000000000000001F5E6F
:10B5F0000000000000000000000000006A240000BD
:10B6000000000B000000000000158F0C0000768881
:10B610000000000000000035A191ADAD0400000065
:10B620000000000000012F240000000000010000C5
:10B6300000000000000000000F2430441000000053
:10B640000000000000080000065A0800000000008A
:10B650000000000000001C5A000000000000000074
:10B66000000000006622000000006C0000000000E6
:10B6700000138A0B0000759D0000000000000033DD
:10B680009B8CA8A8010000000000000000002D22F3
:10B6900000000000000000000000000000000000AA
:10B6A0000D212D400F0000000000000000060000EA
:10B6B00005560700000000000000000000001B56B7
:10B6C00000000000001400000000000062200000E4
:10B6D0000000BA00000000000013850A000072920A
:10B6E00000000000000000309687A2A300000000C8
:10B6F0000000000000002B210000000000000000FE
:10B7000000000000000000000A1E2A3D0E0000009C
:10B7100000000000000400000452060000000000C9
:10B720000000000000001952000000000079000035
:10B73000000000005E1F00000000C20000000000CA
:10B740000011800900006E8C000000000000002E37
:10B7500091839D9E00000000000000000000291F52
:10B7600000000000000000000000000000000000D9
:10B77000081C27390C000000000000000002000037
:10B78000034E0500000000001E0000000000174FDF
:10B790000000000009B90000000000005A1D000070
:10B7A0000000B6000000000000107B0900006B885C
:10B7B000000000000000002C8C7F999A000000001F
:10B7C000000000000000271E000000000000000034
:10B7D0000000000000000000061924360B000000E5
:10B7E0000000000000000000034A04000000002BDD
:10B7F000680000000000164B0000000010BC0000B4
:10B8000000000000561B00000000AF000000000018
:10B81000000F770800006884000000000000002A84
:10B82000877A949500000000000000000000261DAB
:10B830000000000000000000000000000000000008
:10B84000041621330A000000000010000000000070
:10B85000024703000000006F81000000000015484F
:10B86000000000000AB5000000000000531A0000AC
:10B870000000AA0000000000000E730700006580B1
:10B88000000000000000002983778F910000000075
:10B89000000000000000241B000000000000000069
:10B8A000000000000000000002131F30090000002B
:10B8B0000000610000000000014302000000009150
:10B8C0007E000000000013450000000004B00000EE
:10B8D00000000000501900000000A500000000005A
:10B8E000000D6E060000627C0000000000000027D2
:10B8F0007E738B8C00000000000000000000231A03
:10B900000000000000000000000000000000000037
:10B9100001111C2D08000000002B9E0000000000FB
:10B9200000400200000000937A0000000000124274
:10B930000000000004AC0000000000004C170000F4
:10B940000000A10000000000000C6B0600005F7901
:10B9500000000000000000257B6F878900000000C8
:10B96000000000000000211900000000000000009D
:10B970000000000002000000000F1A2B070000006A
:10B980000085A50000000000003D010000000090BF
:10B99000780000000000113F0000000003A7000035
:10B9A000000000004916000000009D00000000009B
:10B9B000000B670500005D76000000000000002419
:10B9C000776C838500000000000000000000201854
:10B9D0000000000000000000000000001700000050
:10B9E000000D1827060000000BBA9C0000000000A4
:10B9F000003900000000008D750000000000103CC0
:10BA00000000000003A30000000000004715000034
:10BA10000000990000000000000A630400005A7250
:10BA20000000000000000022736880820000000017
:10BA30000000000000001E170000000000000000D1
:10BA4000000000121D000000000A1525040000007F
:10BA500059BF970000000000003600000000008A77
:10BA60007100000000000E3900000000029F00007D
:10BA700000000000441300000000940000000000DB
:10BA800000095F040000576F000000000000002064
:10BA90006F657C7E000000000000000000001D16A5
:10BAA0000000000000000000000000261C00000054
:10BAB0000008132204000000A3BD94000000000051
:10BAC00000340000000000876F00000000000D3708
:10BAD00000000000029B0000000000004113000075
:10BAE000000091000000000000095D030000556D9A
:10BAF000000000000000001F6C62797A0000000066
:10BB00000000000000001C15000000000000000004
:10BB1000000000261B000000000611200300004268
:10BB2000B1BB900000000000003100000000008464
:10BB30006C00000000000D340000000001980000BF
:10BB4000000000003E11000000008D000000000019
:10BB5000000859030000536A000000000000001EA6
:10BB6000685F7577000000000000000000001B14F3
:10BB70000000000000000000000000251A00000086
:10BB80000006101D02000095B2B98D0000000000F3
:10BB9000002E0000000000816A00000000000C324E
:10BBA0000000000001940000000000003C100000B4
:10BBB00000008A00000000000007570200005167E3
:10BBC000000000000000001D655D727400000000B0
:10BBD0000000000000001A13000000000000000038
:10BBE000000000261A00000000030D1C020010BF18
:10BBF000AFB78B0000000000002C00001500007F94
:10BC00006700000000000B30000000000191000000
:10BC100000000000390F0000000086000000000056
:10BC20000007530200004E64000000000000001CEA
:10BC3000625A6F710000000000000000000019123D
:10BC400000000000000000000000002519000000B6
:10BC500000010C19010038C6ADB6880000000000D4
:10BC6000002A002B2800007C6500000000000A2E3E
:10BC700000000000018E000000000000370E0000F0
:10BC800000008300000000000006510200004C622A
:10BC9000000000000000001A5F576D6F00000000F8
:10BCA000000000000000181200000000000000006A
:10BCB000000000251900000000000A17000046C41B
:10BCC000ADB3850000000000002700772B0000794D
:10BCD000630000000000092D00000000018A000040
:10BCE00000000000350E0000000080000000000091
:10BCF00000054E0100004B6000000000000000192C
:10BD00005D556A6C00000000000000000000171183
:10BD100000000000000000000000002518000000E6
:10BD200000000816000043C2ACB082000000000012
:10BD3000002410AF260000776100000000000931E8
:10BD4000000000000087000000000000330B00002E
:10BD500000007D000000000000054C000000495E6E
:10BD600000000000000000185A536769000000003E
:10BD7000000000000000161000000000000000009D
:10BD8000000000251700000000000614000040C05D
:10BD9000A9AC800000000000002128C62400007526
:10BDA0005F0000000000084B0B0000000084000052
:10BDB000000000003108000000007B0000000000CF
:10BDC000000449000000475C00000000000000176C
:10BDD00057516567000000000000000000001510CA
:10BDE0000000000000000000000000241700000018
:10BDF0000000051200003EBFA6A97E000000000062
:10BE0000002134C7230000735D0000000000077AA2
:10BE10002100000000820000000000003407000044
:10BE20000000780000000000000347000000465AB0
:10BE30000000000000000016554F63650000000080
:10BE4000000000000000140F0000000000000000CF
:10BE500000000023160000000000031100003DBD9B
:10BE6000A4A67B0000000000002238C7220000705A
:10BE70005B00000000000BA12E000000008000000D
:10BE800000000000450C00000000760000000000EB
:10BE900000014400000044580000000000000015AC
:10BEA000534D606300000000000000000000140E0D
:10BEB0000000000000000000000000231600000049
:10BEC0000000020F00003CBBA1A47A0000000000AB
:10BED000002137C42100006F5A00000000000EAF9F
:10BEE00030000000007D000000000000540F000042
:10BEF00000007400000000000001440000004355F1
:10BF00000000000000000014504B5E6000000000C4
:10BF1000000000000000130D000000000000000001
:10BF200000000022150000000000000D00003BB9D9
:10BF30009FA0770000000000001F36C22000006DA7
:10BF400058000000000012BD30000000007B00001F
:10BF500000000000731300000000710000000000EA
:10BF600000034400000041540000000000000013E2
:10BF70004E495B5E00000000000000000000120D52
:10BF8000000000000000000000000021150000007B
:10BF90000000000B00003AB69C9E760000000000F6
:10BFA000001D35BF2000006B56000000000013BDCF
:10BFB0003000000000790000000000069F13000020
:10BFC00000006F0000000000000B44000000405221
:10BFD00000000000000000124C47595C0000000007
:10BFE000000000000000110C000000000000000034
:10BFF00000000021140000000000000A000039B415
:10C000009A9C740000000000001B34BD1F000069F2
:10C0100054000000000010B92F000000007600005E
:10C0200000000020BA11000000006D0000000000B8
:10C03000001F420000003E50000000000000001100
:10C040004A45585A00000000000000000000110C92
:10C0500000000000000000000000002014000000AC
:10C0600000000008000038B1989A7100000000003C
:10C07000001A32BA1F0000675300000000000DB61E
:10C080002E0000000075000000000031C11000000B
:10C0900000006A000000000020363F0000003D4E16
:10C0A0000000000000000011484355580000000047
:10C0B000000000000000100B000000000000000065
:10C0C000000000201300000000000007000037AF50
:10C0D0009698700000000000001831B81E0000663D
:10C0E0005200000000000CB42E000000007200009E
:10C0F00000000036C10F00000000690000000000D1
:10C1000058433C0000003B4D0000000000000010C0
:10C1100046415456000000000000000000000F0BD4
:10C1200000000000000000000000001F13000000DD
:10C1300000000006000036AD94966E00000000007E
:10C14000001731B61E0000645100000000000BB162
:10C150002D0000000070000000000033BF0F000041
:10C1600000006700000000009046390000003A4CD3
:10C17000000000000000000F444052550000000085
:10C180000000000000000F0A000000000000000096
:10C190000000001E1200000000000004000036AB8A
:10C1A00092936C0000000000001530B41D00006385
:10C1B0004F00000000000AAF2C000000006E0000DD
:10C1C0000000002FBD0E0000000065000000000010
:10C1D000B54338000000394A000000000015000F88
:10C1E000423E5053000000000000000000000E0A14
:10C1F00000000000000000000000001E120000000F
:10C2000000000003000035A88F916B0000000000C3
:10C2100000132EB21D0000614D00000000000AACAA
:10C220002C000000006C00000000002DBB0F00007F
:10C230000000630000000003C5413B0000003748D8
:10C24000000000000736000F403C4F510000000086
:10C250000000000000000D090000000000000000C8
:10C260000000001D1200000000000001000034A6C4
:10C270008E8F6A000000000000122DB01C000060CC
:10C280004C000000000009AA2B000000006A00001A
:10C290000000002CB80D0000000062000000000F3C
:10C2A000C83F340000003747000000002C4F000D4D
:10C2B0003F3B4D4F000000000000000000000D0952
:10C2C00000000000000000000000001D1100000040
:10C2D00000000000000033A48C8E68000000000005
:10C2E00000102DAE1C00005E4B000000000009A8ED
:10C2F0002A000000006900000000002BB60D0000BD
:10C300000000600000000015C73E33000000364604
:10C31000000000005E59000C3E3A4B4E0000000049
:10C320000000000000000C080000000000000000F9
:10C330000000001C1000000000000000000033A3FB
:10C340008A8B660000000000000F2CAC1B00005D13
:10C3500049000000000009A52A0000000067000055
:10C360000000002BB30C000000005E00000000166F
:10C37000C53D310000003444000000009159000C1C
:10C380003C39494D000000000000000000000C088E
:10C3900000000000000000000000001C1000000071
:10C3A00000000000000032A1898A65000000000042
:10C3B000000E2BAA1B00005B49000000000008A330
:10C3C0002A000000006600000000002AB10C0000F6
:10C3D00000005D0000000015C33C2E000000334348
:10C3E00000000000B854000A3937494C0000000032
:10C3F0000000000000000B0800000000000000002A
:10C400000000001B10000000000000000000329F30
:10C410008789640000000000000D2AA91A00005A54
:10C4200048000000000008A129000000006400008E
:10C430000000002AB00C000000005B0000000013A8
:10C44000C23B2D000000324100000014CA51000A16
:10C450003735484B000000000005000000000A07C7
:10C4600000000000000000000000001A0F000000A3
:10C47000000000000000319D858762000000000080
:10C48000000B29A61A000059470000000000079F72
:10C49000290000000063000000000029AE0C00002D
:10C4A00000005A0000000012C03A2D000000324186
:10C4B00000000038CF4E000A383546490000000021
:10C4C000070B000000000A07000000000000000049
:10C4D0000000001A0F000000000000000000309C67
:10C4E0008485610000000000000A29A51900005899
:10C4F000460000000000069D2800000000610000CA
:10C5000000000029AC0B00000000590000000012E0
:10C51000BF3A2C00000031400000005ED04D000901
:10C520003634444700000000190C000000000A06E1
:10C5300000000000000000000000001A0F000000D2
:10C540000000000000002F9A8383600000000000BC
:10C55000000828A319000057450000000000069CB1
:10C56000280000000060000000000028AA0A000067
:10C570000000570000000012BD382A000000303FC4
:10C5800000000080CE4D0009353343460000000016
:10C590002B0B000000000906000000000000000056
:10C5A000000000190F0000000000000000002F989C
:10C5B00081825F0000000000000827A219000056D9
:10C5C000440000000000069927000000005F000002
:10C5D00000000028A80A0000000056000000001219
:10C5E000BB38290000002F3E00000097CC4C00080B
:10C5F0003432424500000000380A000000000906FD
:10C600000000000000000000000000190E00000003
:10C610000000000000002E9780815D0000000000F7
:10C62000000626A0190000554300000000000597F1
:10C6300026000000005E000000000027A6090000A0
:10C640000000540000000012BA37280000002E3D00
:10C650000000149DCA4B0008323040440000000224
:10C660003B09000000000905000000000000000078
:10C67000000000180E0000000000000000002E95D1
:10C680007E7F5D00000000000006269F180000531A
:10C69000420000000000059626000000005C00003B
:10C6A00000000027A509000000005400000000124F
:10C6B000B836270000002D3C0000369FC94B00070C
:10C6C000322F4043000000113D0800000000080523
:10C6D0000000000000000000000000180E00000034
:10C6E0000000000000002E957E7F5C00000000002E
:10C6F0000005269E18000053420000000000059629
:10C7000026000000005B000000000026A4090000D5
:10C710000000530000000011B836260000002D3B39
:10C720000000589FC84A0007302F3F420000001EFB
:10C730003D080000000008050000000000000000A7
:10C74000000000180E0000000000000000002D9402
:10C750007D7E5B00000000000004259D1800005253
:10C76000410000000000049426000000005B00006F
:10C7700000000026A2090000000052000000001185
:10C78000B735250000002C3A00007CA0C74A0006FF
:10C790002F2E3E41000000293D0800000000080443
:10C7A0000000000000000000000000180E00000063
:10C7B0000000000000002D937C7D5B000000000065
:10C7C0000003259D18000052410000000000049461
:10C7D00026000000005A000000000026A208000009
:10C7E0000000510000000011B735240000002C3A71
:10C7F0000000979FC74A00062F2D3D410000002FE3
:10C800003D080000000007040000000000000000D8
:10C81000000000180E0000000000000000002D9332
:10C820007C7D5B00000000000002249D1800005287
:10C8300040000000000003932500000000590000A4
:10C8400000000026A10800000000510000000011B7
:10C85000B634240000002C3A000DA69EC74A0006FC
:10C860002E2D3D41000000313D080000000007046E
:10C870000000000000000000000000180E00000092
:10C880000000000000002D937C7D5B000000000094
:10C890000002249D18000051400000000000049395
:10C8A000250000000059000000000026A10800003B
:10C8B0000000510000000011B734230000002B3AA3
:10C8C0000029AD9DC74A00062E2D3C4000000030D7
:10C8D0003D08000000000704000000000000000008
:10C8E000000000180E0000000000000000002D9362
:10C8F0007C7D5B00000000000001259D18000052B7
:10C9000040000000000004932600000000590000D1
:10C9100000000026A10800000000510000000011E6
:10C92000B734230000002B3A0049B29DC74A0006E5
:10C930002E2D3C40000000303D08000000000704A0
:10C940000000000000000000000000180E000000C1
:10C950000000000000002D947D7D5B0000000000C1
:10C960000001259D180000524000000000000493C3
:10C97000260000000059000000000026A208000068
:10C980000000510000000011B735230000002B3AD1
:10C990000069B49CC84A00062E2D3C4000000030BF
:10C9A0003D08000000000704000000000000000037
:10C9B000000000180E0000000000000000002E948F
:10C9C0007D7E5B00000000000001259E18000052E3
:10C9D000410000000000049426000000005A0000FE
:10C9E00000000027A208000000005100050000120E
:10C9F000B835230000002C3A0086B49CC94B0006D1
:10CA00002E2D3D40000000303D08000000000704CE
:10CA10000000000000000000000000190E000000EF
:10CA20000000000000002E967F7F5C0000000000E8
:10CA3000000225A0190000534100000000000495E9
:10CA400026000000005B000000000027A408000092
:10CA50000000520013000012BA36240000002C3BE4
:10CA6000009CB39CCA4C00062E2D3D4100000030B6
:10CA70003D08000000000704000000000000000066
:10CA8000000000190E0000000000000000002F98B8
:10CA900080815D0000000000000226A11900005402
:10CAA000430000000000049627000000005D000025
:10CAB00000000028A5080000000053002400001218
:10CAC000BC36240000002D3C00ACB29CCB4C0006D0
:10CAD0002F2E3E42000000303E08000000000805F6
:10CAE00000000000000000000000001A0F0000001D
:10CAF0000000000000002F9A82825F00000000000A
:10CB0000000226A31900005644000000000004980B
:10CB100028000000005E000000000029A8090000B5
:10CB20000000550036000013BE37250000002E3DE2
:10CB300000B4B19DCC4D0007302F3F4300000030C2
:10CB40003E09000000000805000000000000000091
:10CB50000000001A0F000000000000000000319CDF
:10CB60008485600000000000000327A61A0000571B
:10CB7000450000000000059B29000000005F000048
:10CB800000000029AA0900000000560A470000130F
:10CB9000C139260000002E3E01B8B09DCD4F0007E0
:10CBA00031304144000000303E090000000008051B
:10CBB00000000000000000000000001B0F0000004B
:10CBC000000000000000319F878762000000000025
:10CBD000000328A91A000059460000000000059E25
:10CBE0002A000000006100000000002AAD0A0000D9
:10CBF0000000581C57000014C43A280000003040C0
:10CC000005BAB09DCD5000073231424600000030D9
:10CC10003E090000000009060000000000000000BE
:10CC20000000001C1000000000000000000033A203
:10CC3000898A640000000000000429AC1B00005A2F
:10CC400048000000000006A12A0000000064000067
:10CC50000000002BB00A000000005A3064000014ED
:10CC6000C73B29000000314107BAB09DCE510008F2
:10CC700034334448000000303E090000000009063B
:10CC800000000000000000000000001D1100000076
:10CC900000000000000034A58C8D6700000000003B
:10CCA00000052BAF1C00005C49000000000006A43A
:10CCB0002B000000006600000000002CB40B0000F8
:10CCC00000005D466E000014CA3C2B000000324399
:10CCD00007BAB09DCE5200093634464A00000030F3
:10CCE0003E09000000000A070000000000000000EC
:10CCF0000000001E1200000000000000000035A926
:10CD00008F906A000000000000062CB41D00005F38
:10CD10004B000000000007A82C0000000069000084
:10CD20000000002DB80C000000005F5B76000014CE
:10CD3000CD3E2C000000344406B9B09DCE5200090F
:10CD40003736484C000000303E09000000000B0759
:10CD500000000000000000000000001F12000000A2
:10CD600000000000000037AD93946C00000000004C
:10CD700000082EB81E0000624E000000000007AC44
:10CD80002E000000006C00000000002EBC0D000012
:10CD90000000636E7B000013CD402F00000036477B
:10CDA00005B9B09DCE52000A3A384B4E0000003013
:10CDB0003E09000000000C08000000000000000018
:10CDC000000000201300000000000000000039B245
:10CDD0009799700000000000000930BD1F00006539
:10CDE00051000000000008B12F0000000070060094
:10CDF0000000002FC00E00000000657E7E000013C2
:10CE0000CE4131000000384A03B8B19DCE52000B2C
:10CE10003C3B4D51000000303E09000000000D0970
:10CE200000000000000000000000002114000000CD
:10CE30000000000000003BB79C9D73000000000054
:10CE4000000B32C22000006954000000000009B647
:10CE500031000000007414000000002FC20E00001A
:10CE60000000698A80000013CE41330000003B4D72
:10CE700001B8B19DCE52000C3F3D5055000000302E
:10CE80003E09000000000E0A000000000000000043
:10CE900000000023160000000000000000003DBC60
:10CEA000A2A2780000000000000C33C82100006C32
:10CEB0005700000000000AB9320000000078250089
:10CEC0000000002FC40F000000006D9381000013CC
:10CED000CE42360000003D5000B8B19DCE52000D4C
:10CEE00042405458000000303E09000000000F0B83
:10CEF00000000000000000000000002417000000F7
:10CF00000000000000003FC0A7A87C000000000057
:10CF1000000E35CD230000705B00000000000ABB4E
:10CF200033000000007E39000000002FC50F000014
:10CF30000000729881000013CE4338000000415475
:10CF400000B8B09DCE52000F4643575C0000003041
:10CF50003E0900000000100C00000000000000006E
:10CF6000000000251800000000000000000041C47F
:10CF7000ABAF810000000000001036D02400007527
:10CF80005F00000000000BBD3300000000824D0078
:10CF90000000002FC61000000000779A81000013E7
:10CFA000CE433C000000445800B8B19DCE52001062
:10CFB00049475C60000000303E0900000000110D90
:10CFC0000000000000000000000000251A00000022
:10CFD00000000000000042C6ADB68700000000005F
:10CFE000001236D12400007A6300000001000CBE5C
:10CFF00033000000008862000001002FC81100000B
:10D0000000007D9B81000013CE443F000000475C80
:10D0100000B8B19DCE5200124E4B6065000000304A
:10D020003E0900000000130E000000000000000098
:10D03000000000261A00000000000000000042C8A6
:10D04000AEB98D0000000000001437D12400007F2D
:10D050006800000004000CBF33000000018F750061
:10D060000004002FC91200000000839A8100001301
:10D07000CE46430000004A6000B8B19DCE52001475
:10D08000524F656A000000303E0900000000140F96
:10D090000000000000000000000000261C0000004E
:10D0A00000000000000042C8AFBC93000000000078
:10D0B000001637D1240000856D00000007000CC069
:10D0C00033000000019687010007002FCB120000FB
:10D0D0000000899981000013CE46470000004E658C
:10D0E00000B8B19DCE52001557536B6F0000003051
:10D0F0003E090000000016110000000000000000C2
:10D10000000000261C00000000000000000042C8D3
:10D11000AFBD990000000000001838D12400008B3A
:10D12000720000010C000DC132000000029D970248
:10D13000000B002FCC130000000091988100001319
:10D14000CE474B000000526A00B8B19DCE52001786
:10D150005C587075000000303E0900000000181295
:10D160000000000000000000000000261C0000007D
:10D1700000000002000042C8AFBE9E000000000098
:10D18000001B38D1240000917700000410000EC36A
:10D190003300000003A5A4020010002FCE140000ED
:10D1A0000000989680000013CE4850000000577091
:10D1B00000B8B19DCE52001A625D777C000000304D
:10D1C0003E09000000001A140000000000000000EA
:10D1D000000000261C00000000000004000042C8FF
:10D1E000AFBEA00000000000001E39D12400009551
:10D1F0007D02000815000FC53300000003AEAF0329
:10D200000315002FD11600000000A1958000001327
:10D21000CE49550200005C7700B8B19DCE52001C8B
:10D2200069637E83000000303E09000000001D1687
:10D230000000000000000000000000261C000000AC
:10D2400000000007000042C8AFBEA10000000000BF
:10D2500000213AD124000098820C000B1B000FC75C
:10D260003300000004B7B803061A002ED3170000DD
:10D270000000AA9481000013CE4B5B030000617D87
:10D2800000B8B19DCE52001F6F69858A0000003042
:10D290003E09000000001F18000000000000000010
:10D2A000000000261C00000000000009000042C829
:10D2B000AFBEA0000000000000243BD12400009974
:10D2C0008318000E210010C83300000005BEBF0403
:10D2D0000A20002ED51700000000B493810000132F
:10D2E000CE4C60040000678500B8B19DCF5200218C
:10D2F00076708D92000000303E0900000000221B75
:10D300000000000000000000000000261C000000DB
:10D310000000000C000042C8AFBEA00000000000EA
:10D3200000293CD12400009983250012270011CB4D
:10D330003300010005C1C4040D26002ED8190001D8
:10D340000000BC9281000012CE4E670500006E8D79
:10D3500000B8B19DCE5200257E78969B000000302B
:10D360003E0900000000251D000000000000000034
:10D37000000000261C0000000000000F000042C852
:10D38000AFBEA00000000000002D3DD12400009998
:10D39000833200162C0012CD3300040005C1C704EF
:10D3A000112C002FDB1A00040000C0928100001233
:10D3B000CE4F6E060000749500B8B19DCE52002885
:10D3C000877F9FA4010000303E0900000000282054
:10D3D0000000000000000000000000261C0000000B
:10D3E00000000012000042C8AEBEA0000000000015
:10D3F00000323ED12400009983400019320013D03E
:10D400003300080005C1C8041432002FDF1C0008D7
:10D410000000C19280000012CE5176080000789979
:10D4200000B8B19DCE52002C9188AAAD0200003008
:10D430003E09000000002B23000000000000000057
:10D44000000000261C00000000000016020042C878
:10D45000AEBEA0000000000000363FD124000099BD
:10D46000834E001C370014D233000C0004C1C904E1
:10D470001837002EE21D000C0000C192800000123F
:10D48000CE537E0900007A9A00B8B19DCE5200308A
:10D490009A91B0B3020000303E09000000002F2531
:10D4A0000000000000000000000000261C0000003A
:10D4B0000000011B040042C8AEBEA1000000000035
:10D4C000003C41D124000099835C001F3B0016D62C
:10D4D0003300120005C1CA041A3B002EE6200012D8
:10D4E0000000C19280000012CE56880B00007B9A8B
:10D4F00000B8B19DCE520034A69BB3B502000030F7
:10D500003E09000000013327000000000000000079
:10D51000000000261C0000000000041F050042C897
:10D52000AEBEA10000000000004242D123000099DD
:10D5300084670021400018D93300180004C1C904D1
:10D540001D40002EEA2200180000C1928100001246
:10D55000CE58910D00007B9A00B8B19DCE52003993
:10D56000B2A1B5B6020000303E0900000003342825
:10D570000000000000000000000000261C00000069
:10D5800000000725080042C8AEBEA1000000000050
:10D59000004A44D2230000998473002343001ADD1B
:10D5A0003300200104C1C9031F43002EEE240020D4
:10D5B0000300C19281000011CE5A9C0F00007B9A9B
:10D5C00000B8B19DCE52003EBEA2B6B602000030F9
:10D5D0003E090000000435280000000000000000A3
:10D5E000000000261C00000000000B2A0A0042C8B0
:10D5F000AEBEA10000000000005046D123000099FB
:10D60000837D002546001CE13300270504C1C803C3
:10D610002246002EF12600270700C192810000114A
:10D62000CE5CA81000007B9A00B8B19DCE52004499
:10D63000C7A3B6B6020000303E0900000005352839
:10D640000000000000000000000000261C00000098
:10D6500000000F300D0042C8AEBEA1000000000067
:10D66000005949D2230000998387002749001EE70B
:10D670003300310A04C1C7032349002EF5290031C4
:10D680000B00C19280000011CF5FB51200007B9AA1
:10D6900000B8B19DCE52004ACBA3B5B6020000300F
:10D6A0003E090000000535280000000000000000D1
:10D6B000000000261C00000000001438100042C8C2
:10D6C000AEBEA1000000000002624AD22300009911
:10D6D000838F00284A0020EC33003B0F03C1C603B0
:10D6E000244A002EF82C003B1000C191800000114C
:10D6F000CF62C11300007B9A00B8B19DCE52004E9C
:10D70000CDA2B6B6020000303E0900000005352863
:10D710000000000000000000000000261C000000C7
:10D7200000001940140042C8AEBEA1000000000075
:10D73000046D4DD222000099839500294A0024F2FD
:10D740003300451403C1C603264A002FFB2F0046B1
:10D750001600C19181000011CF65CA1300007B9AA9
:10D7600000B8B19DCE520050CDA2B6B60200003036
:10D770003E09000000053528000000000000000000
:10D78000000000261C00000000001E48170042C8D0
:10D79000AEBEA0000000000006774FD22200009924
:10D7A000839B002A4B0026F53300501903C1C502A4
:10D7B000274B002FFD3200501B00C1928100001149
:10D7C000D066CF1300007A9A00B8B19DCE520050B7
:10D7D000CDA2B5B5020000303E0900000005352895
:10D7E0000000000000000000000000261C000000F7
:10D7F000000325521B0042C8AEBEA000000000007E
:10D80000098452D22200009983A2002B4B002AF9EE
:10D8100033005A1E02C1C402284B002FFF33005AA6
:10D820002000C19281000011D066D01300007B9AC5
:10D8300000B8B19DCE520050CDA2B5B60200003066
:10D840003E0900000005352800000000000000002F
:10D85000000000261C00000000072D5E200042C8CA
:10D86000AEBDA000000000000D9255D3220000982C
:10D8700083A7002B4B002EFC3400642301C1C4029B
:10D88000294B002FFF3300642500C1928100001155
:10D89000D066D01300007B9A00B8B19DCE520050E4
:10D8A000CEA2B5B6020000303E09000000053528C2
:10D8B0000000000000020000000000261C00000024
:10D8C000000C356A250042C8ADBDA0000200000072
:10D8D00010A058D32200009883AB002C4B0031FFDE
:10D8E00034006D2801C1C3022A4B002FFF33006DA5
:10D8F0002A00C19281000011D067D01300007B9AEA
:10D9000000B8B19DCE520050CEA2B5B60200003094
:10D910003E0900000005352800000000000400005A
:10D92000000000261C00000000123F772A0042C8B9
:10D93000ADBDA0000600000014B05AD3210000982D
:10D9400083AE012C4B0035FF3400752C01C1C3029E
:10D950002A4B002FFF3300752D00C191810000116B
:10D96000D067D01300007B9A00B8B19DCE52005012
:10D97000CEA1B5B6020000303E09000000053528F2
:10D980000000000000080000000000261C0000004D
:10D9900000194A87300042C8ADBEA0000A0000004E
:10D9A00018BE5CD32100009883B2012D4B0037FFD5
:10D9B00033007C2F01C1C2022B4B002FFF32007CB1
:10D9C0003100C19180000011D067D01200007B9A15
:10D9D00000B8B19DCE520050CEA2B5B602000030C4
:10D9E0003E0900000005352800000000000B000083
:10D9F000000000261C00000000215798360042C895
:10DA0000ADBEA1000E0000001DCA5DD3210000982C
:10DA100083B4022D4B0037FF3300833201C1C201B2
:10DA20002B4B002FFF3200823400C1928000001186
:10DA3000D066D01200007A9A00B8B19DCE52005044
:10DA4000CDA2B5B6020000303E0900000005352821
:10DA500000000000000E0000000000261C00000076
:10DA6000002A65A93B0042C8ADBEA100110000001C
:10DA700021CF5CD32100009883B6022D4B0037FFE5
:10DA80003300883500C2C2012B4B002FFF320088C3
:10DA90003700C19280000011D067CF1200007B9A3E
:10DAA00000B8B19DCE520050CEA2B5B602000030F3
:10DAB0003E090000000535280000000000120000AB
:10DAC000000000271C000000023474B83E0042C869
:10DAD000ADBEA1001500000024D25CD32100009946
:10DAE00083B8032C4B0037FF33008D3700C2C201CF
:10DAF0002B4B002FFF32008D3900C19280000011A6
:10DB0000D066CF1200007B9A00B8B19DCE52005073
:10DB1000CEA1B5B6020000303E0900000005352850
:10DB20000000000003170000000000271C00000098
:10DB3000074287C13F0042C8ADBEA10018030000E4
:10DB400025D35CD32100009983B9032C4B0037FF08
:10DB50003300913A00C1C2012C4B002FFF320090DC
:10DB60003B00C19280000011D067D01200007B9A68
:10DB700000B8B19DCE520050CEA1B5B60200003023
:10DB80003E0900000005352800000000061B0000CB
:10DB9000000000271C0000000E5098C63E0042C83E
:10DBA000ADBEA1001B09000025D35CD32100009865
:10DBB00083B9032C4B0037FF3300923B00C1C201F5
:10DBC0002C4B002FFF3200923C00C19280000011CC
:10DBD000D066D01200007B9A00B8B19DCE520050A2
:10DBE000CEA1B5B6020000303E0900000005352880
:10DBF000000000000A200000000000271C000000B8
:10DC00001561A8C73E0042C8ADBDA0001E0F0000B0
:10DC100026D45CD32100009883B8032D4B0037FF36
:10DC20003300943D00C1C2012C4C002FFF32009400
:10DC30003F00C19280000011D066D01200007B9A94
:10DC400000B8B19DCE520050CEA1B5B60200003052
:10DC50003E09000000053528000000000E220000EB
:10DC6000000000271C0000001E74B0C83E0042C81F
:10DC7000ADBDA0002016000025D35CD32100009884
:10DC800083B7022D4B0037FF3300963E00C1C2011F
:10DC90002C4C002FFF3200964000C19281000011F1
:10DCA000D066D01200007A9A00B8B19DCE520050D2
:10DCB000CEA1B5B6020000303E09000000053528AF
:10DCC0000000000012230000000000271C000000DC
:10DCD0002987B1C83E0042C8ADBDA000231F000087
:10DCE00026D45CD32100009883B5012C4B0037FF6C
:10DCF0003300973F00C2C2012C4C002FFF32009727
:10DD00004100C19281000011D066D01200007B9AC0
:10DD100000B8B19DCE520050CEA1B5B60200003081
:10DD20003E09000000053528000000001523000012
:10DD3000000000271C000000359AB1C83E0042C810
:10DD4000ADBDA0002828000026D45CD32100009897
:10DD500083B3002C4B0037FF3300984000C2C20150
:10DD60002C4C002FFF3200984200C192810000111C
:10DD7000D067D01200007B9A00B8B19DCE520050FF
:10DD8000CEA1B5B6020000303E09000000053528DE
:10DD90000000000018230000000000271C00000005
:10DDA00043AAB1C83E0042C8ADBEA1002F33000057
:10DDB00025D35CD32100009883B1002C4B0037FFA2
:10DDC0003200994100C1C2012C4C002FFF32009853
:10DDD0004300C19281000011D067D01100007B9AEE
:10DDE00000B8B19DCE520050CEA1B5B602000030B1
:10DDF0003E0900000005352800000000192300003E
:10DE0000000000271C00000051B6B1C83E0042C807
:10DE1000ADBEA100353D000025D35CD321000098A4
:10DE200083AF002C4B0037FF3200994200C1C20182
:10DE30002C4C002FFF3200994300C1928100001149
:10DE4000D067D01200007B9A00B8B19DCE5200502E
:10DE5000CEA1B5B6020000303E090000000535280D
:10DE6000000000001A240000000000271C00000031
:10DE700060BBB1C83E0042C8ADBEA1003C49000035
:10DE800026D45CD32100009883AF002C4B0037FFD1
:10DE90003200994200C1C2012C4C002EFF32009981
:10DEA0004400C19281000011D067D01200007B9A1B
:10DEB00000B8B19DCE520050CEA1B5B602000030E0
:10DEC0003E09000000053528000000001A2400006B
:10DED000000000261C0000006EBDB1C83E0042C814
:10DEE000ADBEA1004254000026D45CD321000098AE
:10DEF00083AF002C4B0037FF3200994200C1C201B2
:10DF00002C4C002EFF3200994400C1928100001178
:10DF1000D067D01200007B9A00B8B19DCE5200505D
:10DF2000CEA1B5B6020000303E090000000535283C
:10DF3000000000001A240000000000271C00000060
:10DF40007ABEB0C83E0042C8ADBEA0004A61000023
:10DF500026D35CD32100009883B1002C4B0037FFFF
:10DF60003200994300C1C2012C4C002EFF320099AF
:10DF70004400C19281000011D067D01200007B9A4A
:10DF800000B8B19DCE520050CEA1B5B6020000300F
:10DF90003E09000000053528000000001A2400009A
:10DFA000000000261C00000084BFB0C83E0042C82C
:10DFB000ADBEA000526C000025D35CD321000098B8
:10DFC00083B1002B4B0037FF32009A4300C2C101DE
:10DFD0002C4C002EFF32009A4500C19281000011A6
:10DFE000D067D01100007B9A00B8B19DCE5200508E
:10DFF000CEA1B5B6020000303E090000000635286B
:10E00000000000001A240000000000271C0000008F
:10E010008CBFB0C73E0042C8ADBDA0005A7600001C
:10E0200026D45CD32100009883B3002B4B0037FF2C
:10E0300032009A4300C1C1002C4C002EFF32009ADE
:10E040004500C19281000011D067D01200007B9A78
:10E0500000B8B19DCE520050CEA1B5B6020000303E
:10E060003E09000000053528000000001A240000C9
:10E07000000000271C00000092BFB0C83E0042C84C
:10E08000ADBDA000617F000026D45CD321000098C4
:10E0900083B5002B4B0037FF32009A4300C1C1000B
:10E0A0002C4C002EFF32009A4500C19281000011D5
:10E0B000D067D01200007B9A00B8B19DCE520050BC
:10E0C000CEA1B5B6020000303E090000000535289B
:10E0D000000000001A240000000000271C000000BF
:10E0E00096BFB0C83E0042C8ADBDA1006787000022
:10E0F00026D45CD32100009883B7012B4B0037FF57
:10E1000032009A4300C1C1002C4C002EFF32009A0D
:10E110004500C19281000011D067D01200007B9AA7
:10E1200000B8B19DCE520050CEA1B5B6020000306D
:10E130003E09000000053528000000001A240000F8
:10E14000000000271C00000099BFB0C83E0042C874
:10E15000ADBDA1006D8C000026D35CD321000099D9
:10E1600083B8012B4B0037FF32009A4300C1C10036
:10E170002C4C002EFF32009A4500C1928100001104
:10E18000D067D01200007B9A00B8B19DCE520050EB
:10E19000CEA1B5B6020000303E09000000053528CA
:10E1A000000000001A240000000000271C000000EE
:10E1B0009ABFB0C83E0042C8ADBDA100709000003B
:10E1C00025D35CD32100009983BA012B4B0037FF84
:10E1D00032009A4300C1C1002C4C002EFF32009A3D
:10E1E0004500C19281000011D067D01200007B9AD7
:10E1F00000B8B19DCE520050CEA1B5B6020000309D
:10E200003E09000000053528000000001A24000027
:10E21000000000271C0000009BBFB0C83E0042C8A1
:10E22000ADBEA1007393000025D35CD321000098FC
:10E2300083BB022B4B0037FF32009A4300C1C10061
:10E240002C4C002EFF32009A4500C1928100001133
:10E25000D067D01100007B9A00B8B19DCE5200501B
:10E26000CEA1B5B6020000303E09000000053528F9
:10E27000000000001A240000000000271C0000001D
:10E280009BBFB0C83E0042C8ADBEA1007494000060
:10E2900026D45CD32100009883BB022B4B0037FFB0
:10E2A00032009A4300C1C1002C4C002EFF32009A6C
:10E2B0004500C19281000011D067D01100007B9A07
:10E2C00000B8B19DCE520050CEA1B5B602000030CC
:10E2D0003E09000000053528000000001A24000057
:10E2E000000000261C0000009BBFB0C73E0042C8D3
:10E2F000ADBEA1007594000026D45CD32100009827
:10E3000083BB022B4B0037FF32009A4300C1C10090
:10E310002C4C002EFF32009A4500C1928100001162
:10E32000D067D01100007B9A00B8B19DCE5200504A
:10E33000CDA1B5B6020000303E0900000005352829
:10E34000000000001A240000000000261C0000004D
:10E350009BBFB0C73E0042C8ADBEA100759400008F
:10E3600026D45CD32100009883BB022B4B0037FFDF
:10E3700032009A4300C1C1002C4C002EFF32009A9B
:10E380004500C19281000011D067D01100007B9A36
:10E3900000B8B19DCE520050CDA1B5B602000030FC
:10E3A0003E09000000053528000000001A24000086
:10E3B000000000261C0000009BBFB0C73E0042C802
:10E3C000ADBEA1007594000026D45CD32100009856
:10E3D00083BB022B4B0037FF32009A4300C1C100C0
:10E3E0002C4C002EFF32009A4500C1928100001192
:10E3F000D067D01100007B9A00B8B19DCE5200507A
:10E40000CDA1B5B6020000303E0900000005352858
:10E41000000000001A240000000000261C0000007C
:10E420009BBFB0C73E0042C8ADBEA10074940000BF
:10E4300026D45CD32100009883BB022B4B0037FF0E
:10E4400032009A4300C1C1002C4C002EFF32009ACA
:10E450004500C19281000011D067D01100007B9A65
:10E4600000B8B19DCE520050CDA1B5B6020000302B
:10E470003E09000000053528000000001A240000B5
:10E48000000000261C0000009BBFB0C73E0042C831
:10E49000ADBEA1007494000026D45CD32100009886
:10E4A00083BB022B4B0037FF32009A4300C1C100EF
:10E4B0002C4C002EFF32009A4500C19281000011C1
:10E4C000D067D01100007B9A00B8B19DCE520050A9
:10E4D000CDA1B5B6020000303E0900000005352888
:10E4E000000000001A240000000000261C000000AC
:10E4F0009BBFB0C73E0042C8ADBEA10074930000F0
:10E5000026D45CD32100009883BB022B4B0037FF3D
:10E5100032009A4300C1C1002C4C002EFF32009AF9
:10E520004500C19281000011D067D01100007B9A94
:10E5300000B8B19DCE520050CDA1B5B6020000305A
:10E540003E09000000053528000000001A240000E4
:10E55000000000261C0000009ABFB0C73E0042C861
:10E56000ADBEA1007392000026D45CD321000098B8
:10E5700083BB022B4B0037FF32009A4300C1C1001E
:10E580002C4C002EFF32009A4500C19281000011F0
:10E59000D067D01100007B9A00B8B19DCE520050D8
:10E5A000CDA1B5B6020000303E09000000053528B7
:10E5B000000000001A240000000000261C000000DB
:10E5C0009ABFB0C73E0042C8ADBEA1007292000023
:10E5D00026D45CD32100009883BB022B4B0037FF6D
:10E5E00032009A4300C1C1002C4C002EFF32009A29
:10E5F0004500C19281000011D067D01100007B9AC4
:10E6000000B8B19DCE520050CDA1B5B60200003089
:10E610003E09000000053528000000001A24000013
:10E62000000000261C0000009ABFB0C73E0042C890
:10E63000ADBEA1007291000026D45CD321000098E9
:10E6400083BA022B4B0037FF32009A4300C1C1004E
:10E650002C4C002EFF32009A4500C192810000111F
:10E66000D067D01100007B9A00B8B19DCE52005007
:10E67000CDA1B5B6020000303E09000000053528E6
:10E68000000000001A240000000000261C0000000A
:10E690009ABFB0C73E0042C8ADBEA1007190000055
:10E6A00026D45CD32100009883BA022B4B0037FF9D
:10E6B00032009A4300C1C1002C4C002EFF32009A58
:10E6C0004500C19281000011D067D01100007B9AF3
:10E6D00000B8B19DCE520050CDA1B5B602000030B9
:10E6E0003E09000000053528000000001A24000043
:10E6F000000000261C0000009ABFB0C73E0042C8C0
:10E70000ADBEA100708F000026D45CD3210000981C
:10E7100083BA022B4B0037FF32009A4300C1C1007D
:10E720002C4C002EFF32009A4500C192810000114E
:10E73000D067D01100007B9A00B8B19DCE52005036
:10E74000CDA1B5B6020000303E0900000005352815
:10E75000000000001A240000000000261C00000039
:10E7600099BFB0C73E0042C8ADBEA1006F8E000089
:10E7700026D45CD32100009883BA012B4B0037FFCD
:10E7800032009A4300C1C1002C4C002EFF32009A87
:10E790004500C19281000011D067D01100007B9A22
:10E7A00000B8B19DCE520050CDA1B5B602000030E8
:10E7B0003E09000000053528000000001A24000072
:10E7C000000000261C00000099BFB0C73E0042C8F0
:10E7D000ADBEA1006E8D000026D45CD32100009850
:10E7E00083B9012B4B0037FF32009A4300C1C100AF
:10E7F0002C4C002EFF32009A4500C192810000117E
:10E80000D067D01100007B9A00B8B19DCE52005065
:10E81000CDA1B5B6020000303E0900000005352844
:10E82000000000001A240000000000261C00000068
:10E8300098BFB0C73E0042C8ADBEA1006D8C0000BD
:10E8400026D45CD32100009883B9012B4B0037FFFD
:10E8500032009A4300C1C1002C4C002EFF32009AB6
:10E860004500C19281000011D067D01100007B9A51
:10E8700000B8B19DCE520050CDA1B5B60200003017
:10E880003E09000000053528000000001A240000A1
:10E89000000000261C00000097BFB0C73E0042C821
:10E8A000ADBEA1006B8A000026D45CD32100009885
:10E8B00083B8012B4B0037FF32009A4300C1C100DF
:10E8C0002C4C002EFF32009A4500C19281000011AD
:10E8D000D067D01100007B9A00B8B19DCE52005095
:10E8E000CDA1B5B6020000303E0900000005352874
:10E8F000000000001A240000000000261C00000098
:10E9000096BFB0C73E0042C8ADBEA1006A890000F4
:10E9100026D45CD32100009883B8012B4B0037FF2D
:10E9200032009A4300C1C1002C4C002EFF32009AE5
:10E930004500C19281000011D067D01100007B9A80
:10E9400000B8B19DCE520050CDA1B5B60200003046
:10E950003E09000000053528000000001A240000D0
:10E96000000000261C00000095BFB0C73E0042C852
:10E97000ADBEA1006987000026D45CD321000098B9
:10E9800083B8012B4B0037FF32009A4300C1C1000E
:10E990002C4C002EFF32009A4500C19281000011DC
:10E9A000D067D01100007B9A00B8B19DCE520050C4
:10E9B000CDA1B5B6020000303E09000000053528A3
:10E9C000000000001A240000000000261C000000C7
:10E9D00094BFB0C73E0042C8ADBEA100678500002D
:10E9E00026D45CD32100009883B7012B4B0037FF5E
:10E9F00032009A4300C1C1002C4C002EFF32009A15
:10EA00004500C19281000011D067D01100007B9AAF
:10EA100000B8B19DCE520050CDA1B5B60200003075
:10EA20003E09000000053528000000001A240000FF
:10EA3000000000261C00000093BFB0C73E0042C883
:10EA4000ADBEA1006684000026D45CD321000098EE
:10EA500083B7012B4B0037FF32009A4300C1C1003E
:10EA60002C4C002EFF32009A4500C192810000110B
:10EA7000D067D01100007B9A00B8B19DCE520050F3
:10EA8000CDA1B5B6020000303E09000000053528D2
:10EA9000000000001A240000000000261C000000F6
:10EAA00092BFB0C73E0042C8ADBEA1006481000065
:10EAB00026D45CD32100009883B7012B4B0037FF8D
:10EAC00032009A4300C1C1002C4C002EFF32009A44
:10EAD0004500C19281000011D067D01100007B9ADF
:10EAE00000B8B19DCE520050CDA1B5B602000030A5
:10EAF0003E09000000053528000000001A2400002F
:10EB0000000000261C00000090BFB0C73E0042C8B5
:10EB1000ADBEA100637F000026D45CD32100009825
:10EB200083B6012B4B0037FF32009A4300C1C1006E
:10EB30002C4C002EFF32009A4500C192810000113A
:10EB4000D067D01100007B9A00B8B19DCE52005022
:10EB5000CDA1B5B6020000303E0900000005352801
:10EB6000000000001A240000000000261C00000025
:10EB70008EBFB0C73E0042C8ADBEA100617C0000A0
:10EB800026D45CD32100009883B6012B4B0037FFBD
:10EB900032009A4300C1C1002C4C002EFF32009A73
:10EBA0004500C19281000011D067D01100007B9A0E
:10EBB00000B8B19DCE520050CDA1B5B602000030D4
:10EBC0003E09000000053528000000001A2400005E
:10EBD000000000261C0000008CBFB0C73E0042C8E9
:10EBE000ADBEA100607A000026D45CD3210000985D
:10EBF00083B5012B4B0037FF32009A4300C1C1009F
:10EC00002C4C002EFF32009A4500C1928100001169
:10EC1000D067D01100007B9A00B8B19DCE52005051
:10EC2000CDA1B5B6020000303E0900000005352830
:10EC3000000000001A240000000000261C00000054
:10EC40008ABFB0C73E0042C8ADBEA1005E770000DB
:10EC500026D45CD32100009883B5012B4B0037FFED
:10EC600032009A4300C1C1002C4C002EFF32009AA2
:10EC70004500C19281000011D067D01100007B9A3D
:10EC800000B8B19DCE520050CDA1B5B60200003003
:10EC90003E09000000053528000000001A2400008D
:10ECA000000000261C00000087BEB0C73E0042C81E
:10ECB000ADBEA1005C74000026D45CD32100009896
:10ECC00083B4012B4B0037FF32009A4300C1C100CF
:10ECD0002C4C002EFF32009A4500C1928100001199
:10ECE000D067D01100007B9A00B8B19DCE52005081
:10ECF000CDA1B5B6020000303E0900000005352860
:10ED0000000000001A240000000000261C00000083
:10ED100084BEB0C73E0042C8ADBEA1005A7200001A
:10ED200026D45CD32100009883B4012B4B0037FF1D
:10ED300032009A4300C1C1002C4C002EFF32009AD1
:10ED40004500C19281000011D067D01100007B9A6C
:10ED500000B8B19DCE520050CDA1B5B60200003032
:10ED60003E09000000053528000000001A240000BC
:10ED7000000000261C00000081BEB0C73E0042C853
:10ED8000ADBEA1005A6F000026D45CD321000098CC
:10ED900083B4012B4B0037FF32009A4300C1C100FE
:10EDA0002C4C002EFF32009A4500C19281000011C8
:10EDB000D067D01100007B9A00B8B19DCE520050B0
:10EDC000CDA1B5B6020000303E090000000535288F
:10EDD000000000001A240000000000261C000000B3
:10EDE0007EBEB0C73E0042C8ADBEA100586C000058
:10EDF00026D45CD32100009883B4012B4B0037FF4D
:10EE000032009A4300C1C1002C4C002EFF32009A00
:10EE10004500C19281000011D067D01100007B9A9B
:10EE200000B8B19DCE520050CDA1B5B60200003061
:10EE30003E09000000053528000000001A240000EB
:10EE4000000000261C0000007BBDB0C73E0042C889
:10EE5000ADBEA1005669000026D35CD32100009806
:10EE600083B3012B4B0037FF32009A4400C1C1002D
:10EE70002C4C002EFF32009A4500C19281000011F7
:10EE8000D067D01100007B9A00B8B19DCE520050DF
:10EE9000CEA1B5B6010000303E09000000053528BE
:10EEA000000000001A240000000000261C000000E2
:10EEB00077BDB0C73E0042C8ADBEA1005566000098
:10EEC00026D45CD32100009883B3012B4B0037FF7D
:10EED00032009A4400C1C1002C4C002EFF32009A2F
:10EEE0004500C19281000011D067D01100007B9ACB
:10EEF00000B8B19DCE520050CEA1B5B60100003091
:10EF00003E09000000053528000000001A2400001A
:10EF1000000000261C00000073BCB0C83E0042C8C0
:10EF2000ADBEA1005363000026D45CD3210000983D
:10EF300083B3012B4B0037FF32009A4400C1C1005C
:10EF40002C4C002EFF32009A4500C1928100001126
:10EF5000D067D01100007B9A00B8B19DCE5200500E
:10EF6000CEA1B5B6010000303E09000000053528ED
:10EF7000000000001A240000000000261C00000011
:10EF80006FBCB0C83E0042C8ADBEA10052600000D8
:10EF900026D45CD32100009883B3012B4B0037FFAC
:10EFA00032009A4400C1C1002C4C002EFF32009A5E
:10EFB0004500C19281000011D067D01100007B9AFA
:10EFC00000B8B19DCE520050CEA1B5B601000030C0
:10EFD0003E09000000053528000000001A2400004A
:10EFE000000000261C0000006BBBB0C83E0042C8F9
:10EFF000ADBEA100515D000026D45CD32100009875
:10F0000083B2012C4B0037FF32009A4400C1C1008B
:10F010002C4C002EFF32009A4500C1928100001155
:10F02000D067D01100007B9A00B8B19DCE5200503D
:10F03000CEA1B5B6010000303E090000000535281C
:10F040000000000019240000000000261C00000041
:10F0500066BAB1C83E0042C8ADBEA1004F5A00001A
:10F0600026D45CD32100009883B2012B4B0037FFDC
:10F0700032009A4400C1C1012C4C002EFF32009A8C
:10F080004500C19281000011D067D01100007B9A29
:10F0900000B8B19DCE520050CEA1B5B601000030EF
:10F0A0003E0900000005352800000000192400007A
:10F0B000000000261C00000062B8B1C83E0042C833
:10F0C000ADBEA1004E58000026D45CD321000098AC
:10F0D00083B2022B4B0037FF32009A4400C1C101BA
:10F0E0002C4C002EFF32009A4500C1928100001185
:10F0F000D067D01100007B9A00B8B19DCE5200506D
:10F10000CEA1B5B6010000303E090000000535284B
:10F110000000000019240000000000261C00000070
:10F120005EB6B1C83E0042C8ADBEA1004D5500005C
:10F1300026D45CD32100009883B2022C4B0037FF09
:10F1400032009A4400C1C1012C4C002EFF32009ABB
:10F150004500C19281000011D067D01100007B9A58
:10F1600000B8B19DCE520050CEA1B5B6010000301E
:10F170003E090000000535280000000018230000AB
:10F18000000000261C00000059B1B1C83E0042C872
:10F19000ADBEA1004C52000026D45CD321000098E3
:10F1A00083B1022C4B0037FF32009A4400C1C101E9
:10F1B0002C4C002EFF32009A4500C19281000011B4
:10F1C000D067D01100007B9A00B8B19DCE5200509C
:10F1D000CEA1B5B6010000303E090000000535287B
:10F1E0000000000018230000000000261C000000A2
:10F1F00055ADB1C83E0042C8ADBEA1004B500000A5
:10F2000026D45CD32100009883B1022C4B0037FF39
:10F2100032009A4400C1C1012C4C002EFF32009AEA
:10F220004500C19281000011D067D01100007B9A87
:10F2300000B8B19DCE520050CEA1B5B6010000304D
:10F240003E090000000535280000000017230000DB
:10F25000000000261C00000051A7B1C83E0042C8B3
:10F26000ADBEA1004A4E000026D45CD32100009818
:10F2700083B1022C4B0037FF32009A4400C1C10118
:10F280002C4C002EFF32009A4500C19281000011E3
:10F29000D067D01100007B9A00B8B19DCE520050CB
:10F2A000CEA1B5B6010000303E09000000053528AA
:10F2B0000000000016230000000000261C000000D3
:10F2C0004DA2B1C83E0042C8ADBEA100494B0000EE
:10F2D00026D45CD32100009883B1022C4B0037FF69
:10F2E00032009A4400C1C1012C4C002EFF32009A1A
:10F2F0004500C19281000011D067D01100007B9AB7
:10F3000000B8B19DCE520050CEA1B5B6010000307C
:10F310003E0900000005352800000000142300000D
:10F32000000000261C000000499CB0C83E0042C8F6
:10F33000ADBEA1004849000026D45CD3210000984E
:10F3400083B1022C4B0037FF32009A4400C1C10147
:10F350002C4C002EFF32009A4500C1928100001112
:10F36000D067D01100007B9A00B8B19DCE520050FA
:10F37000CEA1B5B6010000303E09000000053528D9
:10F380000000000013230000000000261C00000005
:10F390004696B0C83E0042C8ADBEA1004847000036
:10F3A00026D45CD32100009883B1022C4B0037FF98
:10F3B00032009A4400C1C1012C4C002EFF32009A49
:10F3C0004500C19281000011D067D01100007B9AE6
:10F3D00000B8B19DCE520050CEA1B5B601000030AC
:10F3E0003E09000000053528000000001222000040
:10F3F000000000261C0000004390B0C83E0042C838
:10F40000ADBEA1004745000026D45CD32100009882
:10F4100083B1022C4B0037FF32009A4400C1C10176
:10F420002C4C002EFF32009A4500C1928100001141
:10F43000D067D01100007B9A00B8B19DCE52005029
:10F44000CEA1B5B6010000303E0900000005352808
:10F450000000000011220000000000261C00000037
:10F460003F8AB0C83E0042C8ADBEA100464300007E
:10F4700026D45CD32100009883B1032C4B0037FFC6
:10F4800032009A4400C1C2012C4C002EFF32009A77
:10F490004500C19281000011D067D01100007B9A15
:10F4A00000B8B19DCE520050CEA1B5B601000030DB
:10F4B0003E09000000053528000000001022000071
:10F4C000000000261C0000003C84AFC83E0042C87B
:10F4D000ADBEA1004541000026D45CD321000098B8
:10F4E00083B0022C4B0037FF32009A4400C1C201A6
:10F4F0002C4C002EFF32009A4500C1928100001171
:10F50000D067D01100007B9A00B8B19DCE52005058
:10F51000CEA1B5B6010000303E0900000005352837
:10F52000000000000F210000000000261C00000069
:10F53000397EABC73E0042C8ADBEA100453F0000CA
:10F5400026D45CD32100009883B0032C4B0037FFF6
:10F5500032009A4400C1C2012C4C002EFF32009AA6
:10F560004500C19281000011D067D01100007B9A44
:10F5700000B8B19DCE520050CEA1B5B6010000300A
:10F580003E09000000053528000000000D200000A5
:10F59000000000261C0000003678A6C73E0042C8C6
:10F5A000ADBEA100443E000025D45CD321000098EC
:10F5B00083B0032C4B0037FF32009A4400C1C201D4
:10F5C0002C4C002EFF32009A4500C19281000011A0
:10F5D000D067D01100007B9A00B8B19DCE52005088
:10F5E000CEA1B5B6010000303E0900000005352867
:10F5F000000000000C1E0000000000261C0000009F
:10F600003473A1C63E0042C8ADBEA100443C000018
:10F6100025D45CD32100009883B0032C4B0037FF26
:10F6200032009A4400C1C2012C4C002EFF32009AD5
:10F630004500C19281000011D067D01100007B9A73
:10F6400000B8B19DCE520050CEA1B5B60100003039
:10F650003E09000000053528000000000B1D0000D9
:10F66000000000261C000000316E9BC43E0042C812
:10F67000ADBEA100433A000025D45CD32100009820
:10F6800083B0032C4B0037FF32009A4400C1C20103
:10F690002C4C002EFF32009A4500C19281000011CF
:10F6A000D067D01100007B9A00B8B19DCE520050B7
:10F6B000CEA1B5B6010000303E0900000005352896
:10F6C000000000000A1B0000000000261C000000D3
:10F6D0002F6995C23E0042C8ADBEA100423900006C
:10F6E00025D35CD32100009883B0032C4B0037FF57
:10F6F00032009A4400C1C2012C4C002EFF32009A05
:10F700004500C19281000011D067D01100007B9AA2
:10F7100000B8B19DCE520050CEA1B5B60100003068
:10F720003E0900000005352800000000091A00000D
:10F73000000000261C0000002D658FC03E0042C85E
:10F74000ADBEA1004238000024D35CD32100009854
:10F7500083B0032C4B0037FF32009A4400C1C20132
:10F760002C4C002EFF32009A4500C19281000011FE
:10F77000D067D01100007B9A00B8B19DCE520050E6
:10F78000CEA1B5B6010000303E09000000053528C5
:10F790000000000008180000000000261C00000007
:10F7A0002A6089BC3E0042C8ADBEA10041360000BF
:10F7B00024D35DD32100009883B0032C4C0037FF85
:10F7C00032009A4400C1C2012C4C002EFF32009A34
:10F7D0004500C19281000011D067D01100007B9AD2
:10F7E00000B8B19DCE520050CEA1B5B60100003098
:10F7F0003E09000000053528000000000716000043
:10F80000000000261C000000285C83B83D0042C8B0
:10F81000ADBEA1004135000023D25DD32100009888
:10F8200083AF032C4C0037FF32009A4400C1C20161
:10F830002C4C002EFF32009A4500C192810000112D
:10F84000D067D01100007B9A00B8B19DCE52005015
:10F85000CEA1B5B6010000303E09000000053528F4
:10F860000000000006150000000000261C0000003B
:10F8700026587EB33B0042C8ADBEA1004034000014
:10F8800022D15DD32100009883AF032C4C0037FFB9
:10F8900032009A4400C1C2012C4C002EFF32009A63
:10F8A0004500C19281000011D067D01100007B9A01
:10F8B00000B8B19DCE520050CEA1B5B601000030C7
:10F8C0003E09000000053528000000000614000075
:10F8D000000000261C000000245479AD3A0042C804
:10F8E000ADBEA1004033000021CE5DD321000098C1
:10F8F00083AF032D4C0037FF32009A4400C1C20190
:10F900002C4C002EFF32009A4500C192810000115C
:10F91000D067D01100007B9A00B8B19DCE52005044
:10F92000CEA1B5B6010000303E0900000005352823
:10F930000000000005130000000000261C0000006D
:10F94000225074A7380042C8ADBEA1003F3200006B
:10F950001FCB5DD32100009883AF032D4C0037FFF0
:10F9600032009A4400C1C2012C4C002EFF32009A92
:10F970004500C19281000011D067D01100007B9A30
:10F9800000B8B19DCE520050CEA1B5B601000030F6
:10F990003E090000000535280000000004110000A9
:10F9A000000000261C000000204C6FA0360042C85A
:10F9B000ADBEA1003E3000001DC85CD32100009800
:10F9C00083AF032D4C0037FF32009A4400C1C201BF
:10F9D0002C4C002EFF32009A4500C192810000118C
:10F9E000D067D01100007B9A00B8B19DCE52005074
:10F9F000CEA1B5B6010000303E0900000005352853
:10FA00000000000003100000000000261C000000A1
:10FA10001F496B9A330042C8ADBEA1003E300000C2
:10FA20001CC35CD32100009883AF032D4C0037FF2B
:10FA300032009A4400C1C2012C4C002EFF32009AC1
:10FA40004500C19281000011D067D01100007B9A5F
:10FA500000B8B19DCE520050CEA1B5B60100003025
:10FA60003E0900000005352800000000030F0000DB
:10FA7000000000261C0000001D466695310042C8AB
:10FA8000ADBEA1003E2E00001ABD5BD32100009840
:10FA900083AF032D4C0036FF32009A4400C1C201EF
:10FAA0002C4C002FFF32009A4500C19281000011BA
:10FAB000D067D01100007B9A00B8B19DCE520050A3
:10FAC000CEA1B5B6010000303E0900000005352882
:10FAD00000000000020E0000000000261C000000D4
:10FAE0001B43628F2F0042C8ADBEA1003E2D000017
:10FAF00018B75BD32100009883AF032D4B0035FF6F
:10FB000032009A4400C1C2012C4C002FFF32009AEF
:10FB10004500C19281000011D067D01100007B9A8E
:10FB200000B8B19DCE520050CEA1B5B60100003054
:10FB30003E0900000005352800000000010D00000E
:10FB4000000000261C0000001A3F5D892C0042C8FE
:10FB5000ADBEA1003D2D000016B15AD32100009882
:10FB600083AF032D4B0034FF32009A4400C1C20121
:10FB70002C4C002FFF32009A4500C19281000011E9
:10FB8000D067D01100007B9A00B8B19DCE520050D2
:10FB9000CEA1B5B6010000303E09000000053528B1
:10FBA00000000000010C0000000000261C00000006
:10FBB000193D5A842B0042C8ADBEA1003D2C000067
:10FBC00015AB59D32100009883AF032D4B0032FFB2
:10FBD00032009A4400C1C2012C4C002FFF32009A1F
:10FBE0004500C19281000011D067D01100007B9ABE
:10FBF00000B8B19DCE520050CEA1B5B60100003084
:10FC00003E0900000005352800000000000B000040
:10FC1000000000261C000000173A567E280042C84B
:10FC2000ADBEA1003D2B000014A558D321000098C3
:10FC300083AF032D4B0030FE32009A4400C1C20155
:10FC40002C4C002FFF32009A4500C1928100001118
:10FC5000D067D01100007B9A00B8B19DCE52005001
:10FC6000CEA1B5B6010000303E09000000053528E0
:10FC700000000000000A0000000000261C00000038
:10FC80001637537A270042C8ADBEA1003D2A0000B6
:10FC9000139F57D32100009883AF032D4B002FFDF6
:10FCA00032009A4400C1C2012C4C002FFF32009A4E
:10FCB0004500C19281000011D067D01100007B9AED
:10FCC00000B8B19DCE520050CEA1B5B601000030B3
:10FCD0003E09000000053528000000000009000072
:10FCE000000000261C00000014344E74240042C89A
:10FCF000ADBEA1003C290000119955D32100009808
:10FD000083AE042D4B002DFC32009A4400C1C20189
:10FD10002C4C002FFF32009A4500C1928100001147
:10FD2000D067D01100007B9A00B8B19DCE52005030
:10FD3000CEA1B5B6010000303E090000000535280F
:10FD40000000000000080000000000261C00000069
:10FD500013324B70230042C8ADBEA1003C29000005
:10FD6000109454D32100009883AE042D4B002CFB3B
:10FD700032009A4300C1C2012C4C002FFF32009A7E
:10FD80004500C19281000011D067D01100007B9A1C
:10FD900000B8B19DCE520050CEA1B5B601000030E2
:10FDA0003E090000000535280000000000070000A3
:10FDB000000000261C000000122F486B210042C8E2
:10FDC000ADBEA1003C2800000F8E53D32100009847
:10FDD00083AE042D4B002BF93200994300C1C201C0
:10FDE0002C4C002FFE3100994400C192810000117B
:10FDF000D066CF1100007B9A00B8B19DCE52005062
:10FE0000CDA1B5B6010000303E090000000535283F
:10FE10000000000000060000000000261C0000009A
:10FE2000112D45671F0042C8ADBEA1003C27000050
:10FE30000E8952D32100009883AE042D4B0029F780
:10FE40003200994200C1C2012C4C002FFE300099B3
:10FE50004400C19281000011D066CE1100007B9A4F
:10FE600000B8B19DCE520050CDA1B5B60100003012
:10FE70003E090000000535280000000000060000D3
:10FE8000000000261C000000102B42631D0042C829
:10FE9000ADBEA1003B2700000C8450D32100009888
:10FEA00083AE042D4C0028F63200984000C1C201F8
:10FEB0002C4C002FFC2F00984200C19281000011B1
:10FEC000CF65CB1200007B9A00B8B19DCE52005096
:10FED000CDA1B5B6010000303E090000000535286F
:10FEE0000000000000050000000000261C000000CB
:10FEF0000F293F5F1B0042C8ADBEA1003B2600009A
:10FF00000B7F50D32100009883AE042D4C0026F4C3
:10FF10003100953E00C1C2012C4C002FFB2D0095F5
:10FF20004000C19281000011CF64C71200007B9A8B
:10FF300000B8B19DCE52004FCDA1B5B60100003042
:10FF40003E09000000053528000000000004000004
:10FF5000000000261C0000000E273C5B1A0042C86F
:10FF6000ADBEA1003B2600000A7B4FD321000099C3
:10FF700083AE042D4C0025F33100913A00C1C2013B
:10FF80002C4C002EFA2C00913B00C19281000011F4
:10FF9000CF63C21200007B9A00B8B19DCE52004ED2
:10FFA000CDA2B5B6010000303E090000000535289D
:10FFB0000000000000040000000000261C000000FB
:10FFC0000D253957190042C8ADBEA1003A250000E1
:10FFD00009764ED22100009983AE042D4C0024F105
:10FFE0003100883500C1C2012C4C002EF92A00884E
:10FFF0003700C19281000011CF62BC1100007B9AD2
:020000040803EF
:1000000000B8B19DCE52004CCCA2B5B60100003074
:100010003E09000000053528000000000003000034
:10002000000000261C0000000B223653170042C8B7
:10003000ADBEA1003A24000008724DD22100009903
:1000400083AE042D4C0022EF3100782D01C1C20196
:100050002C4C002EF72900782F00C192810000114E
:10006000CF60B61000007B9A00B8B19DCE52004917
:10007000CBA2B5B6010000303E09000000053528CE
:100080000000000000020000000000261C0000002C
:100090000A1F334F150042C8AEBEA1003A2400002B
:1000A000076C4CD22200009983AF042D4C0021EC48
:1000B0003200632301C1C2012C4C002EF6280063DC
:1000C0002400C19281000011CF5FAF1000007B9A25
:1000D00000B8B19DCE520046C7A2B5B601000030AF
:1000E0003E09000000053528000000000001000066
:1000F000000000271C000000081D304A140042C800
:10010000AEBEA1003B23000005684AD22200009940
:1001100083AF042D4C0020EA33004B1702C1C2010B
:100120002B4B002EF427004B1800C19281000011C8
:10013000CF5EA80F00007B9A00B8B19DCE5200435D
:10014000C3A2B6B6010000303E0900000004352805
:100150000000000000000000000000271C0000005C
:1001600007192C46120042C8AEBEA0003C23000076
:10017000046249D22300009983B0042C4C001EE68F
:100180003300310A04C1C2012B4B002EF22600318C
:100190000C00C19281000011CF5CA10E00007B9A7F
:1001A00000B8B19DCE52003FBDA1B5B601000030F0
:1001B0003E09000000043528000000000000000097
:1001C000000000271C00000005152740100042C851
:1001D000AEBEA0003D230000035D48D2230000997D
:1001E00083B1052B4B001CE333001C0004C1C2018A
:1001F0002A4B002EEF25001C0100C1928100001146
:10020000CF5B9A0E00007B9A00B8B19DCE52003CA5
:10021000B5A1B5B6010000303E0900000003342846
:100220000000000000000000000000271C0000008B
:100230000311233B0E0042C8AEBEA1003D230000C7
:10024000025747D22400009983B205294B001BE0D6
:1002500033000D0005C1C201284B002EED23000D17
:100260000000C19281000011CF59930D00007B9ACC
:1002700000B8B19DCE520039AD9EB3B5020000303A
:100280003E090000000234270000000000000000CA
:10029000000000271C000000010D1E350C0042C8A4
:1002A000AFBEA0003F230000005045D224000099BB
:1002B00083B606264A001ADD3400030005C2C101D8
:1002C000254A002EEA2100030000C192800000119F
:1002D000CF578C0B00007B9A00B8B19DCE520035F1
:1002E000A597B1B3020000303E090000000131269D
:1002F0000000000000000000000000261C000000BC
:10030000000819300A0042C8AFBEA1004022000018
:10031000004A44D22400009983B90722460018DA23
:100320003400000005C1C1012146002EE620000076
:100330000000C19280000012CE55840A00007A9914
:1003400000B8B19DCE5200329C8FAEAF020000309B
:100350003E09000000002E24000000000000000004
:10036000000000261C0000000004142A070042C8F8
:10037000AFBEA000461E0000004442D124000099F8
:1003800083BF0A1C3D0017D73400000006C2C1011C
:100390001C3D002EE31E00000000C09281000012F0
:1003A000CF537C090000769600B8B19DCE52002E46
:1003B0009488A7A9010000303E09000000002B220C
:1003C0000000000000000000000000261C000000EB
:1003D00000000F23050042C8AFBEA100521F00005D
:1003E000003E41D22400009983C30D15320015D47C
:1003F0003400000006C2C1021431002EE01D0000CE
:100400000000BF9281000012CE517508000071916A
:1004100000B7B19DCE52002B8B819FA2000000300F
:100420003E0900000000282000000000000000003D
:10043000000000261C00000000000A1E030042C845
:10044000AFBEA0005C20000000373FD1240000991F
:1004500083C40F0C230014D13400000006C1C00275
:100460000B24002FDD1B00000000B9928000001259
:10047000CE506E0600006C8B00B8B19DCE520027A6
:10048000837A969A000000303E0900000000251D86
:100490000000000000000000000000261C0000001A
:1004A00000000417010042C8AFBEA000652900008B
:1004B00000303DD12500009983C41003150013CDF1
:1004C0003400000006BCC0020215002FD91A00003B
:1004D0000000B09281000013CE4E660500006684D5
:1004E00000B8B19DCE5200247A728E920000003086
:1004F0003E0900000000221B000000000000000078
:10050000000000261C00000000000011000042C88E
:10051000AFBFA0006C320000002A3CD1250000973C
:1005200080C31000090012CA3300000004B4C003E5
:100530000009002FD61800000000A79281000013C8
:10054000CE4C5F030000617C00B8B19DCE5200210B
:10055000726B868A000000303E09000000002019FE
:100560000000000000000000000000271C00000048
:100570000000000A000042C8AFBEA000723C0000AC
:1005800000233AD1240000947BC31000010010C75F
:100590003300000003ABC0030001002FD21600009F
:1005A00000009E9280000013CE4A570200005B7547
:1005B00000B8B19DCE52001D6A647E8200000030FA
:1005C0003E09000000001D160000000000000000B1
:1005D000000000261C00000000000004000042C8CB
:1005E000AFBE9D0078480000001D39D22400008F66
:1005F00076C2100000000EC43300000003A2C00346
:100600000000002FCF15000000009592810000131C
:10061000CE484F000000556E00B8B19DCE52001A72
:10062000615C767A000000303E09000000001A1478
:100630000000000000000000000000261C00000078
:1006400000000000000042C8AFBD97007D540000CC
:10065000001537D2250000886FC20F0000000DBFC3
:1006600032000000019AC0030000002FCB130000ED
:1006700000008D9280000013CE46470000005067B6
:1006800000B8B19DCE52001659556D720000003071
:100690003E090000000017120000000000000000EA
:1006A000000000261B00000000000000000042C8FF
:1006B000AFBB8F0080610000000F35D225000082A3
:1006C0006AC10E0000000BBD330000000192C0049F
:1006D00000000030C8110000000085928000001367
:1006E000CE44400000004B6100B8B19DCE520013D3
:1006F000514E656A000000303E0900000000140FF2
:100700000000000000000000000000251A000000AA
:100710000A000000000042C7AEB78800826E0000E9
:10072000000834D12400007B63C10D0000000AB929
:10073000330000000088C0040000002FC50F000037
:1007400000007D9280000013CE4339000000465A1D
:1007500000B8B19DCE52000F48475D6300000030E5
:100760003E0900000000110D000000000000000024
:10077000000000251800000017000000000042C51E
:10078000ACAF8100837A0000000233D024000074F3
:100790005EC10B00000008B6330000000081C004F9
:1007A00000000030C10E00000000749280000013B1
:1007B000CE4131000000405400B8B19DCE52000C33
:1007C0004040565B000000303E09000000000F0B67
:1007D00000000000000000000000002416000000DF
:1007E00026000000000040C0A6A679008384000017
:1007F000000031CE2300006D57C10A00000006B38F
:10080000330000000078C0040000002FBE0C000080
:1008100000006B927F000013CE3F290000003B4D8B
:1008200000B8B19DCE52000838384D53000000305A
:100830003E09000000000C0900000000000000005C
:1008400000000022140000003900000000003DBA42
:100850009E9D7300828D000000002FC7210000675D
:1008600052C10900000005AF31000000006FC00454
:1008700000000030BA0A00000000649280000013FB
:10088000CE3D22000000354700B8B19DCE52000594
:100890002F32464C000000303E09000000000907DE
:1008A0000000000000000000000000201300000015
:1008B0004F000000000039B296956C008194000052
:1008C00000002DBF1F0000604CC10800000006ACF6
:1008D000300000000068C0040000002FB5080000D0
:1008E00000005C9280000013CE3B1A0000003040F4
:1008F00000B8B19DCE520002272A3E4500000030CC
:100900003E09000000000604000000000000000096
:100910000000001D1100000065000000000036A965
:100920008E8C650081990000000024BA1D00005AD9
:1009300047C10800000000AE300000000060C004A5
:1009400000000030B0060000000054928000001447
:10095000CE38130000002B3A00B8B19DCE520000F3
:100960001F23363D000000303E0900000000030256
:1009700000000000000000000000001A0F0000004E
:100980007A010000000032A086845E00819C000095
:10099000000020B51B00005341C108000000009674
:1009A000360000000058C00400000030B003000012
:1009B00000004C9280000014CC340B000000253461
:1009C00000B8B19DCE520000161C2E35000000303C
:1009D0003E090000000001000000000000000000CF
:1009E000000000180D0000008D11000000002F987D
:1009F0007E7B5700819D000000001EAD1900004D58
:100A00003CC107000000008F330000000050C0040C
:100A10000000002DA6000000000045928000001498
:100A2000C73003000000202E00B8B19DCE51000059
:100A30000F16272E000000303E09000000000000C5
:100A40000000000000000000000000160C00000084
:100A50009A26000000002C9076735100819D0000C2
:100A600000001CA41600004636C1070000000092DA
:100A7000320000000049C00400000032980000006D
:100A800000003D9280000013C32D000000001B27D2
:100A900000B8B19DCD4E0000060F1F2700000030AA
:100AA0003D09000000000000000000000000000000
:100AB000000000140A000000A24100000000298785
:100AC0006F6B4A00809C00000000199B14000040DE
:100AD00031C107000000008F310000000042C00457
:100AE00000000033970000000000369280000011E3
:100AF000C02400000000162200B8B19DCA4B0000BF
:100B000000081720000000303D0800000000000031
:100B100000000000000000000000001208000000BB
:100B2000A66000000000267E67634300819C0000F1
:100B3000000017921200003A2BC107000000008845
:100B40002E0000000039C0040000003192000000B7
:100B500000002E9280000010B82200000000101B40
:100B600000B8B19CC547000000000F18000000301D
:100B70003D08000000000000000000000000000030
:100B80000000001007000000A6810000000023768E
:100B90005F5B3D00809C00000000158A110000335F
:100BA00026C10700000000812B0000000032C004B5
:100BB0000000002E8B000000000027918000000F35
:100BC000B020000000000C1500B7B09CBF4400002E
:100BD00000000811000000303D0700000000000088
:100BE00000000000090000000000000E05000000E9
:100BF000A49F00000000206E57523600809C000029
:100C0000000013820E00002D20C107000000007AB2
:100C100028000000002BC0040000002B840000000E
:100C200000001F918000000EA81E00000000060FAB
:100C300000B7AF99B8400000000000090000002F85
:100C40003C06000000000000000000001100000051
:100C50000000000B03000000A1B5000000001D66AD
:100C6000504A2F00809C0000000011790C000026E3
:100C70001BC1070000000073250000000022C00413
:100C8000000000287E000000000017917F00000D8A
:100C9000A11B00000000010800B4AD95B03D0000AC
:100CA000000000010000002D3B05000000000000D6
:100CB0000000000016000000000000090100000014
:100CC0009EBE110000001A5E48422900809C000070
:100CD00000000F710B00002015C107000000006C20
:100CE00022000000001BC004000000267600000067
:100CF00000000F8E7C00000B991A0000000000021B
:100D000000AFAB8FA93A0000000000000000002CEB
:100D10003804000000000000000000001905000079
:100D200000000007000000009DC0300000001755C3
:100D300041392200809D000000000D690900001A61
:100D400010C10700000000651F0000000013BE0472
:100D500000000023700000000000078B7800000AEC
:100D6000911800000000000000A9A588A13700002C
:100D7000000000000000002A350300000000000011
:100D8000000000001A100000000000050000000034
:100D90009DC257000000144D39311C00809C00009A
:100DA00000000B60070000130AC008000000005D8F
:100DB0001C000000000BB9030000002068000000C8
:100DC0000000008674000009891500000000000082
:100DD00000A29E829933000000000000000000285D
:100DE0003202000000000000000000001A1B00009A
:100DF00000000003000000009DC27E0000001144BE
:100E000031281400809D0000000009580500000CE6
:100E100004BD070000000056190000000003B303E2
:100E20000000001E6100000000000081700000084A
:100E30008114000000000000009C977C91300000AD
:100E400000000000000000252F010000000000004D
:100E5000000000001A230000000000010000000054
:100E60009DC1A20000000E3C291F0D007E9C0000C9
:100E70000000074F0200000500B906000000004F07
:100E8000160000000000AD020000001B5A00000028
:100E90000000007C6B0000077911000000000000DA
:100EA000009691768A2C00000000000000000023CC
:100EB0002C00000000000000000000001A240000C8
:100EC00000000000000000009CC0AE1600000B32C5
:100ED000201505007B9A0000000005450000000079
:100EE00000B2060000000047130000000000A70247
:100EF00000000017520000000000007767000005A6
:100F0000710F00000000000000908A70812900002D
:100F100000000000000000212A0000000000000086
:100F2000000000001A230000000000000000000084
:100F30009BC0B23F00000829170C00007897000002
:100F40000000033C0000000000AC05000000004071
:100F5000100000000000A001000000154B00000080
:100F60000000007363000004680D00000000000032
:100F70000089846A79260000000000000000001F3C
:100F80002700000000000000000000001A230000FD
:100F9000000000000000000099BFB47000000420B1
:100FA0000F020000749300000000013200000000F6
:100FB00000A60400000000370C00000000009A00AA
:100FC00000000012430000000000006D5F000003FD
:100FD000600B00000000000000837D6371220000B0
:100FE000000000000000001D2400000000000000C0
:100FF000000000001A2300000000000000000000B4
:1010000095BEB39E0000011606000000708F000020
:10101000010000280000000000A003000000002FD5
:1010200009000000000094000000000F3A000000DA
:10103000000000685A00000257090000000000008C
:10104000007C765D691E0000000000000000001AB0
:101050002100000000000000000000001923000033
:10106000000000000000000091BDB1BB0400000BB7
:10107000000000006C8A00001000001D000000004D
:1010800000990300000000260500000000008D000C
:101090000000000B3200000000000063550000005B
:1010A0004D0600000000000000756E565F1A00003B
:1010B00000000000000000181E00000000000000FA
:1010C00000000000192300000000000000000000E4
:1010D0008CBBB0C520000000000000006886000046
:1010E000200A001300000000009302000000001D11
:1010F0000200000000008600000000082A00000036
:101100000000005E510000004403000000000000E9
:10111000006F674E5616000000000000000000152A
:101120001B00000000000000000000001823000069
:10113000000000000000000088BAAFC738000000BF
:1011400000000000638100002B3200070000000057
:10115000008C0100000000140000000000007F006F
:101160000000000420000000000000584B000000B8
:101170003A0000000000000000675F474D120000C9
:101180000000000000000013170000000000000035
:101190000000000017230000000000000000000015
:1011A00083B7AFC643000000000000005F7B000073
:1011B0002F6A000000000000008500000000000A07
:1011C0000000000000007800000000001600000091
:1011D00000000052460000002F0000000000000048
:1011E000005F573F420E00000000000000000010AA
:1011F00014000000000000000000000016220000A3
:1012000000000000000000007DB0AEC443000000FC
:10121000000000005A7600002C9F00000000000033
:10122000007E0000000000030000000000007000CD
:10123000000000000C0000000000004C4000000016
:10124000230000000000000000574E37370900005F
:10125000000000000000000D100000000000000071
:101260000000000015220000000000000000000047
:1012700078AAABC23F0000000000000055710000DA
:1012800029BF0A00000000000076000000000007EF
:1012900000000000000069000000000001000000E4
:1012A000000000463A0000001700000000000000A7
:1012B000004F452E2C040000000000000000000A32
:1012C0000C000000000000000000000014210000DD
:1012D000000000000000000072A3A6BF3C00000058
:1012E00000000000506B000026D21D00000000002E
:1012F000006F000000001A190000000000006000EC
:1013000000000000000000000000003F340000006A
:101310000A0000000000000000453B2420000000FF
:1013200000000000000000070700000000000000AF
:1013300000000000121F000000000000000000007C
:101340006B9B9FBB39000000000000004A64000056
:1013500024D62B0000000000006500000000384685
:101360000000000000005700000000000000000026
:10137000000000372D000000000000000000000009
:10138000003B301A120000000000000000000003C3
:10139000030000000000000000000000111D00001C
:1013A0000000000000000000659398B537000000C1
:1013B00000000000445D000023D028000000000071
:1013C000005C0000000045840000000000004D00AB
:1013D00000000000000000000000002F25000000B9
:1013E00000000000000000000030240F0400000096
:1013F00000000000000000000000000000000000ED
:10140000000000000F1B00000000000000000000B2
:101410005E8A91AE35000000000000003E550000DD
:1014200021C922000000000000530000000046AD6A
:101430000000000000004300000000001F0000004A
:10144000000000261D000000000000000000000059
:10145000002518030000000000000000000000004C
:101460000000000000000000000000000D19000056
:101470000000000000000000558189A63300000034
:1014800000000000374D00001FC31F0000000000D7
:1014900000480000000043B80000000000003800D1
:1014A000000000005E0000000000001E15000000AB
:1014B000000000000000000000190B000000000008
:1014C000000000000000000000000000000000001C
:1014D000000000000B1600000000000000000000EB
:1014E0004D76809E30000000000000002F44000078
:1014F0001DBB1D0000000000003C0000000041B1C9
:101500000000000000002B00000000009718000001
:10151000000000130B0000000000000000000000AD
:10152000000B0000000000000000000000000000B0
:10153000000000000000000000000000091400008E
:101540000000000000000000436B76942C000000B7
:1015500000000000263A00001BB11B000000000044
:101560000030000000003EA80000000000001E0047
:1015700000000000B038000000000008010000007A
:10158000000B0A0000000000000000000000000046
:10159000000000000000000000000000000000004B
:1015A0000000000006110000000000000000000024
:1015B000395F6B8929000000000000001D2F00002A
:1015C00018A81900000000000021000000003BA145
:1015D0000000000000000F0000000000B048000004
:1015E0000000000000000000002444000000000093
:1015F00000000000000000000000000000000000EB
:10160000000000000000000000000000040E0000C8
:1016100000000000000000002E51607E2600000047
:101620000000000014230000159E170000000000B9
:1016300000130000000038990000000000000000C6
:1016400000000000A94500000000000000000000AC
:10165000002B8F00000000000000000000000000D0
:10166000000000000000000000000000000000007A
:1016700000000000010A000000000000000000005F
:1016800020415271220000000000000009160000F5
:1016900012921500000000000002000000003490CB
:1016A000000000000000000000000000A23D00005B
:1016B00000000000000000000027C0000000000043
:1016C000000000000000001A000000000000000000
:1016D0000000000000000000000000000005000005
:1016E0000000000000000000102D405D1A00000006
:1016F00000000000000700000D7E10000000000048
:101700000000000000002C7F00000000000000002E
:101710000000000091340000000000000000000004
:101720000021BF0A0000000000000000000000428D
:101730001C0000000000000000000000000000008D
:101740000000000000010000000000000000000098
:1017500001192D49140000000000000000000000E5
:1017600008690C0000000000000000000000246E6A
:101770000000000000000000000000007F2D0000BD
:101780000000000000000000001CAE11000000007E
:10179000000000000000004B5D00000000000000A1
:1017A0000000000000000000000000000000000039
:1017B000000000000000000000051A340C000000CA
:1017C00000000000000000000354070000000000BB
:1017D0000000000000001D5C000000000000000090
:1017E000000000006D260000000000000000000066
:1017F00000179A0F00000000000000000000003FEA
:101800009500000000000000000000000000000043
:1018100000000000000000000000000000000000C8
:10182000000006200500000000000000000000008D
:10183000003E030000000000000000000000154A08
:101840000000000000000000000000005C1F00001D
:1018500000000000000000000012860B00000000E5
:101860000000000000000033A3250000000000007D
:101870000000000000020000000000000000000066
:1018800000000000000000000000000A000000004E
:10189000000000000000000000290000000000001F
:1018A0000000000000000D380000000000000000F3
:1018B000000000004A1700000000000000000000C7
:1018C000000D720800000000000000000000002B66
:1018D000915A000000000000000000000001140008
:1018E00000000000000000000000000000000000F8
:1018F00000000000000000000000000000000000E8
:101900000013000000000000000000000000052699
:10191000000000000000000000000000381000007F
:10192000000000000000000000085D05000000004D
:10193000000000000000002278710B000000000091
:101940000000000000002000000000000000000077
:101950000000000000000000000000000000000087
:101960000000000000000000000000000000000077
:101970000000000000000014000000000000000053
:101980000000000026080000000000000000000029
:1019900000034802000000000000000000000019E1
:1019A00063683D00000000000000000000001D0B07
:1019B0000000000000000000000000000000000027
:1019C0000000000000000000000000000000000017
:1019D0000000000000000000000000000000000106
:1019E00000000000000000000000000013000000E4
:1019F00000000000000000000000330000000000B4
:101A000000000000000000114E535E0100000000C5
:101A100000000000000015100000000000000000A1
:101A200000000000000000000000000000000000B6
:101A300000000000000000000000000000000000A6
:101A40000000000000000000000000000000000096
:101A50000000000001000000000000000000000085
:101A600000001F000000000000000000000000084F
:101A700039405C2D000000000000000000000F0C49
:101A80000000000000000000000000000000000056
:101A90000000000000000000000000000000000046
:101AA0000000000000000000000000000000000036
:101AB0000000000000000000000000000000000026
:101AC000000000000000000000000A0000000A0002
:101AD0000000000000000000252F48470000000023
:101AE00000000000000008070000000000000000E7
:101AF00000000000000000000000000000000000E6
:101B000000000000000000000000000000000000D5
:101B100000000000000000000000000000000000C5
:101B200000000000000000000000000000000000B5
:101B30000000000000001F0900000000000000007D
:101B4000111E3540000000000000000000000102EE
:101B50000000000000000000000000000000000085
:101B60000000000000000000000000000000000075
:101B70000000000000000000000000000000000065
:101B80000000000000000000000000000000000055
:101B900000000000000000000000000000002026FF
:101BA0000000000000000000000D232F00000000D6
:101BB0000000000000000000000000000000000025
:101BC0000000000000000000000000000000000015
:101BD0000000000000000000000000000000000005
:101BE00000000000000000000000000000000000F5
:101BF00000000000000000000000130000000000D2
:101C00000000000000001626000000000000000098
:101C10000000111E00000000000000000000000095
:101C200000000000000000000000000000000000B4
:101C300000000000000000000000000000000000A4
:101C40000000000000000000000000000000000094
:101C50000000000000000000000000000000000084
:101C600000002500000000000000000000000B172D
:101C700000000000000000000000010E0000000055
:101C80000000000000000000000028756E73696706
:101C90006E6564292063686172202A20757365640B
:101CA00020666F722025257020617267756D656EE4
:101CB000742E2049742773207265636F6D6D656E95
:101CC00064656420746F2063617374206974207488
:101CD0006F20766F6964202A206265636175736581
:101CE000206974206D6179206361757365206D6969
:101CF000736265686176696F7220696E20636572D0
:101D00007461696E20636F6E66696775726174696C
:101D10006F6E732E20537472696E673A2225732298
:101D200020617267756D656E743A25640063627038
:101D300072696E74665F7061636B6167650076706F
:101D400072696E746B006173736572745F7072692F
:101D50006E74006173736572745F706F73745F612A
:101D60006374696F6E00636C6F636B20636F6E7476
:101D7000726F6C20646576696365206E6F74207283
:101D80006561647900436F756C64206E6F742069BF
:101D90006E697469616C697A65206261636B7570E4
:101DA000205352414D20636C6F636B2028256429BA
:101DB000005F5F6465766963655F6474735F6F720B
:101DC000645F313437006D656D6F72794034303047
:101DD00033363430300073746D33325F6261636B5D
:101DE00075705F7372616D00556E62616C616E63D8
:101DF0006564206261636B757020646F6D61696EEC
:101E00002061636365737320726566636F756E74BA
:101E10000073746D33325F6261636B75705F646F02
:101E20006D61696E00736F63006C6F675F6D676DE6
:101E300074004D6573736167652064726F707065BF
:101E400064206265636175736520697420657863D9
:101E5000656564732073697A65206C696D69746166
:101E600074696F6E2028257529004D65737361674D
:101E700065202822257322292064726F70706564A2
:101E80002062656361757365206974206578636598
:101E90006564732073697A65206C696D6974617417
:101EA000696F6E2028257529000D0A001B5B306DB7
:101EB00000257320005B2530386C755D20005B25A4
:101EC0003032753A253032753A253032752E25304C
:101ED00033752C253033755D200025730025732F55
:101EE000003C25733E200025733A200025303278CF
:101EF0002000202020007C002563001B5B313B3349
:101F0000316D001B5B313B33336D0077726E0064C3
:101F10006267006C6F675F6261636B656E645F75BB
:101F2000617274006C6F675F756172740053697AD7
:101F300065206F6620434F4E4649475F464C4153EC
:101F4000485F46494C4C5F4255464645525F5349AF
:101F50005A45004E65676174697665206F666673E1
:101F60006574206E6F7420616C6C6F7765640A0015
:101F7000496E636F72726563742073697A65206F4E
:101F800072206F666673657420616C69676E6D653B
:101F90006E742C20657870656374656420257A788A
:101FA0000A0046696C6C20746F2064657620257089
:101FB000206661696C6564206174206F6666736574
:101FC00074203078257A780A00666C617368007234
:101FD000302F61313A202030782530387820207237
:101FE000312F61323A202030782530387820207225
:101FF000322F61333A202030782530387800723320
:102000002F61343A202030782530387820723132F0
:102010002F69703A2020307825303878207231349A
:102020002F6C723A20203078253038780020787074
:1020300073723A202030782530387800735B25326F
:10204000645D3A20203078253038782020735B2575
:1020500032645D3A20203078253038782020735B58
:102060002532645D3A20203078253038782020737E
:102070005B2532645D3A2020307825303878006660
:10208000707363723A2020307825303878004661CA
:10209000756C74696E6720696E73747275637469A8
:1020A0006F6E206164647265737320287231352FFE
:1020B0007063293A2030782530387800556E686191
:1020C0006E646C6564204952516E3A202564004369
:1020D0006F756C64206E6F74207265616420737913
:1020E0006D626F6C2066726F6D2062696E617279CD
:1020F0002100436F756C64206E6F742066696E6496
:102100002073796D626F6C202573210073796D20C7
:10211000272573273A2072656C6F636174696F6E4F
:10212000206F7574206F662072616E6765202825A8
:102130002378202D3E20252378290A00756E6B6EAA
:102140006F776E2072656C6F636174696F6E3A2091
:1021500025750A00656C66002A2A2A2A2A204D5015
:1021600055204641554C54202A2A2A2A2A0020204C
:10217000537461636B696E67206572726F72202899
:10218000636F6E746578742061726561206D696734
:102190006874206265206E6F742076616C696429B2
:1021A000002020556E737461636B696E67206572E1
:1021B000726F720020204461746120416363657313
:1021C000732056696F6C6174696F6E0020204D4DED
:1021D00046415220416464726573733A2030782519
:1021E00078002020496E737472756374696F6E2075
:1021F0004163636573732056696F6C6174696F6EB8
:10220000002020466C6F6174696E672D706F696E77
:1022100074206C617A7920737461746520707265C2
:10222000736572766174696F6E206572726F720089
:102230002A2A2A2A2A20425553204641554C542006
:102240002A2A2A2A2A002020537461636B696E6748
:10225000206572726F720020205072656369736529
:10226000206461746120627573206572726F720000
:1022700020204246415220416464726573733A20C3
:1022800030782578002020496D7072656369736528
:10229000206461746120627573206572726F7200D0
:1022A0002020496E737472756374696F6E20627555
:1022B00073206572726F72002A2A2A2A2A205553C7
:1022C000414745204641554C54202A2A2A2A2A00B3
:1022D00020204469766973696F6E206279207A657F
:1022E000726F002020556E616C69676E6564206DA9
:1022F000656D6F727920616363657373002020538D
:102300007461636B206F766572666C6F77202863EB
:102310006F6E746578742061726561206E6F7420D1
:1023200076616C6964290020204E6F20636F7072A3
:102330006F636573736F7220696E73747275637403
:10234000696F6E73002020496C6C6567616C206C4E
:102350006F6164206F66204558435F524554555263
:102360004E20696E746F205043002020496C6C65CC
:1023700067616C20757365206F6620746865204501
:10238000505352002020417474656D707420746F36
:10239000206578656375746520756E646566696E21
:1023A000656420696E737472756374696F6E005230
:1023B0006573657276656420457863657074696FCE
:1023C0006E20280053707572696F757320696E7482
:1023D0006572727570742028495251200053505311
:1023E000454C20696E20746872656164206D6F646D
:1023F0006520646F6573206E6F7420696E64696315
:1024000061746520505350002A2A2A2A2A20484104
:102410005244204641554C54202A2A2A2A2A002078
:1024200020427573206661756C74206F6E2076652E
:1024300063746F72207461626C6520726561640000
:1024400020204465627567206576656E74002020E3
:102450004661756C7420657363616C6174696F6E3D
:1024600020287365652062656C6F772900415243AF
:10247000485F455843455054207769746820726519
:1024800061736F6E2025780A002A2A2A2A2A20449E
:1024900065627567206D6F6E69746F722065786311
:1024A000657074696F6E202A2A2A2A2A002A2A2A2D
:1024B0002A2A20257320256429202A2A2A2A2A004C
:1024C00061626F727428290A004661696C65642034
:1024D000746F20676574207461626C652073697A1B
:1024E000653A202564004661696C656420746F203C
:1024F0006765742066756E6374696F6E20746162BF
:102500006C653A202564004E6F7420656E6F7567A8
:1025100068206D656D6F727920666F7220657874C2
:10252000656E73696F6E206D6574616461746100BE
:102530004661696C656420746F2063616C6C20690E
:102540006E69742066756E6374696F6E733A2025C8
:1025500064004661696C656420746F2063616C6C13
:102560002064652D696E69742066756E6374696F89
:102570006E733A202564006C6C657874004661695E
:102580006C656420616C6C6F636174696E67202593
:102590007A6420627974657320257A642D616C6990
:1025A000676E656420666F7220726567696F6E2062
:1025B0002564004661696C656420746F20707265E3
:1025C0007061726520746865206C6F616465722C3F
:1025D00020726574202564004661696C656420740E
:1025E0006F207365656B20666F7220454C462068CE
:1025F0006561646572004661696C656420746F2072
:102600007265616420454C462068656164657200AE
:10261000496E76616C696420454C462C206D61677B
:10262000696320646F6573206E6F74206D617463DD
:102630006800556E737570706F7274656420454CD8
:10264000462066696C65207479706520257800499C
:102650006E76616C69642073656374696F6E20685F
:1026600065616465722073697A652025640046613E
:10267000696C656420746F20616C6C6F6361746554
:102680002073656374696F6E206D61702C207369AF
:102690007A6520257A75004661696C656420746FDF
:1026A00020616C6C6F636174652073656374696F1E
:1026B0006E20686561646572732C2073697A652089
:1026C000257A75004661696C656420746F207365B6
:1026D000656B20666F722073656374696F6E206826
:1026E000656164657273004661696C656420746F2E
:1026F00020726561642073656374696F6E2068651C
:102700006164657273004661696C656420746F2052
:102710006C6F616420626173696320454C4620647C
:102720006174612C2072657420256400536F6D659F
:102730002073656374696F6E7320617265206D69C3
:102740007373696E67206F722070726573656E7443
:10275000206D756C7469706C652074696D6573218A
:10276000004661696C656420746F2066696E642040
:10277000696D706F7274616E7420454C462074618F
:10278000626C65732C207265742025640046616953
:102790006C656420746F20636F707920454C46200F
:1027A000737472696E672073656374696F6E732CDE
:1027B00020726574202564002E6578706F727465D0
:1027C000645F73796D002E6C6C6578742E726F6423
:1027D0006174612E6E6F72656C6F6300496E766115
:1027E0006C696420257320617272617920696E20A2
:1027F00073656374696F6E20256400556E73757020
:10280000706F727465642073656374696F6E20669F
:102810006C61677320252378202F2025237820667C
:102820006F722025732028726567696F6E2025649A
:102830002900526567696F6E2025642072656465A2
:1028400066696E6564004D756C7469706C652053C3
:1028500048545F4E4F424954532073656374696F07
:102860006E7320617265206E6F7420737570706F67
:102870007274656400496E636F6D70617469626C37
:10288000652073656374696F6E206164647265733B
:1028900073657320666F72202573202872656769DF
:1028A0006F6E20256429004261642073656374693A
:1028B0006F6E20616C69676E6D656E7420696E2045
:1028C000726567696F6E20256400526567696F6E77
:1028D00020256420564D412072616E6765202825B1
:1028E000237A782D25237A7829206F7665726C619A
:1028F00070732077697468202564202825237A78EE
:102900002D25237A782900526567696F6E2025642A
:1029100020454C462066696C652072616E676520B3
:102920002825237A782D25237A7829206F766572D9
:102930006C617073207769746820256420282523D2
:102940007A782D25237A78290025732068617320F1
:1029500072656C6F636174696F6E73004661696C58
:10296000656420746F206D617020454C462073654E
:102970006374696F6E732C20726574202564004641
:1029800061696C656420746F20636F707920726573
:1029900067696F6E732C2072657420256400466130
:1029A000696C656420746F20616C6C6F6361746521
:1029B00020657874656E73696F6E2073796D626FD0
:1029C0006C207461626C652C207265742025640033
:1029D0004E6F206461746120666F7220736563744A
:1029E000696F6E202564004661696C656420746FB0
:1029F00020636F70792073796D626F6C732C207215
:102A00006574202564004661696C656420746F20DC
:102A10006C696E6B2C2072657420256400466169B8
:102A20006C656420746F206578706F72742C2072EE
:102A30006574202564004661696C656420746F20AC
:102A4000636F756E74206578706F7274656420456D
:102A50004C462073796D626F6C732C207265742004
:102A60002564007F454C46556E646566696E6564F5
:102A70002073796D626F6C2077697468206E6F20A7
:102A8000656E74727920696E2073796D626F6C2047
:102A90007461626C652025732C206F6666736574A3
:102AA00020257A642C206C696E6B207365637469D1
:102AB0006F6E2025640063616E6E6F7420617070AC
:102AC0006C792072656C6F636174696F6E3A207403
:102AD00061726765742073796D626F6C20686173D1
:102AE00020756E65787065637465642073656374C2
:102AF000696F6E20696E646578202564202825231F
:102B0000782900496E76616C696420656E7472790B
:102B10002073697A6520257A6420666F7220534895
:102B2000545F52454C2073656374696F6E20256451
:102B300000466F756E6420756E737570706F727479
:102B40006564205348545F52454C4120736563745B
:102B5000696F6E2025640053616E69747920636823
:102B600065636B73206661696C656420666F7220B3
:102B700073656374696F6E2025642028696E666FC3
:102B800020257A642C2073697A6520257A642C20AC
:102B9000656E7473697A6520257A642900536563CC
:102BA00074696F6E202564206E6F74206C6F616491
:102BB000656420696E20616E79206D656D6F727934
:102BC00020726567696F6E007A5F696D706C5F7AFD
:102BD00065706879725F77726974655F7374646F2A
:102BE0007574007A5F696D706C5F7A657068797270
:102BF0005F726561645F737464696E007A5F696DAA
:102C0000706C5F7A65706879725F667772697465F7
:102C1000007A5F696D706C5F7A65706879725F6663
:102C200070757463007A5F696D706C5F7A5F737939
:102C3000735F6D757465785F6B65726E656C5F75DB
:102C40006E6C6F636B007A5F696D706C5F7A5F7337
:102C500079735F6D757465785F6B65726E656C5FB7
:102C60006C6F636B007A5F696D706C5F7A5F6C6F1D
:102C7000675F6D73675F7374617469635F637265C7
:102C8000617465007A5F696D706C5F7A5F6C6F6705
:102C90005F6D73675F73696D706C655F63726561AB
:102CA00074655F32007A5F696D706C5F7A5F6C6F1C
:102CB000675F6D73675F73696D706C655F63726585
:102CC0006174655F31007A5F696D706C5F7A5F6C0B
:102CD0006F675F6D73675F73696D706C655F63725B
:102CE000656174655F30007A5F696D706C5F7561F6
:102CF00072745F74785F753136007A5F696D706CDD
:102D00005F756172745F74785F61626F7274007A6C
:102D10005F696D706C5F756172745F7478007A5F63
:102D2000696D706C5F756172745F72785F656E61FA
:102D3000626C655F753136007A5F696D706C5F75C6
:102D40006172745F72785F656E61626C65007A5F54
:102D5000696D706C5F756172745F72785F646973BE
:102D600061626C65007A5F696D706C5F7561727429
:102D70005F706F6C6C5F6F75745F753136007A5F72
:102D8000696D706C5F756172745F706F6C6C5F6F92
:102D90007574007A5F696D706C5F756172745F70D5
:102DA0006F6C6C5F696E5F753136007A5F696D704C
:102DB0006C5F756172745F706F6C6C5F696E007AC6
:102DC0005F696D706C5F756172745F6C696E655F71
:102DD0006374726C5F736574007A5F696D706C5FA9
:102DE000756172745F6C696E655F6374726C5F6746
:102DF0006574007A5F696D706C5F756172745F698C
:102E000072715F757064617465007A5F696D706C72
:102E10005F756172745F6972715F74785F656E610E
:102E2000626C65007A5F696D706C5F756172745F6A
:102E30006972715F74785F64697361626C65007A4E
:102E40005F696D706C5F756172745F6972715F72DA
:102E5000785F656E61626C65007A5F696D706C5F4A
:102E6000756172745F6972715F72785F64697361B2
:102E7000626C65007A5F696D706C5F756172745F1A
:102E80006972715F69735F70656E64696E67007AFD
:102E90005F696D706C5F756172745F6972715F6597
:102EA00072725F656E61626C65007A5F696D706CED
:102EB0005F756172745F6972715F6572725F646978
:102EC0007361626C65007A5F696D706C5F756172C9
:102ED000745F6572725F636865636B007A5F696DCA
:102EE000706C5F756172745F6472765F636D6400AD
:102EF0007A5F696D706C5F756172745F636F6E6627
:102F00006967757265007A5F696D706C5F75617273
:102F1000745F636F6E6669675F676574007A5F6987
:102F20006D706C5F7379735F72616E645F676574F7
:102F3000007A5F696D706C5F7379735F6373726140
:102F40006E645F676574007A5F696D706C5F73793A
:102F5000735F636C6F636B5F73657474696D650039
:102F60007A5F696D706C5F7379735F636C6F636BAD
:102F70005F6E616E6F736C656570007A5F696D700E
:102F80006C5F7379735F636C6F636B5F68775F63AC
:102F900079636C65735F7065725F7365635F72758B
:102FA0006E74696D655F676574007A5F696D706CDA
:102FB0005F7379735F636C6F636B5F676574727463
:102FC0006F6666736574007A5F696D706C5F7379A4
:102FD000735F63616368655F646174615F696E7686
:102FE000645F72616E6765007A5F696D706C5F73B4
:102FF00079735F63616368655F646174615F666C68
:103000007573685F72616E6765007A5F696D706C79
:103010005F7379735F63616368655F646174615F47
:10302000666C7573685F616E645F696E76645F720B
:10303000616E6765007A5F696D706C5F7370695F60
:103040007472616E736365697665007A5F696D702D
:103050006C5F7370695F72656C65617365007A5F40
:10306000696D706C5F7274635F7365745F74696DB2
:1030700065007A5F696D706C5F7274635F7365740D
:103080005F63616C6962726174696F6E007A5F6917
:103090006D706C5F7274635F6765745F74696D6592
:1030A000007A5F696D706C5F7274635F6765745FEF
:1030B00063616C6962726174696F6E007A5F696DD9
:1030C000706C5F7274635F616C61726D5F73657465
:1030D0005F74696D65007A5F696D706C5F727463AF
:1030E0005F616C61726D5F69735F70656E64696E5C
:1030F00067007A5F696D706C5F7274635F616C61A9
:10310000726D5F6765745F74696D65007A5F696D84
:10311000706C5F7274635F616C61726D5F67657420
:103120005F737570706F727465645F6669656C64F7
:1031300073007A5F696D706C5F72657365745F733D
:103140007461747573007A5F696D706C5F7265731A
:1031500065745F6C696E655F746F67676C65007A34
:103160005F696D706C5F72657365745F6C696E65C5
:103170005F6465617373657274007A5F696D706C0A
:103180005F72657365745F6C696E655F61737365AB
:103190007274007A5F696D706C5F70776D5F7365D4
:1031A000745F6379636C6573007A5F696D706C5FDF
:1031B00070776D5F6765745F6379636C65735F706B
:1031C00065725F736563007A5F696D706C5F7077BD
:1031D0006D5F656E61626C655F6361707475726569
:1031E000007A5F696D706C5F70776D5F64697361A1
:1031F000626C655F63617074757265007A5F696D9A
:10320000706C5F70776D5F636170747572655F631A
:1032100079636C6573007A5F696D706C5F6C6F6762
:103220005F70726F63657373007A5F696D706C5F56
:103230006C6F675F70616E6963007A5F696D706C57
:103240005F6C6F675F66726F6E74656E645F6669F0
:103250006C7465725F736574007A5F696D706C5F22
:103260006C6F675F66696C7465725F736574007A12
:103270005F696D706C5F6C6F675F627566666572C3
:1032800065645F636E74007A5F696D706C5F6C6C0F
:103290006578745F6765745F666E5F7461626C65A4
:1032A000007A5F696D706C5F6B5F7969656C640053
:1032B0007A5F696D706C5F6B5F77616B65757000CD
:1032C0007A5F696D706C5F6B5F75736C65657000BC
:1032D0007A5F696D706C5F6B5F757074696D655F47
:1032E0007469636B73007A5F696D706C5F6B5F7498
:1032F000696D65725F757365725F646174615F7338
:103300006574007A5F696D706C5F6B5F74696D6581
:10331000725F757365725F646174615F6765740085
:103320007A5F696D706C5F6B5F74696D65725F73F6
:10333000746F70007A5F696D706C5F6B5F74696D3C
:1033400065725F7374617475735F73796E63007A0D
:103350005F696D706C5F6B5F74696D65725F7374CC
:10336000617475735F676574007A5F696D706C5F17
:103370006B5F74696D65725F7374617274007A5FFC
:10338000696D706C5F6B5F74696D65725F72656D9E
:1033900061696E696E675F7469636B73007A5F69F8
:1033A0006D706C5F6B5F74696D65725F6578706975
:1033B0007265735F7469636B73007A5F696D706CBB
:1033C0005F6B5F7468726561645F74696D656F756A
:1033D000745F72656D61696E696E675F7469636B56
:1033E00073007A5F696D706C5F6B5F7468726561A2
:1033F000645F74696D656F75745F65787069726517
:10340000735F7469636B73007A5F696D706C5F6B77
:103410005F7468726561645F73757370656E640074
:103420007A5F696D706C5F6B5F7468726561645F11
:10343000737461636B5F73706163655F676574006C
:103440007A5F696D706C5F6B5F7468726561645FF1
:10345000737461636B5F66726565007A5F696D7036
:103460006C5F6B5F7468726561645F737461636BDA
:103470005F616C6C6F63007A5F696D706C5F6B5F2E
:103480007468726561645F726573756D65007A5FFB
:10349000696D706C5F6B5F7468726561645F707298
:1034A000696F726974795F736574007A5F696D70B2
:1034B0006C5F6B5F7468726561645F7072696F7274
:1034C0006974795F676574007A5F696D706C5F6BB2
:1034D0005F7468726561645F6E616D655F7365746A
:1034E000007A5F696D706C5F6B5F746872656164B0
:1034F0005F6E616D655F636F7079007A5F696D7093
:103500006C5F6B5F7468726561645F6A6F696E009F
:103510007A5F696D706C5F6B5F7468726561645F20
:10352000646561646C696E655F736574007A5F6978
:103530006D706C5F6B5F7468726561645F637573F7
:10354000746F6D5F646174615F736574007A5F6945
:103550006D706C5F6B5F7468726561645F637573D7
:10356000746F6D5F646174615F676574007A5F6931
:103570006D706C5F6B5F7468726561645F637265C8
:10358000617465007A5F696D706C5F6B5F746872FF
:103590006561645F61626F7274007A5F696D706CFF
:1035A0005F6B5F7374725F6F7574007A5F696D70C3
:1035B0006C5F6B5F737461636B5F70757368007AC7
:1035C0005F696D706C5F6B5F737461636B5F706F6D
:1035D00070007A5F696D706C5F6B5F737461636BB1
:1035E0005F616C6C6F635F696E6974007A5F696DAF
:1035F000706C5F6B5F736C656570007A5F696D708E
:103600006C5F6B5F73656D5F74616B65007A5F699A
:103610006D706C5F6B5F73656D5F72657365740071
:103620007A5F696D706C5F6B5F73656D5F696E6902
:1036300074007A5F696D706C5F6B5F73656D5F6757
:10364000697665007A5F696D706C5F6B5F73656D3D
:103650005F636F756E745F676574007A5F696D7024
:103660006C5F6B5F73636865645F63757272656ED0
:10367000745F7468726561645F7175657279007AF0
:103680005F696D706C5F6B5F7265736368656475AD
:103690006C65007A5F696D706C5F6B5F71756575E5
:1036A000655F7065656B5F7461696C007A5F696DF9
:1036B000706C5F6B5F71756575655F7065656B5F7D
:1036C00068656164007A5F696D706C5F6B5F7175CE
:1036D0006575655F69735F656D707479007A5F69A0
:1036E0006D706C5F6B5F71756575655F696E697430
:1036F000007A5F696D706C5F6B5F71756575655F92
:10370000676574007A5F696D706C5F6B5F7175657A
:1037100075655F63616E63656C5F77616974007A7C
:103720005F696D706C5F6B5F71756575655F616C0E
:103730006C6F635F70726570656E64007A5F696D4F
:10374000706C5F6B5F71756575655F616C6C6F63E5
:103750005F617070656E64007A5F696D706C5F6B3D
:103760005F706F6C6C5F7369676E616C5F726573BD
:103770006574007A5F696D706C5F6B5F706F6C6C05
:103780005F7369676E616C5F7261697365007A5F10
:10379000696D706C5F6B5F706F6C6C5F7369676E87
:1037A000616C5F696E6974007A5F696D706C5F6BE4
:1037B0005F706F6C6C5F7369676E616C5F63686587
:1037C000636B007A5F696D706C5F6B5F706F6C6CC0
:1037D000007A5F696D706C5F6B5F706970655F77B1
:1037E000726974655F617661696C007A5F696D709A
:1037F0006C5F6B5F706970655F7772697465007A82
:103800005F696D706C5F6B5F706970655F72657327
:103810006574007A5F696D706C5F6B5F706970656D
:103820005F726561645F617661696C007A5F696D82
:10383000706C5F6B5F706970655F72656164007A60
:103840005F696D706C5F6B5F706970655F707574D8
:10385000007A5F696D706C5F6B5F706970655F693E
:103860006E6974007A5F696D706C5F6B5F70697010
:10387000655F676574007A5F696D706C5F6B5F7020
:103880006970655F666C757368007A5F696D706CEE
:103890005F6B5F706970655F636C6F7365007A5F03
:1038A000696D706C5F6B5F706970655F627566668D
:1038B00065725F666C757368007A5F696D706C5FC6
:1038C0006B5F706970655F616C6C6F635F696E6977
:1038D00074007A5F696D706C5F6B5F6F626A6563BD
:1038E000745F72656C65617365007A5F696D706C99
:1038F0005F6B5F6F626A6563745F616C6C6F635F5F
:1039000073697A65007A5F696D706C5F6B5F6F6277
:103910006A6563745F616C6C6F63007A5F696D7078
:103920006C5F6B5F6F626A6563745F61636365732D
:10393000735F6772616E74007A5F696D706C5F6B44
:103940005F6D757465785F756E6C6F636B007A5F21
:10395000696D706C5F6B5F6D757465785F6C6F63BC
:103960006B007A5F696D706C5F6B5F6D7574657805
:103970005F696E6974007A5F696D706C5F6B5F6D13
:103980007367715F707574007A5F696D706C5F6BDF
:103990005F6D7367715F7075726765007A5F696DDF
:1039A000706C5F6B5F6D7367715F7065656B5F6196
:1039B00074007A5F696D706C5F6B5F6D7367715FC8
:1039C0007065656B007A5F696D706C5F6B5F6D73BE
:1039D00067715F6E756D5F757365645F67657400B1
:1039E0007A5F696D706C5F6B5F6D7367715F6E7529
:1039F0006D5F667265655F676574007A5F696D709B
:103A00006C5F6B5F6D7367715F6765745F61747422
:103A10007273007A5F696D706C5F6B5F6D73677155
:103A20005F676574007A5F696D706C5F6B5F6D7363
:103A300067715F616C6C6F635F696E6974007A5F58
:103A4000696D706C5F6B5F69735F707265656D70D7
:103A5000745F746872656164007A5F696D706C5F31
:103A60006B5F66757465785F77616B65007A5F6917
:103A70006D706C5F6B5F66757465785F7761697494
:103A8000007A5F696D706C5F6B5F666C6F61745F0D
:103A9000656E61626C65007A5F696D706C5F6B5F0B
:103AA000666C6F61745F64697361626C65007A5FF4
:103AB000696D706C5F6B5F6576656E745F77616969
:103AC000745F616C6C007A5F696D706C5F6B5F65D1
:103AD00076656E745F77616974007A5F696D706C8A
:103AE0005F6B5F6576656E745F7365745F6D617340
:103AF0006B6564007A5F696D706C5F6B5F6576659E
:103B00006E745F736574007A5F696D706C5F6B5F74
:103B10006576656E745F706F7374007A5F696D703F
:103B20006C5F6B5F6576656E745F696E6974007A51
:103B30005F696D706C5F6B5F6576656E745F636CFB
:103B4000656172007A5F696D706C5F6B5F636F6E49
:103B5000647661725F77616974007A5F696D706C19
:103B60005F6B5F636F6E647661725F7369676E61CE
:103B70006C007A5F696D706C5F6B5F636F6E64760B
:103B800061725F696E6974007A5F696D706C5F6BFA
:103B90005F636F6E647661725F62726F61646361AE
:103BA0007374007A5F696D706C5F6B5F62757379B7
:103BB0005F77616974007A5F696D706C5F69326309
:103BC0005F7472616E73666572007A5F696D706CA6
:103BD0005F6932635F7461726765745F647269768E
:103BE00065725F756E7265676973746572007A5F7E
:103BF000696D706C5F6932635F7461726765745F71
:103C00006472697665725F72656769737465720064
:103C10007A5F696D706C5F6932635F7265636F763E
:103C200065725F627573007A5F696D706C5F69328F
:103C3000635F6765745F636F6E666967007A5F696B
:103C40006D706C5F6932635F636F6E666967757212
:103C500065007A5F696D706C5F6770696F5F706F28
:103C600072745F746F67676C655F62697473007A02
:103C70005F696D706C5F6770696F5F706F72745FA2
:103C80007365745F6D61736B65645F726177007AF1
:103C90005F696D706C5F6770696F5F706F72745F82
:103CA0007365745F626974735F726177007A5F69CC
:103CB0006D706C5F6770696F5F706F72745F67655E
:103CC000745F726177007A5F696D706C5F677069AD
:103CD0006F5F706F72745F6765745F64697265634C
:103CE00074696F6E007A5F696D706C5F6770696F81
:103CF0005F706F72745F636C6561725F6269747329
:103D00005F726177007A5F696D706C5F6770696F71
:103D10005F70696E5F696E746572727570745F63EF
:103D20006F6E666967757265007A5F696D706C5F4A
:103D30006770696F5F70696E5F6765745F636F6EF0
:103D4000666967007A5F696D706C5F6770696F5F45
:103D500070696E5F636F6E666967757265007A5F22
:103D6000696D706C5F6770696F5F6765745F7065C0
:103D70006E64696E675F696E74007A5F696D706CFE
:103D80005F666C6173685F7772697465007A5F69FA
:103D90006D706C5F666C6173685F736664705F7290
:103DA000656164007A5F696D706C5F666C617368F1
:103DB0005F726561645F6A656465635F6964007A08
:103DC0005F696D706C5F666C6173685F726561647A
:103DD000007A5F696D706C5F666C6173685F6765C0
:103DE000745F77726974655F626C6F636B5F736930
:103DF0007A65007A5F696D706C5F666C6173685F8D
:103E00006765745F73697A65007A5F696D706C5F6E
:103E1000666C6173685F6765745F706172616D6520
:103E200074657273007A5F696D706C5F666C617344
:103E3000685F6765745F706167655F696E666F5F15
:103E400062795F6F666673007A5F696D706C5F663A
:103E50006C6173685F6765745F706167655F696EE9
:103E6000666F5F62795F696478007A5F696D706C14
:103E70005F666C6173685F6765745F706167655FDB
:103E8000636F756E74007A5F696D706C5F666C61EC
:103E900073685F666C617474656E007A5F696D70DB
:103EA0006C5F666C6173685F66696C6C007A5F69F1
:103EB0006D706C5F666C6173685F65785F6F7000D2
:103EC0007A5F696D706C5F666C6173685F65726163
:103ED0007365007A5F696D706C5F666C6173685FB3
:103EE000636F7079007A5F696D706C5F656E747274
:103EF0006F70795F6765745F656E74726F7079005B
:103F00007A5F696D706C5F646D615F737573706506
:103F10006E64007A5F696D706C5F646D615F73746D
:103F20006F70007A5F696D706C5F646D615F737450
:103F3000617274007A5F696D706C5F646D615F724D
:103F40006573756D65007A5F696D706C5F646D6136
:103F50005F726571756573745F6368616E6E656CC1
:103F6000007A5F696D706C5F646D615F72656C652E
:103F70006173655F6368616E6E656C007A5F696D21
:103F8000706C5F646D615F6368616E5F66696C74BD
:103F90006572007A5F696D706C5F646576696365F0
:103FA0005F69735F7265616479007A5F696D706CD7
:103FB0005F6465766963655F696E6974007A5F69DD
:103FC0006D706C5F6465766963655F6765745F6279
:103FD000795F64745F6E6F64656C6162656C007AB2
:103FE0005F696D706C5F6465766963655F67657452
:103FF0005F62696E64696E67007A5F696D706C5F9D
:104000006465766963655F6465696E6974007A5F8B
:10401000696D706C5F6461635F77726974655F7608
:10402000616C7565007A5F696D706C5F6461635F78
:104030006368616E6E656C5F7365747570007A5F3E
:10404000696D706C5F636F756E7465725F75735FB9
:10405000746F5F7469636B73007A5F696D706C5F16
:10406000636F756E7465725F7469636B735F746F91
:104070005F7573007A5F696D706C5F636F756E74E6
:1040800065725F73746F70007A5F696D706C5F63E7
:104090006F756E7465725F7374617274007A5F69B4
:1040A0006D706C5F636F756E7465725F7365745F5E
:1040B000746F705F76616C7565007A5F696D706CA6
:1040C0005F636F756E7465725F7365745F6775614A
:1040D00072645F706572696F64007A5F696D706C9D
:1040E0005F636F756E7465725F7365745F6368613B
:1040F0006E6E656C5F616C61726D007A5F696D7088
:104100006C5F636F756E7465725F72657365740062
:104110007A5F696D706C5F636F756E7465725F69ED
:10412000735F636F756E74696E675F7570007A5F39
:10413000696D706C5F636F756E7465725F676574CF
:104140005F76616C75655F3634007A5F696D706C9F
:104150005F636F756E7465725F6765745F76616CBF
:104160007565007A5F696D706C5F636F756E7465FD
:10417000725F6765745F746F705F76616C75650000
:104180007A5F696D706C5F636F756E7465725F677F
:1041900065745F70656E64696E675F696E74007ADE
:1041A0005F696D706C5F636F756E7465725F676574
:1041B000745F6E756D5F6F665F6368616E6E656C70
:1041C00073007A5F696D706C5F636F756E74657292
:1041D0005F6765745F6D61785F746F705F76616C47
:1041E0007565007A5F696D706C5F636F756E74657D
:1041F000725F6765745F67756172645F706572692D
:104200006F64007A5F696D706C5F636F756E746563
:10421000725F6765745F6672657175656E6379005C
:104220007A5F696D706C5F636F756E7465725F63E2
:10423000616E63656C5F6368616E6E656C5F616C17
:1042400061726D007A5F696D706C5F63616E5F7340
:10425000746F70007A5F696D706C5F63616E5F731D
:10426000746174735F6765745F73747566665F65A8
:1042700072726F7273007A5F696D706C5F63616EEA
:104280005F73746174735F6765745F72785F6F7674
:10429000657272756E73007A5F696D706C5F6361D1
:1042A0006E5F73746174735F6765745F666F726D60
:1042B0005F6572726F7273007A5F696D706C5F63B5
:1042C000616E5F73746174735F6765745F6372635B
:1042D0005F6572726F7273007A5F696D706C5F6395
:1042E000616E5F73746174735F6765745F62697434
:1042F0005F6572726F7273007A5F696D706C5F6375
:10430000616E5F73746174735F6765745F62697413
:10431000315F6572726F7273007A5F696D706C5F86
:1043200063616E5F73746174735F6765745F626904
:1043300074305F6572726F7273007A5F696D706C52
:104340005F63616E5F73746174735F6765745F61EF
:10435000636B5F6572726F7273007A5F696D706C08
:104360005F63616E5F7374617274007A5F696D7010
:104370006C5F63616E5F7365745F74696D696E67AE
:104380005F64617461007A5F696D706C5F63616E18
:104390005F7365745F74696D696E67007A5F696DDC
:1043A000706C5F63616E5F7365745F6D6F646500F1
:1043B0007A5F696D706C5F63616E5F7365745F6275
:1043C0006974726174655F64617461007A5F696DBC
:1043D000706C5F63616E5F7365745F626974726154
:1043E0007465007A5F696D706C5F63616E5F7365A1
:1043F0006E64007A5F696D706C5F63616E5F726599
:104400006D6F76655F72785F66696C746572007A4D
:104410005F696D706C5F63616E5F7265636F766517
:1044200072007A5F696D706C5F63616E5F6765745F
:104430005F7472616E73636569766572007A5F6935
:104440006D706C5F63616E5F6765745F74696D69E1
:104450006E675F6D696E007A5F696D706C5F636136
:104460006E5F6765745F74696D696E675F6D6178B3
:10447000007A5F696D706C5F63616E5F6765745F22
:1044800074696D696E675F646174615F6D696E0008
:104490007A5F696D706C5F63616E5F6765745F748E
:1044A000696D696E675F646174615F6D6178007AE0
:1044B0005F696D706C5F63616E5F6765745F737475
:1044C000617465007A5F696D706C5F63616E5F67D0
:1044D00065745F6D6F6465007A5F696D706C5F63B2
:1044E000616E5F6765745F6D61785F66696C746546
:1044F0007273007A5F696D706C5F63616E5F676590
:10450000745F636F72655F636C6F636B007A5F6982
:104510006D706C5F63616E5F6765745F636170612E
:1045200062696C6974696573007A5F696D706C5F4C
:1045300063616E5F6765745F626974726174655F01
:104540006D696E007A5F696D706C5F63616E5F6745
:1045500065745F626974726174655F6D6178007A19
:104560005F696D706C5F63616E5F63616C635F74E4
:10457000696D696E675F64617461007A5F696D700F
:104580006C5F63616E5F63616C635F74696D696EBC
:1045900067007A5F696D706C5F63616E5F61646410
:1045A0005F72785F66696C7465725F6D73677100C6
:1045B0007A5F696D706C5F6164635F726561645F8F
:1045C0006173796E63007A5F696D706C5F616463BB
:1045D0005F72656164007A5F696D706C5F616463CE
:1045E0005F6368616E6E656C5F73657475700025DE
:1045F000732066756E6374696F6E202569202825A7
:104600007029206F757473696465207465787420EF
:10461000726567696F6E006272696E6775700074AB
:10462000656172646F776E006C6C6578745F667339
:104630005F6C6F61646572000F010E010D010C016A
:104640000B010A0109010801070106010501040126
:1046500003010201010100015F5F64657669636522
:104660005F6474735F6F72645F31343600696E74B7
:104670006572727570742D636F6E74726F6C6C6599
:10468000724034363032323030300044696666650C
:1046900072656E7469616C206368616E6E656C73BF
:1046A00020617265206E6F7420737570706F727404
:1046B000656400496E76616C6964206368616E6E42
:1046C000656C206761696E00496E76616C69642073
:1046D0006368616E6E656C207265666572656E6397
:1046E000650053616D706C696E672074696D65203B
:1046F00076616C7565206E6F7420737570706F7263
:104700007465642E004E756D626572206F6620635D
:104710006F6D6D6F6E2073616D706C696E67207464
:10472000696D65206368616E6E656C73206E6F7471
:1047300020737570706F7274656400496E76616C79
:1047400069642073616D706C696E672074696D6552
:1047500000414443206F76657272756E20657272F7
:104760006F72206F636375727265642E2055736576
:1047700020444D412C2072656475636520636C6F25
:10478000636B20736F757263652066726571756502
:104790006E63792C20696E63726561736520707237
:1047A000657363616C65722076616C7565206F72EC
:1047B00020696E6372656173652073616D706C69E9
:1047C0006E672074696D65732E0041444320636CED
:1047D0006F636B2072617465206765742065727207
:1047E0006F722E0041444320436C6F636B207261F3
:1047F0007465206E756C6C004144432070696E6373
:1048000074726C207365747570206661696C656480
:104810002028256429004E6F206368616E6E656CE8
:10482000732073656C656374656400546F6F206DED
:10483000616E79206368616E6E656C7320666F725D
:104840002073657175656E6365722E204D61783ACF
:1048500020256400496E76616C6964207265736F0F
:104860006C7574696F6E0050726F76696465642050
:1048700062756666657220697320746F6F20736D50
:10488000616C6C202825752F25752900496E76618D
:104890006C6964206F76657273616D706C696E67A8
:1048A000005F5F6465766963655F6474735F6F72F0
:1048B000645F313700616463403432303238303005
:1048C00030006164635F73746D33320063616368E9
:1048D000655F73746D3332004D73677120257020EE
:1048E0006F766572666C6F7765642E204672616DB7
:1048F000652049443A203078257800657874656EE3
:10490000646564007374616E6461726400696E76DC
:10491000616C6964206672616D65207769746820D6
:104920002573202825642D626974292043414E2077
:10493000494420307825302A7800696E76616C69A8
:10494000642066696C7465722077697468202573C9
:10495000202825642D626974292043414E20494452
:1049600020307825302A782C2043414E204944209D
:104970006D61736B20307825302A780063616E5F3B
:10498000636F6D6D6F6E006661696C656420746F36
:104990002072656164207265672030782530337835
:1049A000202865727220256429006661696C65643F
:1049B00020746F2077726974652072656720307883
:1049C00025303378202865727220256429006661BD
:1049D000696C656420746F20726561642052782070
:1049E0004649464F20686561646572202865727289
:1049F00020256429006661696C656420746F2072EB
:104A0000656164205278204649464F206461746194
:104A1000202865727220256429004672616D652028
:104A2000697320746F6F20626967006661696C65E5
:104A30006420746F20656E61626C652043414E2076
:104A40007472616E7363656976657220286572722F
:104A500020256429006661696C656420746F206C90
:104A60006561766520696E6974206D6F64652028C4
:104A70006572722025642900756E737570706F728F
:104A8000746564206D6F64653A203078253038781D
:104A9000004D657373616765206C6F7374206F6E72
:104AA000204649464F30004D657373616765206C41
:104AB0006F7374206F6E204649464F3100666169FE
:104AC0006C656420746F2072656164207478206561
:104AD00076656E74206669666F202865727220257F
:104AE0006429005458204649464F20656C656D6521
:104AF0006E74206C6F73740041636365737320740C
:104B00006F20726573657276656420616464726596
:104B10007373004D6573736167652052414D206169
:104B20006363657373206661696C75726500756E89
:104B3000737570706F727465642043414E206672A5
:104B4000616D6520666C616773203078253032783E
:104B50000043414E20464420666F726D6174206EA2
:104B60006F7420737570706F7274656420696E2045
:104B70006E6F6E2D4644206D6F64650064617461D4
:104B8000206C656E6774682028257A7529203E2080
:104B90006D6178206672616D652064617461206C5E
:104BA000656E6774682028257A752900444C432077
:104BB0006F6620256420666F722043414E20464474
:104BC00020666F726D6174206672616D6500444C81
:104BD00043206F6620256420666F72206E6F6E2DF5
:104BE000464420666F726D6174206672616D650067
:104BF0006661696C656420746F20777269746520E2
:104C000054782042756666657220686561646572D5
:104C1000202865727220256429006661696C6564CC
:104C200020746F207772697465205478204275660D
:104C30006665722064617461202865727220256443
:104C400029006661696C656420746F2077726974ED
:104C500065207374642066696C74657220656C6588
:104C60006D656E74202865727220256429004E6F70
:104C70002066726565207374616E64617264206978
:104C8000642066696C746572206C65667400756E6C
:104C9000737570706F727465642043414E2066694D
:104CA0006C74657220666C616773203078253032D1
:104CB00078004E6F206672656520657874656E6455
:104CC00065642069642066696C746572206C656631
:104CD000740066696C746572204944202564206FF5
:104CE0007574206F6620626F756E6473006661690B
:104CF0006C656420746F20636C65617220657874E4
:104D00002066696C74657220656C656D656E7420D3
:104D10002865727220256429006661696C656420CB
:104D2000746F20636C656172207374642066696CB3
:104D300074657220656C656D656E7420286572728D
:104D400020256429004661696C656420746F2065C4
:104D50006E74657220696E6974206D6F646500669B
:104D600061696C656420746F2064697361626C654D
:104D70002043414E207472616E736365697665727B
:104D8000202865727220256429004661696C65647B
:104D900020746F206578697420736C656570206D70
:104DA0006F64650043414E207472616E7363656980
:104DB000766572206E6F742072656164790043615C
:104DC0006E27742066696E642074696D696E672051
:104DD000666F7220676976656E20706172616D0022
:104DE00043616E27742066696E642074696D696E14
:104DF0006720666F7220676976656E2064617461F2
:104E0000706861736520706172616D006661696CC4
:104E1000656420746F207365742074696D696E67B2
:104E2000202865727220256429006661696C6564BA
:104E300020746F20736574206461746120706861F0
:104E400073652074696D696E67202865727220250C
:104E50006429000001020304050607080C10141859
:104E600020304063616E5F6D63616E0043414E2090
:104E700070696E6374726C207365747570206661FE
:104E8000696C6564202825642900436F756C642073
:104E90006E6F742073656C6563742063616E5F73FD
:104EA000746D3332666420646F6D61696E20636C6B
:104EB0006F636B00436F756C64206E6F7420747544
:104EC000726E206F6E2043414E20636C6F636B20C7
:104ED00028256429004661696C65642063616C6CF7
:104EE00020636C6F636B5F636F6E74726F6C5F6770
:104EF00065745F726174652870636C6B5B315D29EA
:104F0000004661696C65642063616C6C20636C6F42
:104F1000636B5F636F6E74726F6C5F6765745F72F3
:104F20006174652870636C6B5B305D29005F5F6442
:104F300065766963655F6474735F6F72645F35354E
:104F40000063616E40343030306134303000636172
:104F50006E5F73746D33326664005F5F646576699B
:104F600063655F6474735F6F72645F313433006DC7
:104F7000636F31005F5F6465766963655F64747356
:104F80005F6F72645F390072636340343630323071
:104F900063303000436F756C64206E6F7420696EEF
:104FA000697469616C697A6520636C6F636B202832
:104FB00025642900436F756C64206E6F74206F62E6
:104FC0007461696E2074696D657220636C6F636BC8
:104FD000202825642900726573657420636F6E74E0
:104FE000726F6C6C6572206E6F742072656164798B
:104FF00000436F756C64206E6F7420696E6974690C
:10500000616C697A652074696D6572005F5F6465C3
:10501000766963655F6474735F6F72645F323133A6
:10502000004C45445F4D41545249585F434F554EE3
:10503000544552005F5F6465766963655F647473AD
:105040005F6F72645F32313000534552564F5F4399
:105050004F554E54455200636F756E7465725F74A0
:10506000696D65725F73746D3332004368616E6E93
:10507000656C202564206973206E6F742076616CE6
:105080006964005265736F6C7574696F6E206E6F22
:105090007420737570706F727465640056616C75FE
:1050A00065202564206973206F7574206F662072F7
:1050B000616E6765004441432070696E6374726C71
:1050C000207365747570206661696C65642028259D
:1050D0006429005F5F6465766963655F6474735F0C
:1050E0006F72645F3538006461634034363032314A
:1050F000383030006461635F73746D333200636C09
:105100006F636B206F70206661696C65640A007460
:10511000633A2025642C2068743A2025642C20648E
:1051200074653A2025642C20756C653A2025642C22
:10513000207573653A202564005472616E7366654C
:1051400072204572726F722E0063616E6E6F7420F2
:10515000636F6E6669677572652074686520646D3B
:10516000612073747265616D2025642E00646D6129
:105170002073747265616D202564206973206275E7
:1051800073792E00636F756C64206E6F7420646990
:105190007361626C6520646D612073747265616D0A
:1051A0002025642E00446174612073697A6520743F
:1051B0006F6F206269673A2025640A00736F757209
:1051C000636520616E64206465737420646174613A
:1051D0002073697A65206469666665722E00736F54
:1051E0007572636520616E64206465737420756EEA
:1051F00069742073697A65206572726F722C20253C
:105200006400736F757263655F62756666657220B0
:1052100061646472657373206973206E756C6C2EA3
:1052200000646573745F62756666657220616464AC
:1052300072657373206973206E756C6C2E005072EA
:10524000696F72697479206572726F722E2025649D
:1052500000446972656374696F6E206572726F7263
:105260002E202564004D656D6F727920696E637222
:10527000656D656E74206572726F722E20256400F4
:1052800050657269706820696E6372656D656E74D1
:10529000206572726F722E202564005F5F646576F0
:1052A0006963655F6474735F6F72645F3135340086
:1052B000646D6140343030323030303000646D61C4
:1052C0005F73746D3332005F5F6465766963655F39
:1052D0006474735F6F72645F31353200726E674061
:1052E000343230633038303000526561642072618E
:1052F0006E676520696E76616C69642E204F666604
:105300007365743A20256C642C206C656E3A2025F8
:105310007A750054696D656F7574212076616C3AF9
:10532000202564206D730045726173652072616E83
:10533000676520696E76616C69642E204F666673BE
:1053400065743A20256C642C206C656E3A20257AB1
:10535000750057726974652072616E676520696EA9
:1053600076616C69642E204F66667365743A2025F9
:105370006C642C206C656E3A20257A75005F5F6442
:1053800065766963655F6474735F6F72645F3138FB
:105390003000666C6173682D636F6E74726F6C6C35
:1053A000657240343030323230303000666C6173B8
:1053B000685F73746D3332004E534352206C6F63D9
:1053C0006B65640A004F666673657420256420640B
:1053D0006F6573206E6F7420657869737400576F02
:1053E0007264206174206F66667320256C64206E81
:1053F0006F742065726173656400666C6173685FC9
:1054000073746D33326C35005F5F64657669636514
:105410005F6474735F6F72645F3630006770696FCA
:10542000403432303232303030005F5F646576694C
:1054300063655F6474735F6F72645F3839006770AF
:10544000696F403432303231633030005F5F646501
:10545000766963655F6474735F6F72645F38380088
:105460006770696F403432303231383030005F5FFE
:105470006465766963655F6474735F6F72645F35DA
:1054800039006770696F4034323032313430300067
:105490005F5F6465766963655F6474735F6F726490
:1054A0005F3837006770696F4034323032313030E6
:1054B00030005F5F6465766963655F6474735F6F16
:1054C00072645F3836006770696F40343230323052
:1054D000633030005F5F6465766963655F64747331
:1054E0005F6F72645F3835006770696F40343230C7
:1054F0003230383030005F5F6465766963655F64C1
:1055000074735F6F72645F3834006770696F403422
:1055100032303230343030005F5F64657669636505
:105520005F6474735F6F72645F3833006770696FB4
:10553000403432303230303030006932630049322A
:105540004320636F6E74726F6C6C6572206E6F7443
:1055500020636F6E666967757265640025733A2013
:10556000696E76616C6964206D6F646520256900E1
:105570004661696C65642063616C6C20636C6F6369
:105580006B5F636F6E74726F6C5F6765745F72617F
:1055900074652870636C6B656E5B305D2900496EC5
:1055A00076616C69642049324320626974207261BB
:1055B00074652076616C7565006932633A206661B6
:1055C000696C75726520696E697469616C697A6964
:1055D0006E67005F5F6465766963655F6474735FBF
:1055E0006F72645F33350069326340343030303875
:1055F000343030005F5F6465766963655F6474733F
:105600005F6F72645F323900693263403436303024
:1056100032383030005F5F6465766963655F64745B
:10562000735F6F72645F32350069326340343030CB
:105630003035383030006932635F6C6C5F73746D85
:105640003332004932432070696E6374726C207388
:1056500065747570206661696C656420282564290D
:10566000006932633A206661696C75726520656E07
:1056700061626C696E6720636C6F636B0069326393
:105680005F6C6C5F73746D33325F636F6D6D6F6EE3
:10569000004572726F7220636F6E74696E75696E09
:1056A000672072656164696E67004572726F72206F
:1056B000696E6974696174696E672077726974696B
:1056C0006E67004572726F7220696E6974696174E9
:1056D000696E672072656164696E67006932633A5A
:1056E0002073706565642061626F76652022666153
:1056F000737422207265717569726573206D616EB5
:1057000075616C2074696D696E6720636F6E666980
:105710006775726174696F6E2C20736565202274E1
:10572000696D696E6773222070726F70657274792B
:10573000206F662073742C73746D33322D6932635D
:105740002D763220646576696365747265652062C2
:10575000696E64696E67004932433A6661696C65D7
:105760006420746F2066696E642070726573636173
:105770006C65722076616C7565006932635F6C6C74
:105780005F73746D33325F763200496E76616C6997
:1057900064206368616E6E656C202825642900436F
:1057A000616E6E6F74207365742050574D206F7555
:1057B000747075742C2076616C75652065786365EE
:1057C0006564732031362D6269742074696D657269
:1057D000206C696D69742E004368616E6E656C2083
:1057E000256420686173204E4F20636F6D706C6577
:1057F0006D656E74617279206F7574707574004395
:105800006F756C64206E6F7420696E697469616C69
:10581000697A652074696D6572206368616E6E6572
:105820006C206F75747075740050574D2070696EE0
:105830006374726C207365747570206661696C6541
:10584000642028256429005F5F6465766963655F6D
:105850006474735F6F72645F3131370070776D000D
:105860005F5F6465766963655F6474735F6F7264BC
:105870005F313038005F5F6465766963655F6474CB
:10588000735F6F72645F313033005F5F64657669A8
:1058900063655F6474735F6F72645F3939005F5F63
:1058A0006465766963655F6474735F6F72645F39A2
:1058B00034005F5F6465766963655F6474735F6F0E
:1058C00072645F3131340070776D5F73746D3332A1
:1058D0000000020406080A0C0E1014000008000064
:1058E0000008000008000000000404040438385FC9
:1058F0005F6465766963655F6474735F6F72645F2C
:1059000036330072657365742D636F6E74726F6CDD
:105910006C6572004E554C4C20706F696E746572E8
:1059200000696E76616C696420616C61726D2049FA
:1059300044202564004E554C4C206D61736B2070E3
:105940006F696E746572004E554C4C207274635FC3
:1059500074696D6520706F696E74657200636C6F39
:10596000636B20636F6E6669677572652066616937
:105970006C65640A00756E737570706F727465641F
:1059800020616C61726D202564206669656C6420FD
:105990006D61736B203078253034780074696D65E3
:1059A00070747220697320696E76616C696400435B
:1059B0006F756C64206E6F7420696E697469616CB8
:1059C000697A6520416C61726D202564005F5F64B7
:1059D00065766963655F6474735F6F72645F3135A8
:1059E00033007274634034363030373830300072F0
:1059F00074635F73746D333200556E61626C652041
:105A0000746F2073657420257320746F20256400E3
:105A1000436F756C64206E6F7420656E61626C6597
:105A200020284C50295541525420636C6F636B0001
:105A3000257320646F6573206E6F742073757070AA
:105A40006F72742064726976657220656E61626C33
:105A500065005F5F6465766963655F6474735F6F3B
:105A600072645F36390073657269616C4034363038
:105A70003032343030005F5F6465766963655F643F
:105A800074735F6F72645F36340073657269616C42
:105A900040343030313338303000756172745F73A8
:105AA000746D33320025733A206572723D256400AF
:105AB000436F756C64206E6F7420656E61626C65F7
:105AC0002053504920636C6F636B00535049207022
:105AD000696E6374726C2073657475702066616999
:105AE0006C65642028256429004353204750494FA2
:105AF00020706F72742025732070696E20256420D9
:105B00006973206E6F7420726561647900556E73DD
:105B10007570706F72746564206672657175656EFC
:105B20006379202575487A2C206D61782025754889
:105B30007A2C206D696E202575487A0054696D6550
:105B40006F75742077616974696E6720666F722063
:105B50007472616E7366657220636F6D706C6574CC
:105B600065007370695F73746D33325F6765745F6E
:105B7000657272005F5F6465766963655F64747304
:105B80005F6F72645F383200737069403436303052
:105B900032303030005F5F6465766963655F6474DE
:105BA000735F6F72645F37370073706940343030F1
:105BB0003033383030007370695F6C6C5F73746DB4
:105BC0003332007379735F636C6F636B5F63796308
:105BD0006C655F6765745F3634000000000000008C
:105BE000000001020304060708092A2A2A20426F3E
:105BF0006F74696E67205A6570687972204F532000
:105C00006275696C642076342E322E302D34362D38
:105C100067623334626364626333663966202A2ABA
:105C20002A0A0048616C74696E6720737973746521
:105C30006D00556E6B6E6F776E206572726F7200BD
:105C4000756E6B6E6F776E003E3E3E205A45504833
:105C5000595220464154414C204552524F52202522
:105C6000643A202573206F6E204350552025640030
:105C70004661756C7420647572696E6720696E7414
:105C80006572727570742068616E646C696E670A03
:105C90000043757272656E74207468726561643A4F
:105CA00020257020282573290043505520657863EE
:105CB000657074696F6E00556E68616E646C6564C2
:105CC00020696E7465727275707400537461636BD1
:105CD000206F766572666C6F77004B65726E656CCF
:105CE000206F6F7073004B65726E656C2070616E13
:105CF00069630069646C6500617263685F737069F1
:105D00006E5F72656C617800737973776F726B7117
:105D10000064756D6D7900736C656570696E670000
:105D2000646561640073757370656E6465640061B9
:105D3000626F7274696E670073757370656E646903
:105D40006E670071756575656400746964202570FF
:105D500020697320696E2075736521007374616317
:105D60006B202570206973206E6F7420616C6C6FDE
:105D7000636174656421001F1C1F1E1F1E1F1F1EF0
:105D80001F1E1F1F1D1F1E1F1E1F1F1E1F1E1F54F5
:105D90005A00474D54002531315B2D2B302D3941B0
:105DA0002D5A612D7A5D256E002531315B412D5ACA
:105DB000612D7A5D256E004D256875256E2E25684E
:105DC00075256E2E256875256E002F256875256E44
:105DD0003A256875256E3A256875256E00616E0056
:105DE0006E66696E697479006E616E00286E756CFE
:105DF0006C29006364696E6F70737578585B6566B3
:105E00006745464700616E006E66696E6974790089
:105E10000000000000000000000000000000000082
:105E2000AD150108000000000000000000000000A7
:105E30002000002020000020B372010800000000B4
:105E40000000000000000000000000000000000052
:105E50004000002040000020000000000100000081
:105E60005000002050000020580000205800002062
:105E70000000000001000000680000206800002011
:105E80000000000000000000000000000000000012
:105E90000000000000000000000000000000000002
:105EA00000000000000000000000000000000000F2
:105EB00000000000000000000000000000000000E2
:105EC000000000000000000057650108A1690108FA
:105ED000BCCF010800000000F4CF01080000000062
:105EE0004F6F01080000000000000000DC000020EF
:105EF000DC00002000000000000000000E00000098
:105F0000F0000020F0000020000000000000000071
:105F10000E00000000080C4200000000000000001D
:105F20000000000000000000000000000000000071
:105F30000000000000000000000000000000000061
:105F40000000000000000000000000000000000051
:105F50000000000000000000000000000000000041
:105F60000000000000000000000000000000000031
:105F70000000000000000000000000000000000021
:105F8000740100208C00000000000400002002408A
:105F90000000000000000000000000000000000001
:105FA000000000000000000000000000ECB4010848
:105FB0008D0F000000000000ECB40108830E00000B
:105FC00000000000ECB40108820E00000000000098
:105FD000ECB40108810E000000000000ECB40108E0
:105FE000800E000000000000ECB401088B0F0000E0
:105FF00000000000F0010020000000000000000090
:1060000000C201000001030000000000080200209F
:10601000000000000000000000C2010000010300B9
:10602000000000000000000074D80108000000001B
:1060300020020020200200200000000001000000DB
:1060400030020020300200203802002038020020F8
:10605000000000000100000048020020480200206B
:106060000000000000000000000000000000000030
:106070000000000000000000000000000000000020
:106080000000000000000000000000000000000010
:106090000000000000000000000000000000000000
:1060A000D4D80108000000009802002098020020C7
:1060B0000000000001000000A8020020A80200204B
:1060C000B0020020B002002000000000010000002B
:1060D000C0020020C00200200000000000000000FC
:1060E00000000000000000000000000000000000B0
:1060F00000000000000000000000000000000000A0
:10610000000000000000000000000000000000008F
:1061100000093D00C800000008030020080300201B
:106120001003002010030020020000000100000006
:106130004C1E002000000000925D0308925D0308E1
:10614000D81F002003FFFFFFFFFFFFFFFFFFFFFF40
:07615000FFFFFFFFFF02004B
:1061580000000000DD6E010800000000DD6E01088F
:10616800ACB6010809DF000800000000DD6E010878
:1061780000000000DD6E010800000000DD6E01086F
:1061880000000000DD6E010800000000DD6E01085F
:1061980000000000DD6E010800000000DD6E01084F
:1061A80000000000DD6E010856460308018E000855
:1061B80054460308018E000852460308018E000861
:1061C80050460308018E00084E460308018E000859
:1061D8004C460308018E00084A460308018E000851
:1061E80048460308018E000846460308018E000849
:1061F80044460308018E000842460308018E000841
:1062080040460308018E00083E460308018E000838
:106218003C460308018E00083A460308018E000830
:1062280038460308018E000800000000DD6E0108F2
:1062380000000000DD6E01082CB50108297E010868
:106248002CB501082F7E01082CB50108357E010800
:106258002CB501083B7E01082CB50108417E0108D8
:106268002CB50108477E01082CB501084D7E0108B0
:106278002CB50108537E0108000000009D9000081D
:1062880000000000DD6E01080CB9010845A20008F5
:106298000CB901089DA1000800000000DD6E01088E
:1062A80000000000DD6E010800000000DD6E01083E
:1062B80000000000DD6E010800000000DD6E01082E
:1062C80000000000DD6E010800000000DD6E01081E
:1062D80000000000DD6E010800000000DD6E01080E
:1062E80000000000DD6E010800000000DD6E0108FE
:1062F80000000000DD6E010800000000DD6E0108EE
:1063080000000000DD6E010800000000DD6E0108DD
:1063180000000000DD6E0108ECB70108498401089F
:10632800ECB701084D84010800000000DD6E01088B
:10633800ECB80108F5900108ECB601085989010884
:1063480000000000DD6E010800000000DD6E01089D
:1063580000000000DD6E010800000000DD6E01088D
:10636800CCB601085989010800000000DD6E01085B
:1063780000000000DD6E010800000000DD6E01086D
:106388002CB70108B97B01080CB70108B97B0108D3
:1063980000000000DD6E010800000000DD6E01084D
:1063A80000000000DD6E010800000000DD6E01083D
:1063B80000000000DD6E010800000000DD6E01082D
:1063C80000000000DD6E010800000000DD6E01081D
:1063D8002CB50108597E01082CB501085F7E01081B
:1063E8002CB50108657E01082CB501086B7E0108F3
:1063F8002CB50108717E01082CB50108777E0108CB
:106408002CB501087D7E01082CB50108837E0108A2
:10641800CCB7010849840108CCB701084D840108AC
:1064280000000000DD6E010800000000DD6E0108BC
:1064380000000000DD6E010800000000DD6E0108AC
:106448000401002081C4000800000000DD6E01087E
:1064580000000000DD6E010800000000DD6E01088C
:1064680000000000DD6E0108CCB80108F5900108B5
:10647800ACB701084D840108ACB70108498401088C
:1064880000000000DD6E010800000000DD6E01085C
:1064980000000000DD6E010800000000DD6E01084C
:1064A80000000000DD6E010800000000DD6E01083C
:1064B80000000000DD6E010800000000DD6E01082C
:1064C80000000000DD6E010800000000DD6E01081C
:1064D80000000000DD6E010800000000DD6E01080C
:1064E80000000000DD6E010800000000DD6E0108FC
:1064F80000000000DD6E010800000000DD6E0108EC
:1065080000000000DD6E010800000000DD6E0108DB
:1065180000000000DD6E010800000000DD6E0108CB
:1065280000000000DD6E010800000000DD6E0108BB
:0865380000000000DD6E010807
:10654000000000000000000000000000000000004B
:10655000000000000000000000000000000000003B
:10656000000000000000000000000000000000002B
:10657000000000000000000000000000000000001B
:10658000000000000000000000000000000000000B
:1065900000000000000000000000000000000000FB
:1065A00000000000000000000000000000000000EB
:1065B00000000000000000000000000000000000DB
:1065C00000000000000000000000000000000000CB
:1065D00000000000000000000000000000000000BB
:1065E00000000000000000000000000000000000AB
:1065F000000000000000000000000000000000009B
:10660000000000000000000000000000000000008A
:10661000000000000000000000000000000000007A
:10662000000000000000000000000000000000006A
:10663000000000000000000000000000000000005A
:10664000000000000000000000000000000000004A
:10665000000000000000000000000000000000003A
:10666000000000000000000000000000000000002A
:10667000000000000000000000000000000000001A
:10668000000000000000000000000000000000000A
:1066900000000000000000000000000000000000FA
:1066A00000000000000000000000000000000000EA
:1066B00000000000000000000000000000000000DA
:1066C00000000000000000000000000000000000CA
:1066D00000000000000000000000000000000000BA
:1066E00000000000000000000000000000000000AA
:1066F000000000000000000000000000000000009A
:106700000000000000000000000000000000000089
:106710000000000000000000000000000000000079
:106720000000000000000000000000000000000069
:106730000000000000000000000000000000000059
:106740000000000000000000000000000000000049
:106750000000000000000000000000000000000039
:106760000000000000000000000000000000000029
:106770000000000000000000000000000000000019
:106780000000000000000000000000000000000009
:1067900000000000000000000000000000000000F9
:1067A00000000000000000000000000000000000E9
:1067B00000000000000000000000000000000000D9
:1067C00000000000000000000000000000000000C9
:1067D00000000000000000000000000000000000B9
:1067E00000000000000000000000000000000000A9
:1067F0000000000000000000000000000000000099
:106800000000000000000000000000000000000088
:106810000000000000000000000000000000000078
:106820000000000000000000000000000000000068
:106830000000000000000000000000000000000058
:106840000000000000000000000000000000000048
:106850000000000000000000000000000000000038
:106860000000000000000000000000000000000028
:106870000000000000000000000000000000000018
:106880000000000000000000000000000000000008
:1068900000000000000000000000000000000000F8
:1068A00000000000000000000000000000000000E8
:1068B00000000000000000000000000000000000D8
:1068C00000000000000000000000000000000000C8
:1068D00000000000000000000000000000000000B8
:1068E00000000000000000000000000000000000A8
:1068F0000000000000000000000000000000000098
:106900000000000000000000000000000000000087
:106910000000000000000000000000000000000077
:106920000000000000000000000000000000000067
:106930000000000000000000000000000000000057
:106940000000000000000000000000000000000047
:106950000000000000000000000000000000000037
:106960000000000000000000000000000000000027
:106970000000000000000000000000000000000017
:106980000000000000000000000000000000000007
:1069900000000000000000000000000000000000F7
:1069A00000000000000000000000000000000000E7
:1069B00000000000000000000000000000000000D7
:1069C00000000000000000000000000000000000C7
:1069D00000000000000000000000000000000000B7
:1069E00000000000000000000000000000000000A7
:1069F0000000000000000000000000000000000097
:106A00000000000000000000000000000000000086
:106A10000000000000000000000000000000000076
:106A20000000000000000000000000000000000066
:106A30000000000000000000000000000000000056
:106A40000000000000000000000000000000000046
:106A50000000000000000000000000000000000036
:106A60000000000000000000000000000000000026
:106A70000000000000000000000000000000000016
:106A80000000000000000000000000000000000006
:106A900000000000000000000000000000000000F6
:106AA00000000000000000000000000000000000E6
:106AB00000000000000000000000000000000000D6
:106AC00000000000000000000000000000000000C6
:106AD00000000000000000000000000000000000B6
:106AE00000000000000000000000000000000000A6
:106AF0000000000000000000000000000000000096
:106B00000000000000000000000000000000000085
:106B10000000000000000000000000000000000075
:106B20000000000000000000000000000000000065
:106B30000000000000000000000000000000000055
:106B40000000000000000000000000000000000045
:106B50000000000000000000000000000000000035
:106B60000000000000000000000000000000000025
:106B70000000000000000000000000000000000015
:106B80000000000000000000000000000000000005
:106B900000000000000000000000000000000000F5
:106BA00000000000000000000000000000000000E5
:106BB00000000000000000000000000000000000D5
:106BC00000000000000000000000000000000000C5
:106BD00000000000000000000000000000000000B5
:106BE00000000000000000000000000000000000A5
:106BF0000000000000000000000000000000000095
:106C00000000000000000000000000000000000084
:106C10000000000000000000000000000000000074
:106C20000000000000000000000000000000000064
:106C30000000000000000000000000000000000054
:106C40000000000000000000000000000000000044
:106C50000000000000000000000000000000000034
:106C60000000000000000000000000000000000024
:106C70000000000000000000000000000000000014
:106C80000000000000000000000000000000000004
:106C900000000000000000000000000000000000F4
:106CA00000000000000000000000000000000000E4
:106CB00000000000000000000000000000000000D4
:106CC00000000000000000000000000000000000C4
:106CD00000000000000000000000000000000000B4
:106CE00000000000000000000000000000000000A4
:106CF0000000000000000000000000000000000094
:106D00000000000000000000000000000000000083
:106D10000000000000000000000000000000000073
:106D20000000000000000000000000000000000063
:106D30000000000000000000000000000000000053
:106D40000000000000000000000000000000000043
:106D50000000000000000000000000000000000033
:106D60000000000000000000000000000000000023
:106D70000000000000000000000000000000000013
:106D80000000000000000000000000000000000003
:106D900000000000000000000000000000000000F3
:106DA00000000000000000000000000000000000E3
:106DB00000000000000000000000000000000000D3
:106DC00000000000000000000000000000000000C3
:106DD00000000000000000000000000000000000B3
:106DE00000000000000000000000000000000000A3
:106DF0000000000000000000000000000000000093
:106E00000000000000000000000000000000000082
:106E10000000000000000000000000000000000072
:106E20000000000000000000000000000000000062
:106E30000000000000000000000000000000000052
:106E40000000000000000000000000000000000042
:106E50000000000000000000000000000000000032
:106E60000000000000000000000000000000000022
:106E70000000000000000000000000000000000012
:106E80000000000000000000000000000000000002
:106E900000000000000000000000000000000000F2
:106EA00000000000000000000000000000000000E2
:106EB00000000000000000000000000000000000D2
:106EC00000000000000000000000000000000000C2
:106ED00000000000000000000000000000000000B2
:106EE00000000000000000000000000000000000A2
:106EF0000000000000000000000000000000000092
:046F0000000000008D
:106F0400000000000000000000000000000000007D
:106F1400000000000000000000000000000000006D
:106F2400000000000000000000000000000000005D
:106F3400000000000000000000000000000000004D
:086F4400000000000000000045
:046F4C000000000041
:106F50000000000068B00220008000000000000077
:106F600000000000000000000000000008200020D9
:106F7000000002000000000000000000000000000F
:106F800070110020701100200000000000000000BF
:046F90000E000000EF
:106F9400841100208411002000000000E838032040
:0C6FA400E8380320103903200000000032
:046FB00015E015E0F3
:04000005080075D1A9
:00000001FF
